ticker,date,close,source
QQQ,2022-01-03,401.680000,robinhood_equity_day
QQQ,2022-01-04,396.470000,robinhood_equity_day
QQQ,2022-01-05,384.290000,robinhood_equity_day
QQQ,2022-01-06,384.020000,robinhood_equity_day
QQQ,2022-01-07,379.860000,robinhood_equity_day
QQQ,2022-01-10,380.110000,robinhood_equity_day
QQQ,2022-01-11,385.820000,robinhood_equity_day
QQQ,2022-01-12,387.350000,robinhood_equity_day
QQQ,2022-01-13,377.660000,robinhood_equity_day
QQQ,2022-01-14,380.010000,robinhood_equity_day
QQQ,2022-01-18,370.550000,robinhood_equity_day
QQQ,2022-01-19,366.480000,robinhood_equity_day
QQQ,2022-01-20,361.720000,robinhood_equity_day
QQQ,2022-01-21,351.690000,robinhood_equity_day
QQQ,2022-01-24,353.300000,robinhood_equity_day
QQQ,2022-01-25,345.110000,robinhood_equity_day
QQQ,2022-01-26,344.570000,robinhood_equity_day
QQQ,2022-01-27,341.100000,robinhood_equity_day
QQQ,2022-01-28,351.800000,robinhood_equity_day
QQQ,2022-01-31,363.050000,robinhood_equity_day
QQQ,2022-02-01,365.520000,robinhood_equity_day
QQQ,2022-02-02,368.490000,robinhood_equity_day
QQQ,2022-02-03,353.550000,robinhood_equity_day
QQQ,2022-02-04,358.010000,robinhood_equity_day
QQQ,2022-02-07,355.130000,robinhood_equity_day
QQQ,2022-02-08,359.120000,robinhood_equity_day
QQQ,2022-02-09,366.730000,robinhood_equity_day
QQQ,2022-02-10,358.430000,robinhood_equity_day
QQQ,2022-02-11,347.060000,robinhood_equity_day
QQQ,2022-02-14,347.490000,robinhood_equity_day
QQQ,2022-02-15,356.130000,robinhood_equity_day
QQQ,2022-02-16,356.040000,robinhood_equity_day
QQQ,2022-02-17,345.450000,robinhood_equity_day
QQQ,2022-02-18,341.510000,robinhood_equity_day
QQQ,2022-02-22,338.080000,robinhood_equity_day
QQQ,2022-02-23,329.420000,robinhood_equity_day
QQQ,2022-02-24,340.490000,robinhood_equity_day
QQQ,2022-02-25,345.770000,robinhood_equity_day
QQQ,2022-02-28,346.800000,robinhood_equity_day
QQQ,2022-03-01,341.490000,robinhood_equity_day
QQQ,2022-03-02,347.220000,robinhood_equity_day
QQQ,2022-03-03,342.260000,robinhood_equity_day
QQQ,2022-03-04,337.300000,robinhood_equity_day
QQQ,2022-03-07,324.860000,robinhood_equity_day
QQQ,2022-03-08,323.350000,robinhood_equity_day
QQQ,2022-03-09,334.990000,robinhood_equity_day
QQQ,2022-03-10,331.270000,robinhood_equity_day
QQQ,2022-03-11,324.400000,robinhood_equity_day
QQQ,2022-03-14,318.170000,robinhood_equity_day
QQQ,2022-03-15,328.150000,robinhood_equity_day
QQQ,2022-03-16,340.320000,robinhood_equity_day
QQQ,2022-03-17,344.440000,robinhood_equity_day
QQQ,2022-03-18,351.490000,robinhood_equity_day
QQQ,2022-03-21,350.080000,robinhood_equity_day
QQQ,2022-03-22,356.960000,robinhood_equity_day
QQQ,2022-03-23,351.830000,robinhood_equity_day
QQQ,2022-03-24,359.650000,robinhood_equity_day
QQQ,2022-03-25,359.350000,robinhood_equity_day
QQQ,2022-03-28,364.910000,robinhood_equity_day
QQQ,2022-03-29,371.190000,robinhood_equity_day
QQQ,2022-03-30,367.090000,robinhood_equity_day
QQQ,2022-03-31,362.540000,robinhood_equity_day
QQQ,2022-04-01,361.850000,robinhood_equity_day
QQQ,2022-04-04,369.300000,robinhood_equity_day
QQQ,2022-04-05,361.100000,robinhood_equity_day
QQQ,2022-04-06,353.260000,robinhood_equity_day
QQQ,2022-04-07,354.100000,robinhood_equity_day
QQQ,2022-04-08,349.150000,robinhood_equity_day
QQQ,2022-04-11,340.890000,robinhood_equity_day
QQQ,2022-04-12,339.450000,robinhood_equity_day
QQQ,2022-04-13,346.350000,robinhood_equity_day
QQQ,2022-04-14,338.430000,robinhood_equity_day
QQQ,2022-04-18,338.690000,robinhood_equity_day
QQQ,2022-04-19,346.260000,robinhood_equity_day
QQQ,2022-04-20,341.210000,robinhood_equity_day
QQQ,2022-04-21,334.150000,robinhood_equity_day
QQQ,2022-04-22,325.400000,robinhood_equity_day
QQQ,2022-04-25,329.580000,robinhood_equity_day
QQQ,2022-04-26,317.140000,robinhood_equity_day
QQQ,2022-04-27,316.760000,robinhood_equity_day
QQQ,2022-04-28,328.010000,robinhood_equity_day
QQQ,2022-04-29,313.250000,robinhood_equity_day
QQQ,2022-05-02,318.480000,robinhood_equity_day
QQQ,2022-05-03,318.820000,robinhood_equity_day
QQQ,2022-05-04,329.600000,robinhood_equity_day
QQQ,2022-05-05,313.000000,robinhood_equity_day
QQQ,2022-05-06,309.250000,robinhood_equity_day
QQQ,2022-05-09,297.150000,robinhood_equity_day
QQQ,2022-05-10,300.760000,robinhood_equity_day
QQQ,2022-05-11,291.840000,robinhood_equity_day
QQQ,2022-05-12,291.150000,robinhood_equity_day
QQQ,2022-05-13,301.940000,robinhood_equity_day
QQQ,2022-05-16,298.440000,robinhood_equity_day
QQQ,2022-05-17,306.170000,robinhood_equity_day
QQQ,2022-05-18,291.140000,robinhood_equity_day
QQQ,2022-05-19,289.580000,robinhood_equity_day
QQQ,2022-05-20,288.680000,robinhood_equity_day
QQQ,2022-05-23,293.480000,robinhood_equity_day
QQQ,2022-05-24,287.240000,robinhood_equity_day
QQQ,2022-05-25,291.260000,robinhood_equity_day
QQQ,2022-05-26,299.330000,robinhood_equity_day
QQQ,2022-05-27,309.100000,robinhood_equity_day
QQQ,2022-05-31,308.280000,robinhood_equity_day
QQQ,2022-06-01,306.000000,robinhood_equity_day
QQQ,2022-06-02,314.380000,robinhood_equity_day
QQQ,2022-06-03,306.200000,robinhood_equity_day
QQQ,2022-06-06,307.220000,robinhood_equity_day
QQQ,2022-06-07,309.870000,robinhood_equity_day
QQQ,2022-06-08,307.640000,robinhood_equity_day
QQQ,2022-06-09,299.400000,robinhood_equity_day
QQQ,2022-06-10,288.840000,robinhood_equity_day
QQQ,2022-06-13,275.410000,robinhood_equity_day
QQQ,2022-06-14,275.910000,robinhood_equity_day
QQQ,2022-06-15,282.800000,robinhood_equity_day
QQQ,2022-06-16,271.390000,robinhood_equity_day
QQQ,2022-06-17,274.690000,robinhood_equity_day
QQQ,2022-06-21,281.080000,robinhood_equity_day
QQQ,2022-06-22,280.670000,robinhood_equity_day
QQQ,2022-06-23,284.850000,robinhood_equity_day
QQQ,2022-06-24,294.610000,robinhood_equity_day
QQQ,2022-06-27,292.450000,robinhood_equity_day
QQQ,2022-06-28,283.540000,robinhood_equity_day
QQQ,2022-06-29,283.800000,robinhood_equity_day
QQQ,2022-06-30,280.280000,robinhood_equity_day
QQQ,2022-07-01,282.130000,robinhood_equity_day
QQQ,2022-07-05,286.960000,robinhood_equity_day
QQQ,2022-07-06,288.800000,robinhood_equity_day
QQQ,2022-07-07,294.980000,robinhood_equity_day
QQQ,2022-07-08,295.350000,robinhood_equity_day
QQQ,2022-07-11,289.040000,robinhood_equity_day
QQQ,2022-07-12,286.240000,robinhood_equity_day
QQQ,2022-07-13,285.650000,robinhood_equity_day
QQQ,2022-07-14,286.670000,robinhood_equity_day
QQQ,2022-07-15,291.870000,robinhood_equity_day
QQQ,2022-07-18,289.400000,robinhood_equity_day
QQQ,2022-07-19,298.300000,robinhood_equity_day
QQQ,2022-07-20,303.030000,robinhood_equity_day
QQQ,2022-07-21,307.380000,robinhood_equity_day
QQQ,2022-07-22,301.990000,robinhood_equity_day
QQQ,2022-07-25,300.270000,robinhood_equity_day
QQQ,2022-07-26,294.370000,robinhood_equity_day
QQQ,2022-07-27,306.810000,robinhood_equity_day
QQQ,2022-07-28,309.810000,robinhood_equity_day
QQQ,2022-07-29,315.460000,robinhood_equity_day
QQQ,2022-08-01,315.270000,robinhood_equity_day
QQQ,2022-08-02,314.330000,robinhood_equity_day
QQQ,2022-08-03,322.890000,robinhood_equity_day
QQQ,2022-08-04,324.400000,robinhood_equity_day
QQQ,2022-08-05,321.750000,robinhood_equity_day
QQQ,2022-08-08,320.710000,robinhood_equity_day
QQQ,2022-08-09,317.080000,robinhood_equity_day
QQQ,2022-08-10,325.930000,robinhood_equity_day
QQQ,2022-08-11,324.080000,robinhood_equity_day
QQQ,2022-08-12,330.390000,robinhood_equity_day
QQQ,2022-08-15,333.060000,robinhood_equity_day
QQQ,2022-08-16,332.280000,robinhood_equity_day
QQQ,2022-08-17,328.490000,robinhood_equity_day
QQQ,2022-08-18,329.280000,robinhood_equity_day
QQQ,2022-08-19,322.860000,robinhood_equity_day
QQQ,2022-08-22,314.360000,robinhood_equity_day
QQQ,2022-08-23,314.100000,robinhood_equity_day
QQQ,2022-08-24,315.010000,robinhood_equity_day
QQQ,2022-08-25,320.580000,robinhood_equity_day
QQQ,2022-08-26,307.440000,robinhood_equity_day
QQQ,2022-08-29,304.410000,robinhood_equity_day
QQQ,2022-08-30,301.020000,robinhood_equity_day
QQQ,2022-08-31,299.270000,robinhood_equity_day
QQQ,2022-09-01,299.400000,robinhood_equity_day
QQQ,2022-09-02,295.170000,robinhood_equity_day
QQQ,2022-09-06,293.050000,robinhood_equity_day
QQQ,2022-09-07,298.970000,robinhood_equity_day
QQQ,2022-09-08,300.520000,robinhood_equity_day
QQQ,2022-09-09,307.090000,robinhood_equity_day
QQQ,2022-09-12,310.740000,robinhood_equity_day
QQQ,2022-09-13,293.700000,robinhood_equity_day
QQQ,2022-09-14,296.030000,robinhood_equity_day
QQQ,2022-09-15,291.100000,robinhood_equity_day
QQQ,2022-09-16,289.320000,robinhood_equity_day
QQQ,2022-09-19,291.050000,robinhood_equity_day
QQQ,2022-09-20,288.730000,robinhood_equity_day
QQQ,2022-09-21,283.560000,robinhood_equity_day
QQQ,2022-09-22,280.070000,robinhood_equity_day
QQQ,2022-09-23,275.510000,robinhood_equity_day
QQQ,2022-09-26,274.370000,robinhood_equity_day
QQQ,2022-09-27,274.480000,robinhood_equity_day
QQQ,2022-09-28,279.940000,robinhood_equity_day
QQQ,2022-09-29,271.870000,robinhood_equity_day
QQQ,2022-09-30,267.260000,robinhood_equity_day
QQQ,2022-10-03,273.530000,robinhood_equity_day
QQQ,2022-10-04,282.130000,robinhood_equity_day
QQQ,2022-10-05,281.980000,robinhood_equity_day
QQQ,2022-10-06,279.760000,robinhood_equity_day
QQQ,2022-10-07,269.100000,robinhood_equity_day
QQQ,2022-10-10,266.410000,robinhood_equity_day
QQQ,2022-10-11,262.750000,robinhood_equity_day
QQQ,2022-10-12,262.660000,robinhood_equity_day
QQQ,2022-10-13,268.820000,robinhood_equity_day
QQQ,2022-10-14,260.740000,robinhood_equity_day
QQQ,2022-10-17,269.350000,robinhood_equity_day
QQQ,2022-10-18,271.480000,robinhood_equity_day
QQQ,2022-10-19,270.490000,robinhood_equity_day
QQQ,2022-10-20,269.110000,robinhood_equity_day
QQQ,2022-10-21,275.420000,robinhood_equity_day
QQQ,2022-10-24,278.450000,robinhood_equity_day
QQQ,2022-10-25,284.210000,robinhood_equity_day
QQQ,2022-10-26,277.930000,robinhood_equity_day
QQQ,2022-10-27,272.870000,robinhood_equity_day
QQQ,2022-10-28,281.220000,robinhood_equity_day
QQQ,2022-10-31,277.950000,robinhood_equity_day
QQQ,2022-11-01,275.110000,robinhood_equity_day
QQQ,2022-11-02,265.680000,robinhood_equity_day
QQQ,2022-11-03,260.490000,robinhood_equity_day
QQQ,2022-11-04,264.680000,robinhood_equity_day
QQQ,2022-11-07,267.590000,robinhood_equity_day
QQQ,2022-11-08,269.540000,robinhood_equity_day
QQQ,2022-11-09,263.320000,robinhood_equity_day
QQQ,2022-11-10,282.750000,robinhood_equity_day
QQQ,2022-11-11,287.960000,robinhood_equity_day
QQQ,2022-11-14,285.440000,robinhood_equity_day
QQQ,2022-11-15,289.390000,robinhood_equity_day
QQQ,2022-11-16,285.440000,robinhood_equity_day
QQQ,2022-11-17,284.810000,robinhood_equity_day
QQQ,2022-11-18,284.820000,robinhood_equity_day
QQQ,2022-11-21,281.890000,robinhood_equity_day
QQQ,2022-11-22,285.950000,robinhood_equity_day
QQQ,2022-11-23,288.820000,robinhood_equity_day
QQQ,2022-11-25,286.920000,robinhood_equity_day
QQQ,2022-11-28,282.710000,robinhood_equity_day
QQQ,2022-11-29,280.570000,robinhood_equity_day
QQQ,2022-11-30,293.360000,robinhood_equity_day
QQQ,2022-12-01,293.720000,robinhood_equity_day
QQQ,2022-12-02,292.550000,robinhood_equity_day
QQQ,2022-12-05,287.640000,robinhood_equity_day
QQQ,2022-12-06,281.680000,robinhood_equity_day
QQQ,2022-12-07,280.530000,robinhood_equity_day
QQQ,2022-12-08,283.850000,robinhood_equity_day
QQQ,2022-12-09,282.040000,robinhood_equity_day
QQQ,2022-12-12,285.580000,robinhood_equity_day
QQQ,2022-12-13,288.650000,robinhood_equity_day
QQQ,2022-12-14,286.510000,robinhood_equity_day
QQQ,2022-12-15,276.890000,robinhood_equity_day
QQQ,2022-12-16,274.250000,robinhood_equity_day
QQQ,2022-12-19,269.750000,robinhood_equity_day
QQQ,2022-12-20,269.540000,robinhood_equity_day
QQQ,2022-12-21,273.450000,robinhood_equity_day
QQQ,2022-12-22,266.760000,robinhood_equity_day
QQQ,2022-12-23,267.360000,robinhood_equity_day
QQQ,2022-12-27,263.580000,robinhood_equity_day
QQQ,2022-12-28,260.100000,robinhood_equity_day
QQQ,2022-12-29,266.440000,robinhood_equity_day
QQQ,2022-12-30,266.280000,robinhood_equity_day
QQQ,2023-01-03,264.480000,robinhood_equity_day
QQQ,2023-01-04,265.740000,robinhood_equity_day
QQQ,2023-01-05,261.580000,robinhood_equity_day
QQQ,2023-01-06,268.800000,robinhood_equity_day
QQQ,2023-01-09,270.540000,robinhood_equity_day
QQQ,2023-01-10,272.830000,robinhood_equity_day
QQQ,2023-01-11,277.550000,robinhood_equity_day
QQQ,2023-01-12,279.050000,robinhood_equity_day
QQQ,2023-01-13,280.970000,robinhood_equity_day
QQQ,2023-01-17,281.540000,robinhood_equity_day
QQQ,2023-01-18,277.880000,robinhood_equity_day
QQQ,2023-01-19,275.150000,robinhood_equity_day
QQQ,2023-01-20,282.680000,robinhood_equity_day
QQQ,2023-01-23,288.960000,robinhood_equity_day
QQQ,2023-01-24,288.370000,robinhood_equity_day
QQQ,2023-01-25,287.730000,robinhood_equity_day
QQQ,2023-01-26,293.340000,robinhood_equity_day
QQQ,2023-01-27,296.260000,robinhood_equity_day
QQQ,2023-01-30,290.270000,robinhood_equity_day
QQQ,2023-01-31,294.620000,robinhood_equity_day
QQQ,2023-02-01,300.920000,robinhood_equity_day
QQQ,2023-02-02,311.720000,robinhood_equity_day
QQQ,2023-02-03,306.180000,robinhood_equity_day
QQQ,2023-02-06,303.590000,robinhood_equity_day
QQQ,2023-02-07,309.880000,robinhood_equity_day
QQQ,2023-02-08,304.370000,robinhood_equity_day
QQQ,2023-02-09,301.680000,robinhood_equity_day
QQQ,2023-02-10,299.700000,robinhood_equity_day
QQQ,2023-02-13,304.500000,robinhood_equity_day
QQQ,2023-02-14,306.750000,robinhood_equity_day
QQQ,2023-02-15,309.100000,robinhood_equity_day
QQQ,2023-02-16,303.300000,robinhood_equity_day
QQQ,2023-02-17,301.160000,robinhood_equity_day
QQQ,2023-02-21,294.030000,robinhood_equity_day
QQQ,2023-02-22,294.250000,robinhood_equity_day
QQQ,2023-02-23,296.820000,robinhood_equity_day
QQQ,2023-02-24,291.850000,robinhood_equity_day
QQQ,2023-02-27,293.940000,robinhood_equity_day
QQQ,2023-02-28,293.560000,robinhood_equity_day
QQQ,2023-03-01,291.200000,robinhood_equity_day
QQQ,2023-03-02,293.610000,robinhood_equity_day
QQQ,2023-03-03,299.680000,robinhood_equity_day
QQQ,2023-03-06,300.020000,robinhood_equity_day
QQQ,2023-03-07,296.340000,robinhood_equity_day
QQQ,2023-03-08,297.820000,robinhood_equity_day
QQQ,2023-03-09,292.660000,robinhood_equity_day
QQQ,2023-03-10,288.550000,robinhood_equity_day
QQQ,2023-03-13,290.690000,robinhood_equity_day
QQQ,2023-03-14,297.370000,robinhood_equity_day
QQQ,2023-03-15,298.930000,robinhood_equity_day
QQQ,2023-03-16,306.810000,robinhood_equity_day
QQQ,2023-03-17,305.360000,robinhood_equity_day
QQQ,2023-03-20,305.970000,robinhood_equity_day
QQQ,2023-03-21,310.340000,robinhood_equity_day
QQQ,2023-03-22,306.120000,robinhood_equity_day
QQQ,2023-03-23,309.750000,robinhood_equity_day
QQQ,2023-03-24,310.890000,robinhood_equity_day
QQQ,2023-03-27,308.760000,robinhood_equity_day
QQQ,2023-03-28,307.120000,robinhood_equity_day
QQQ,2023-03-29,312.720000,robinhood_equity_day
QQQ,2023-03-30,315.680000,robinhood_equity_day
QQQ,2023-03-31,320.930000,robinhood_equity_day
QQQ,2023-04-03,320.150000,robinhood_equity_day
QQQ,2023-04-04,319.070000,robinhood_equity_day
QQQ,2023-04-05,315.920000,robinhood_equity_day
QQQ,2023-04-06,318.050000,robinhood_equity_day
QQQ,2023-04-10,317.870000,robinhood_equity_day
QQQ,2023-04-11,315.830000,robinhood_equity_day
QQQ,2023-04-12,313.040000,robinhood_equity_day
QQQ,2023-04-13,319.170000,robinhood_equity_day
QQQ,2023-04-14,318.570000,robinhood_equity_day
QQQ,2023-04-17,318.840000,robinhood_equity_day
QQQ,2023-04-18,318.860000,robinhood_equity_day
QQQ,2023-04-19,318.710000,robinhood_equity_day
QQQ,2023-04-20,316.280000,robinhood_equity_day
QQQ,2023-04-21,316.610000,robinhood_equity_day
QQQ,2023-04-24,315.950000,robinhood_equity_day
QQQ,2023-04-25,309.990000,robinhood_equity_day
QQQ,2023-04-26,311.870000,robinhood_equity_day
QQQ,2023-04-27,320.350000,robinhood_equity_day
QQQ,2023-04-28,322.560000,robinhood_equity_day
QQQ,2023-05-01,322.190000,robinhood_equity_day
QQQ,2023-05-02,319.380000,robinhood_equity_day
QQQ,2023-05-03,317.290000,robinhood_equity_day
QQQ,2023-05-04,316.170000,robinhood_equity_day
QQQ,2023-05-05,322.890000,robinhood_equity_day
QQQ,2023-05-08,323.690000,robinhood_equity_day
QQQ,2023-05-09,321.640000,robinhood_equity_day
QQQ,2023-05-10,325.140000,robinhood_equity_day
QQQ,2023-05-11,326.200000,robinhood_equity_day
QQQ,2023-05-12,325.030000,robinhood_equity_day
QQQ,2023-05-15,326.790000,robinhood_equity_day
QQQ,2023-05-16,327.160000,robinhood_equity_day
QQQ,2023-05-17,331.120000,robinhood_equity_day
QQQ,2023-05-18,337.270000,robinhood_equity_day
QQQ,2023-05-19,336.510000,robinhood_equity_day
QQQ,2023-05-22,337.640000,robinhood_equity_day
QQQ,2023-05-23,333.360000,robinhood_equity_day
QQQ,2023-05-24,331.650000,robinhood_equity_day
QQQ,2023-05-25,339.720000,robinhood_equity_day
QQQ,2023-05-26,348.400000,robinhood_equity_day
QQQ,2023-05-30,349.980000,robinhood_equity_day
QQQ,2023-05-31,347.990000,robinhood_equity_day
QQQ,2023-06-01,352.010000,robinhood_equity_day
QQQ,2023-06-02,354.650000,robinhood_equity_day
QQQ,2023-06-05,354.900000,robinhood_equity_day
QQQ,2023-06-06,354.840000,robinhood_equity_day
QQQ,2023-06-07,348.820000,robinhood_equity_day
QQQ,2023-06-08,353.150000,robinhood_equity_day
QQQ,2023-06-09,354.500000,robinhood_equity_day
QQQ,2023-06-12,360.490000,robinhood_equity_day
QQQ,2023-06-13,363.260000,robinhood_equity_day
QQQ,2023-06-14,365.900000,robinhood_equity_day
QQQ,2023-06-15,370.260000,robinhood_equity_day
QQQ,2023-06-16,367.930000,robinhood_equity_day
QQQ,2023-06-20,366.900000,robinhood_equity_day
QQQ,2023-06-21,361.900000,robinhood_equity_day
QQQ,2023-06-22,366.170000,robinhood_equity_day
QQQ,2023-06-23,362.540000,robinhood_equity_day
QQQ,2023-06-26,357.680000,robinhood_equity_day
QQQ,2023-06-27,363.830000,robinhood_equity_day
QQQ,2023-06-28,364.540000,robinhood_equity_day
QQQ,2023-06-29,363.810000,robinhood_equity_day
QQQ,2023-06-30,369.420000,robinhood_equity_day
QQQ,2023-07-03,370.290000,robinhood_equity_day
QQQ,2023-07-05,370.280000,robinhood_equity_day
QQQ,2023-07-06,367.460000,robinhood_equity_day
QQQ,2023-07-07,366.240000,robinhood_equity_day
QQQ,2023-07-10,366.360000,robinhood_equity_day
QQQ,2023-07-11,368.170000,robinhood_equity_day
QQQ,2023-07-12,372.820000,robinhood_equity_day
QQQ,2023-07-13,379.150000,robinhood_equity_day
QQQ,2023-07-14,379.070000,robinhood_equity_day
QQQ,2023-07-17,382.610000,robinhood_equity_day
QQQ,2023-07-18,385.740000,robinhood_equity_day
QQQ,2023-07-19,385.650000,robinhood_equity_day
QQQ,2023-07-20,376.760000,robinhood_equity_day
QQQ,2023-07-21,375.630000,robinhood_equity_day
QQQ,2023-07-24,376.230000,robinhood_equity_day
QQQ,2023-07-25,378.780000,robinhood_equity_day
QQQ,2023-07-26,377.520000,robinhood_equity_day
QQQ,2023-07-27,376.620000,robinhood_equity_day
QQQ,2023-07-28,383.480000,robinhood_equity_day
QQQ,2023-07-31,383.680000,robinhood_equity_day
QQQ,2023-08-01,382.790000,robinhood_equity_day
QQQ,2023-08-02,374.390000,robinhood_equity_day
QQQ,2023-08-03,373.790000,robinhood_equity_day
QQQ,2023-08-04,372.040000,robinhood_equity_day
QQQ,2023-08-07,375.190000,robinhood_equity_day
QQQ,2023-08-08,372.000000,robinhood_equity_day
QQQ,2023-08-09,367.910000,robinhood_equity_day
QQQ,2023-08-10,368.590000,robinhood_equity_day
QQQ,2023-08-11,366.240000,robinhood_equity_day
QQQ,2023-08-14,370.350000,robinhood_equity_day
QQQ,2023-08-15,366.420000,robinhood_equity_day
QQQ,2023-08-16,362.540000,robinhood_equity_day
QQQ,2023-08-17,358.580000,robinhood_equity_day
QQQ,2023-08-18,358.130000,robinhood_equity_day
QQQ,2023-08-21,363.900000,robinhood_equity_day
QQQ,2023-08-22,363.380000,robinhood_equity_day
QQQ,2023-08-23,369.110000,robinhood_equity_day
QQQ,2023-08-24,361.220000,robinhood_equity_day
QQQ,2023-08-25,364.020000,robinhood_equity_day
QQQ,2023-08-28,366.760000,robinhood_equity_day
QQQ,2023-08-29,374.770000,robinhood_equity_day
QQQ,2023-08-30,376.860000,robinhood_equity_day
QQQ,2023-08-31,377.990000,robinhood_equity_day
QQQ,2023-09-01,377.590000,robinhood_equity_day
QQQ,2023-09-05,378.070000,robinhood_equity_day
QQQ,2023-09-06,374.740000,robinhood_equity_day
QQQ,2023-09-07,372.060000,robinhood_equity_day
QQQ,2023-09-08,372.580000,robinhood_equity_day
QQQ,2023-09-11,376.970000,robinhood_equity_day
QQQ,2023-09-12,372.790000,robinhood_equity_day
QQQ,2023-09-13,374.210000,robinhood_equity_day
QQQ,2023-09-14,377.270000,robinhood_equity_day
QQQ,2023-09-15,370.810000,robinhood_equity_day
QQQ,2023-09-18,370.660000,robinhood_equity_day
QQQ,2023-09-19,369.870000,robinhood_equity_day
QQQ,2023-09-20,364.540000,robinhood_equity_day
QQQ,2023-09-21,357.860000,robinhood_equity_day
QQQ,2023-09-22,357.910000,robinhood_equity_day
QQQ,2023-09-25,359.610000,robinhood_equity_day
QQQ,2023-09-26,354.210000,robinhood_equity_day
QQQ,2023-09-27,355.040000,robinhood_equity_day
QQQ,2023-09-28,358.010000,robinhood_equity_day
QQQ,2023-09-29,358.270000,robinhood_equity_day
QQQ,2023-10-02,361.260000,robinhood_equity_day
QQQ,2023-10-03,354.920000,robinhood_equity_day
QQQ,2023-10-04,359.750000,robinhood_equity_day
QQQ,2023-10-05,358.690000,robinhood_equity_day
QQQ,2023-10-06,364.700000,robinhood_equity_day
QQQ,2023-10-09,366.560000,robinhood_equity_day
QQQ,2023-10-10,368.590000,robinhood_equity_day
QQQ,2023-10-11,371.220000,robinhood_equity_day
QQQ,2023-10-12,369.930000,robinhood_equity_day
QQQ,2023-10-13,365.280000,robinhood_equity_day
QQQ,2023-10-16,369.410000,robinhood_equity_day
QQQ,2023-10-17,368.200000,robinhood_equity_day
QQQ,2023-10-18,363.370000,robinhood_equity_day
QQQ,2023-10-19,359.970000,robinhood_equity_day
QQQ,2023-10-20,354.600000,robinhood_equity_day
QQQ,2023-10-23,355.670000,robinhood_equity_day
QQQ,2023-10-24,359.130000,robinhood_equity_day
QQQ,2023-10-25,350.340000,robinhood_equity_day
QQQ,2023-10-26,343.660000,robinhood_equity_day
QQQ,2023-10-27,345.310000,robinhood_equity_day
QQQ,2023-10-30,349.200000,robinhood_equity_day
QQQ,2023-10-31,350.870000,robinhood_equity_day
QQQ,2023-11-01,356.960000,robinhood_equity_day
QQQ,2023-11-02,363.440000,robinhood_equity_day
QQQ,2023-11-03,367.710000,robinhood_equity_day
QQQ,2023-11-06,369.210000,robinhood_equity_day
QQQ,2023-11-07,372.700000,robinhood_equity_day
QQQ,2023-11-08,372.940000,robinhood_equity_day
QQQ,2023-11-09,370.070000,robinhood_equity_day
QQQ,2023-11-10,378.390000,robinhood_equity_day
QQQ,2023-11-13,377.210000,robinhood_equity_day
QQQ,2023-11-14,385.330000,robinhood_equity_day
QQQ,2023-11-15,385.620000,robinhood_equity_day
QQQ,2023-11-16,385.950000,robinhood_equity_day
QQQ,2023-11-17,386.040000,robinhood_equity_day
QQQ,2023-11-20,390.740000,robinhood_equity_day
QQQ,2023-11-21,388.470000,robinhood_equity_day
QQQ,2023-11-22,390.060000,robinhood_equity_day
QQQ,2023-11-24,389.510000,robinhood_equity_day
QQQ,2023-11-27,389.170000,robinhood_equity_day
QQQ,2023-11-28,390.190000,robinhood_equity_day
QQQ,2023-11-29,389.810000,robinhood_equity_day
QQQ,2023-11-30,388.830000,robinhood_equity_day
QQQ,2023-12-01,389.940000,robinhood_equity_day
QQQ,2023-12-04,386.320000,robinhood_equity_day
QQQ,2023-12-05,387.290000,robinhood_equity_day
QQQ,2023-12-06,385.050000,robinhood_equity_day
QQQ,2023-12-07,390.430000,robinhood_equity_day
QQQ,2023-12-08,392.170000,robinhood_equity_day
QQQ,2023-12-11,395.520000,robinhood_equity_day
QQQ,2023-12-12,398.670000,robinhood_equity_day
QQQ,2023-12-13,403.740000,robinhood_equity_day
QQQ,2023-12-14,403.390000,robinhood_equity_day
QQQ,2023-12-15,405.340000,robinhood_equity_day
QQQ,2023-12-18,407.080000,robinhood_equity_day
QQQ,2023-12-19,409.160000,robinhood_equity_day
QQQ,2023-12-20,403.080000,robinhood_equity_day
QQQ,2023-12-21,407.770000,robinhood_equity_day
QQQ,2023-12-22,408.380000,robinhood_equity_day
QQQ,2023-12-26,410.880000,robinhood_equity_day
QQQ,2023-12-27,411.500000,robinhood_equity_day
QQQ,2023-12-28,411.300000,robinhood_equity_day
QQQ,2023-12-29,409.520000,robinhood_equity_day
QQQ,2024-01-02,402.590000,robinhood_equity_day
QQQ,2024-01-03,398.330000,robinhood_equity_day
QQQ,2024-01-04,396.280000,robinhood_equity_day
QQQ,2024-01-05,396.750000,robinhood_equity_day
QQQ,2024-01-08,404.950000,robinhood_equity_day
QQQ,2024-01-09,405.750000,robinhood_equity_day
QQQ,2024-01-10,408.500000,robinhood_equity_day
QQQ,2024-01-11,409.350000,robinhood_equity_day
QQQ,2024-01-12,409.560000,robinhood_equity_day
QQQ,2024-01-16,409.520000,robinhood_equity_day
QQQ,2024-01-17,407.210000,robinhood_equity_day
QQQ,2024-01-18,412.990000,robinhood_equity_day
QQQ,2024-01-19,421.180000,robinhood_equity_day
QQQ,2024-01-22,421.730000,robinhood_equity_day
QQQ,2024-01-23,423.480000,robinhood_equity_day
QQQ,2024-01-24,425.830000,robinhood_equity_day
QQQ,2024-01-25,426.350000,robinhood_equity_day
QQQ,2024-01-26,423.810000,robinhood_equity_day
QQQ,2024-01-29,428.150000,robinhood_equity_day
QQQ,2024-01-30,425.300000,robinhood_equity_day
QQQ,2024-01-31,416.970000,robinhood_equity_day
QQQ,2024-02-01,421.880000,robinhood_equity_day
QQQ,2024-02-02,429.010000,robinhood_equity_day
QQQ,2024-02-05,428.450000,robinhood_equity_day
QQQ,2024-02-06,427.590000,robinhood_equity_day
QQQ,2024-02-07,431.990000,robinhood_equity_day
QQQ,2024-02-08,432.790000,robinhood_equity_day
QQQ,2024-02-09,437.050000,robinhood_equity_day
QQQ,2024-02-12,435.340000,robinhood_equity_day
QQQ,2024-02-13,428.550000,robinhood_equity_day
QQQ,2024-02-14,433.220000,robinhood_equity_day
QQQ,2024-02-15,434.510000,robinhood_equity_day
QQQ,2024-02-16,430.570000,robinhood_equity_day
QQQ,2024-02-20,427.320000,robinhood_equity_day
QQQ,2024-02-21,425.610000,robinhood_equity_day
QQQ,2024-02-22,438.070000,robinhood_equity_day
QQQ,2024-02-23,436.780000,robinhood_equity_day
QQQ,2024-02-26,436.550000,robinhood_equity_day
QQQ,2024-02-27,437.600000,robinhood_equity_day
QQQ,2024-02-28,435.270000,robinhood_equity_day
QQQ,2024-02-29,439.000000,robinhood_equity_day
QQQ,2024-03-01,445.610000,robinhood_equity_day
QQQ,2024-03-04,444.020000,robinhood_equity_day
QQQ,2024-03-05,436.050000,robinhood_equity_day
QQQ,2024-03-06,438.790000,robinhood_equity_day
QQQ,2024-03-07,445.450000,robinhood_equity_day
QQQ,2024-03-08,439.020000,robinhood_equity_day
QQQ,2024-03-11,437.390000,robinhood_equity_day
QQQ,2024-03-12,443.660000,robinhood_equity_day
QQQ,2024-03-13,440.250000,robinhood_equity_day
QQQ,2024-03-14,439.180000,robinhood_equity_day
QQQ,2024-03-15,433.920000,robinhood_equity_day
QQQ,2024-03-18,437.480000,robinhood_equity_day
QQQ,2024-03-19,438.570000,robinhood_equity_day
QQQ,2024-03-20,443.770000,robinhood_equity_day
QQQ,2024-03-21,445.870000,robinhood_equity_day
QQQ,2024-03-22,446.380000,robinhood_equity_day
QQQ,2024-03-25,444.760000,robinhood_equity_day
QQQ,2024-03-26,443.320000,robinhood_equity_day
QQQ,2024-03-27,444.830000,robinhood_equity_day
QQQ,2024-03-28,444.010000,robinhood_equity_day
QQQ,2024-04-01,444.950000,robinhood_equity_day
QQQ,2024-04-02,441.110000,robinhood_equity_day
QQQ,2024-04-03,442.100000,robinhood_equity_day
QQQ,2024-04-04,435.340000,robinhood_equity_day
QQQ,2024-04-05,440.490000,robinhood_equity_day
QQQ,2024-04-08,440.600000,robinhood_equity_day
QQQ,2024-04-09,442.230000,robinhood_equity_day
QQQ,2024-04-10,438.370000,robinhood_equity_day
QQQ,2024-04-11,445.370000,robinhood_equity_day
QQQ,2024-04-12,438.270000,robinhood_equity_day
QQQ,2024-04-15,431.060000,robinhood_equity_day
QQQ,2024-04-16,431.100000,robinhood_equity_day
QQQ,2024-04-17,425.840000,robinhood_equity_day
QQQ,2024-04-18,423.400000,robinhood_equity_day
QQQ,2024-04-19,414.650000,robinhood_equity_day
QQQ,2024-04-22,418.820000,robinhood_equity_day
QQQ,2024-04-23,425.100000,robinhood_equity_day
QQQ,2024-04-24,426.510000,robinhood_equity_day
QQQ,2024-04-25,424.450000,robinhood_equity_day
QQQ,2024-04-26,431.000000,robinhood_equity_day
QQQ,2024-04-29,432.750000,robinhood_equity_day
QQQ,2024-04-30,424.590000,robinhood_equity_day
QQQ,2024-05-01,421.515000,robinhood_equity_day
QQQ,2024-05-02,426.900000,robinhood_equity_day
QQQ,2024-05-03,435.480000,robinhood_equity_day
QQQ,2024-05-06,440.250000,robinhood_equity_day
QQQ,2024-05-07,440.320000,robinhood_equity_day
QQQ,2024-05-08,440.060000,robinhood_equity_day
QQQ,2024-05-09,441.020000,robinhood_equity_day
QQQ,2024-05-10,442.060000,robinhood_equity_day
QQQ,2024-05-13,443.080000,robinhood_equity_day
QQQ,2024-05-14,445.930000,robinhood_equity_day
QQQ,2024-05-15,452.900000,robinhood_equity_day
QQQ,2024-05-16,451.980000,robinhood_equity_day
QQQ,2024-05-17,451.750000,robinhood_equity_day
QQQ,2024-05-20,454.910000,robinhood_equity_day
QQQ,2024-05-21,455.800000,robinhood_equity_day
QQQ,2024-05-22,455.710000,robinhood_equity_day
QQQ,2024-05-23,453.660000,robinhood_equity_day
QQQ,2024-05-24,457.950000,robinhood_equity_day
QQQ,2024-05-28,459.680000,robinhood_equity_day
QQQ,2024-05-29,456.440000,robinhood_equity_day
QQQ,2024-05-30,451.550000,robinhood_equity_day
QQQ,2024-05-31,451.530000,robinhood_equity_day
QQQ,2024-06-03,453.130000,robinhood_equity_day
QQQ,2024-06-04,454.370000,robinhood_equity_day
QQQ,2024-06-05,463.530000,robinhood_equity_day
QQQ,2024-06-06,463.250000,robinhood_equity_day
QQQ,2024-06-07,462.960000,robinhood_equity_day
QQQ,2024-06-10,464.830000,robinhood_equity_day
QQQ,2024-06-11,468.020000,robinhood_equity_day
QQQ,2024-06-12,474.150000,robinhood_equity_day
QQQ,2024-06-13,476.720000,robinhood_equity_day
QQQ,2024-06-14,479.190000,robinhood_equity_day
QQQ,2024-06-17,485.060000,robinhood_equity_day
QQQ,2024-06-18,485.210000,robinhood_equity_day
QQQ,2024-06-20,481.470000,robinhood_equity_day
QQQ,2024-06-21,480.180000,robinhood_equity_day
QQQ,2024-06-24,473.960000,robinhood_equity_day
QQQ,2024-06-25,479.380000,robinhood_equity_day
QQQ,2024-06-26,480.370000,robinhood_equity_day
QQQ,2024-06-27,481.610000,robinhood_equity_day
QQQ,2024-06-28,479.110000,robinhood_equity_day
QQQ,2024-07-01,481.920000,robinhood_equity_day
QQQ,2024-07-02,486.980000,robinhood_equity_day
QQQ,2024-07-03,491.040000,robinhood_equity_day
QQQ,2024-07-05,496.160000,robinhood_equity_day
QQQ,2024-07-08,497.340000,robinhood_equity_day
QQQ,2024-07-09,497.770000,robinhood_equity_day
QQQ,2024-07-10,502.960000,robinhood_equity_day
QQQ,2024-07-11,491.930000,robinhood_equity_day
QQQ,2024-07-12,494.890000,robinhood_equity_day
QQQ,2024-07-15,496.150000,robinhood_equity_day
QQQ,2024-07-16,496.340000,robinhood_equity_day
QQQ,2024-07-17,481.770000,robinhood_equity_day
QQQ,2024-07-18,479.490000,robinhood_equity_day
QQQ,2024-07-19,475.240000,robinhood_equity_day
QQQ,2024-07-22,482.320000,robinhood_equity_day
QQQ,2024-07-23,480.620000,robinhood_equity_day
QQQ,2024-07-24,463.380000,robinhood_equity_day
QQQ,2024-07-25,458.270000,robinhood_equity_day
QQQ,2024-07-26,462.970000,robinhood_equity_day
QQQ,2024-07-29,463.900000,robinhood_equity_day
QQQ,2024-07-30,457.530000,robinhood_equity_day
QQQ,2024-07-31,471.070000,robinhood_equity_day
QQQ,2024-08-01,459.660000,robinhood_equity_day
QQQ,2024-08-02,448.750000,robinhood_equity_day
QQQ,2024-08-05,435.370000,robinhood_equity_day
QQQ,2024-08-06,439.530000,robinhood_equity_day
QQQ,2024-08-07,434.770000,robinhood_equity_day
QQQ,2024-08-08,448.070000,robinhood_equity_day
QQQ,2024-08-09,450.410000,robinhood_equity_day
QQQ,2024-08-12,451.380000,robinhood_equity_day
QQQ,2024-08-13,462.580000,robinhood_equity_day
QQQ,2024-08-14,462.730000,robinhood_equity_day
QQQ,2024-08-15,474.420000,robinhood_equity_day
QQQ,2024-08-16,475.030000,robinhood_equity_day
QQQ,2024-08-19,481.270000,robinhood_equity_day
QQQ,2024-08-20,480.260000,robinhood_equity_day
QQQ,2024-08-21,482.500000,robinhood_equity_day
QQQ,2024-08-22,474.850000,robinhood_equity_day
QQQ,2024-08-23,480.000000,robinhood_equity_day
QQQ,2024-08-26,475.340000,robinhood_equity_day
QQQ,2024-08-27,476.760000,robinhood_equity_day
QQQ,2024-08-28,471.350000,robinhood_equity_day
QQQ,2024-08-29,470.660000,robinhood_equity_day
QQQ,2024-08-30,476.270000,robinhood_equity_day
QQQ,2024-09-03,461.810000,robinhood_equity_day
QQQ,2024-09-04,460.610000,robinhood_equity_day
QQQ,2024-09-05,461.040000,robinhood_equity_day
QQQ,2024-09-06,448.690000,robinhood_equity_day
QQQ,2024-09-09,454.460000,robinhood_equity_day
QQQ,2024-09-10,458.660000,robinhood_equity_day
QQQ,2024-09-11,468.620000,robinhood_equity_day
QQQ,2024-09-12,473.220000,robinhood_equity_day
QQQ,2024-09-13,475.340000,robinhood_equity_day
QQQ,2024-09-16,473.240000,robinhood_equity_day
QQQ,2024-09-17,473.490000,robinhood_equity_day
QQQ,2024-09-18,471.440000,robinhood_equity_day
QQQ,2024-09-19,483.360000,robinhood_equity_day
QQQ,2024-09-20,482.440000,robinhood_equity_day
QQQ,2024-09-23,483.040000,robinhood_equity_day
QQQ,2024-09-24,485.370000,robinhood_equity_day
QQQ,2024-09-25,485.820000,robinhood_equity_day
QQQ,2024-09-26,489.470000,robinhood_equity_day
QQQ,2024-09-27,486.750000,robinhood_equity_day
QQQ,2024-09-30,488.070000,robinhood_equity_day
QQQ,2024-10-01,481.270000,robinhood_equity_day
QQQ,2024-10-02,481.950000,robinhood_equity_day
QQQ,2024-10-03,481.590000,robinhood_equity_day
QQQ,2024-10-04,487.320000,robinhood_equity_day
QQQ,2024-10-07,482.100000,robinhood_equity_day
QQQ,2024-10-08,489.300000,robinhood_equity_day
QQQ,2024-10-09,493.150000,robinhood_equity_day
QQQ,2024-10-10,492.590000,robinhood_equity_day
QQQ,2024-10-11,493.360000,robinhood_equity_day
QQQ,2024-10-14,497.500000,robinhood_equity_day
QQQ,2024-10-15,490.850000,robinhood_equity_day
QQQ,2024-10-16,490.910000,robinhood_equity_day
QQQ,2024-10-17,491.250000,robinhood_equity_day
QQQ,2024-10-18,494.470000,robinhood_equity_day
QQQ,2024-10-21,495.420000,robinhood_equity_day
QQQ,2024-10-22,495.960000,robinhood_equity_day
QQQ,2024-10-23,488.360000,robinhood_equity_day
QQQ,2024-10-24,492.320000,robinhood_equity_day
QQQ,2024-10-25,495.320000,robinhood_equity_day
QQQ,2024-10-28,495.400000,robinhood_equity_day
QQQ,2024-10-29,500.160000,robinhood_equity_day
QQQ,2024-10-30,496.380000,robinhood_equity_day
QQQ,2024-10-31,483.850000,robinhood_equity_day
QQQ,2024-11-01,487.430000,robinhood_equity_day
QQQ,2024-11-04,486.010000,robinhood_equity_day
QQQ,2024-11-05,492.210000,robinhood_equity_day
QQQ,2024-11-06,505.580000,robinhood_equity_day
QQQ,2024-11-07,513.540000,robinhood_equity_day
QQQ,2024-11-08,514.140000,robinhood_equity_day
QQQ,2024-11-11,513.840000,robinhood_equity_day
QQQ,2024-11-12,512.910000,robinhood_equity_day
QQQ,2024-11-13,512.250000,robinhood_equity_day
QQQ,2024-11-14,508.690000,robinhood_equity_day
QQQ,2024-11-15,496.570000,robinhood_equity_day
QQQ,2024-11-18,500.020000,robinhood_equity_day
QQQ,2024-11-19,503.460000,robinhood_equity_day
QQQ,2024-11-20,503.170000,robinhood_equity_day
QQQ,2024-11-21,504.980000,robinhood_equity_day
QQQ,2024-11-22,505.790000,robinhood_equity_day
QQQ,2024-11-25,506.590000,robinhood_equity_day
QQQ,2024-11-26,509.310000,robinhood_equity_day
QQQ,2024-11-27,505.300000,robinhood_equity_day
QQQ,2024-11-29,509.740000,robinhood_equity_day
QQQ,2024-12-02,515.290000,robinhood_equity_day
QQQ,2024-12-03,516.870000,robinhood_equity_day
QQQ,2024-12-04,523.260000,robinhood_equity_day
QQQ,2024-12-05,521.810000,robinhood_equity_day
QQQ,2024-12-06,526.480000,robinhood_equity_day
QQQ,2024-12-09,522.380000,robinhood_equity_day
QQQ,2024-12-10,520.600000,robinhood_equity_day
QQQ,2024-12-11,529.920000,robinhood_equity_day
QQQ,2024-12-12,526.500000,robinhood_equity_day
QQQ,2024-12-13,530.530000,robinhood_equity_day
QQQ,2024-12-16,538.170000,robinhood_equity_day
QQQ,2024-12-17,535.800000,robinhood_equity_day
QQQ,2024-12-18,516.470000,robinhood_equity_day
QQQ,2024-12-19,514.170000,robinhood_equity_day
QQQ,2024-12-20,518.660000,robinhood_equity_day
QQQ,2024-12-23,522.870000,robinhood_equity_day
QQQ,2024-12-24,529.960000,robinhood_equity_day
QQQ,2024-12-26,529.600000,robinhood_equity_day
QQQ,2024-12-27,522.560000,robinhood_equity_day
QQQ,2024-12-30,515.610000,robinhood_equity_day
QQQ,2024-12-31,511.230000,robinhood_equity_day
QQQ,2025-01-02,510.230000,robinhood_equity_day
QQQ,2025-01-03,518.580000,robinhood_equity_day
QQQ,2025-01-06,524.540000,robinhood_equity_day
QQQ,2025-01-07,515.180000,robinhood_equity_day
QQQ,2025-01-08,515.270000,robinhood_equity_day
QQQ,2025-01-10,507.190000,robinhood_equity_day
QQQ,2025-01-13,505.560000,robinhood_equity_day
QQQ,2025-01-14,505.080000,robinhood_equity_day
QQQ,2025-01-15,516.700000,robinhood_equity_day
QQQ,2025-01-16,513.080000,robinhood_equity_day
QQQ,2025-01-17,521.740000,robinhood_equity_day
QQQ,2025-01-21,524.800000,robinhood_equity_day
QQQ,2025-01-22,531.510000,robinhood_equity_day
QQQ,2025-01-23,532.640000,robinhood_equity_day
QQQ,2025-01-24,529.630000,robinhood_equity_day
QQQ,2025-01-27,514.210000,robinhood_equity_day
QQQ,2025-01-28,521.810000,robinhood_equity_day
QQQ,2025-01-29,520.830000,robinhood_equity_day
QQQ,2025-01-30,523.050000,robinhood_equity_day
QQQ,2025-01-31,522.290000,robinhood_equity_day
QQQ,2025-02-03,518.110000,robinhood_equity_day
QQQ,2025-02-04,524.470000,robinhood_equity_day
QQQ,2025-02-05,526.850000,robinhood_equity_day
QQQ,2025-02-06,529.600000,robinhood_equity_day
QQQ,2025-02-07,522.920000,robinhood_equity_day
QQQ,2025-02-10,529.250000,robinhood_equity_day
QQQ,2025-02-11,527.990000,robinhood_equity_day
QQQ,2025-02-12,528.300000,robinhood_equity_day
QQQ,2025-02-13,535.900000,robinhood_equity_day
QQQ,2025-02-14,538.150000,robinhood_equity_day
QQQ,2025-02-18,539.370000,robinhood_equity_day
QQQ,2025-02-19,539.520000,robinhood_equity_day
QQQ,2025-02-20,537.230000,robinhood_equity_day
QQQ,2025-02-21,526.080000,robinhood_equity_day
QQQ,2025-02-24,519.870000,robinhood_equity_day
QQQ,2025-02-25,513.320000,robinhood_equity_day
QQQ,2025-02-26,514.560000,robinhood_equity_day
QQQ,2025-02-27,500.270000,robinhood_equity_day
QQQ,2025-02-28,508.170000,robinhood_equity_day
QQQ,2025-03-03,497.050000,robinhood_equity_day
QQQ,2025-03-04,495.550000,robinhood_equity_day
QQQ,2025-03-05,502.010000,robinhood_equity_day
QQQ,2025-03-06,488.200000,robinhood_equity_day
QQQ,2025-03-07,491.790000,robinhood_equity_day
QQQ,2025-03-10,472.730000,robinhood_equity_day
QQQ,2025-03-11,471.600000,robinhood_equity_day
QQQ,2025-03-12,476.920000,robinhood_equity_day
QQQ,2025-03-13,468.340000,robinhood_equity_day
QQQ,2025-03-14,479.660000,robinhood_equity_day
QQQ,2025-03-17,482.770000,robinhood_equity_day
QQQ,2025-03-18,474.540000,robinhood_equity_day
QQQ,2025-03-19,480.890000,robinhood_equity_day
QQQ,2025-03-20,479.260000,robinhood_equity_day
QQQ,2025-03-21,480.840000,robinhood_equity_day
QQQ,2025-03-24,490.660000,robinhood_equity_day
QQQ,2025-03-25,493.460000,robinhood_equity_day
QQQ,2025-03-26,484.380000,robinhood_equity_day
QQQ,2025-03-27,481.620000,robinhood_equity_day
QQQ,2025-03-28,468.940000,robinhood_equity_day
QQQ,2025-03-31,468.920000,robinhood_equity_day
QQQ,2025-04-01,472.700000,robinhood_equity_day
QQQ,2025-04-02,476.150000,robinhood_equity_day
QQQ,2025-04-03,450.660000,robinhood_equity_day
QQQ,2025-04-04,422.670000,robinhood_equity_day
QQQ,2025-04-07,423.690000,robinhood_equity_day
QQQ,2025-04-08,416.060000,robinhood_equity_day
QQQ,2025-04-09,466.000000,robinhood_equity_day
QQQ,2025-04-10,446.180000,robinhood_equity_day
QQQ,2025-04-11,454.400000,robinhood_equity_day
QQQ,2025-04-14,457.480000,robinhood_equity_day
QQQ,2025-04-15,457.990000,robinhood_equity_day
QQQ,2025-04-16,444.180000,robinhood_equity_day
QQQ,2025-04-17,444.100000,robinhood_equity_day
QQQ,2025-04-21,433.110000,robinhood_equity_day
QQQ,2025-04-22,444.480000,robinhood_equity_day
QQQ,2025-04-23,454.560000,robinhood_equity_day
QQQ,2025-04-24,467.350000,robinhood_equity_day
QQQ,2025-04-25,472.560000,robinhood_equity_day
QQQ,2025-04-28,472.410000,robinhood_equity_day
QQQ,2025-04-29,475.530000,robinhood_equity_day
QQQ,2025-04-30,475.470000,robinhood_equity_day
QQQ,2025-05-01,481.680000,robinhood_equity_day
QQQ,2025-05-02,488.830000,robinhood_equity_day
QQQ,2025-05-05,485.930000,robinhood_equity_day
QQQ,2025-05-06,481.410000,robinhood_equity_day
QQQ,2025-05-07,483.300000,robinhood_equity_day
QQQ,2025-05-08,488.290000,robinhood_equity_day
QQQ,2025-05-09,487.970000,robinhood_equity_day
QQQ,2025-05-12,507.850000,robinhood_equity_day
QQQ,2025-05-13,515.590000,robinhood_equity_day
QQQ,2025-05-14,518.680000,robinhood_equity_day
QQQ,2025-05-15,519.250000,robinhood_equity_day
QQQ,2025-05-16,521.510000,robinhood_equity_day
QQQ,2025-05-19,522.010000,robinhood_equity_day
QQQ,2025-05-20,520.270000,robinhood_equity_day
QQQ,2025-05-21,513.040000,robinhood_equity_day
QQQ,2025-05-22,514.000000,robinhood_equity_day
QQQ,2025-05-23,509.240000,robinhood_equity_day
QQQ,2025-05-27,521.220000,robinhood_equity_day
QQQ,2025-05-28,518.910000,robinhood_equity_day
QQQ,2025-05-29,519.930000,robinhood_equity_day
QQQ,2025-05-30,519.110000,robinhood_equity_day
QQQ,2025-06-02,523.210000,robinhood_equity_day
QQQ,2025-06-03,527.300000,robinhood_equity_day
QQQ,2025-06-04,528.770000,robinhood_equity_day
QQQ,2025-06-05,524.790000,robinhood_equity_day
QQQ,2025-06-06,529.920000,robinhood_equity_day
QQQ,2025-06-09,530.700000,robinhood_equity_day
QQQ,2025-06-10,534.210000,robinhood_equity_day
QQQ,2025-06-11,532.410000,robinhood_equity_day
QQQ,2025-06-12,533.660000,robinhood_equity_day
QQQ,2025-06-13,526.960000,robinhood_equity_day
QQQ,2025-06-16,534.290000,robinhood_equity_day
QQQ,2025-06-17,529.080000,robinhood_equity_day
QQQ,2025-06-18,528.990000,robinhood_equity_day
QQQ,2025-06-20,526.830000,robinhood_equity_day
QQQ,2025-06-23,531.650000,robinhood_equity_day
QQQ,2025-06-24,539.780000,robinhood_equity_day
QQQ,2025-06-25,541.160000,robinhood_equity_day
QQQ,2025-06-26,546.220000,robinhood_equity_day
QQQ,2025-06-27,548.090000,robinhood_equity_day
QQQ,2025-06-30,551.640000,robinhood_equity_day
QQQ,2025-07-01,546.990000,robinhood_equity_day
QQQ,2025-07-02,550.800000,robinhood_equity_day
QQQ,2025-07-03,556.220000,robinhood_equity_day
QQQ,2025-07-07,552.030000,robinhood_equity_day
QQQ,2025-07-08,552.340000,robinhood_equity_day
QQQ,2025-07-09,556.250000,robinhood_equity_day
QQQ,2025-07-10,555.450000,robinhood_equity_day
QQQ,2025-07-11,554.200000,robinhood_equity_day
QQQ,2025-07-14,556.210000,robinhood_equity_day
QQQ,2025-07-15,556.720000,robinhood_equity_day
QQQ,2025-07-16,557.290000,robinhood_equity_day
QQQ,2025-07-17,561.800000,robinhood_equity_day
QQQ,2025-07-18,561.260000,robinhood_equity_day
QQQ,2025-07-21,564.170000,robinhood_equity_day
QQQ,2025-07-22,561.250000,robinhood_equity_day
QQQ,2025-07-23,563.810000,robinhood_equity_day
QQQ,2025-07-24,565.010000,robinhood_equity_day
QQQ,2025-07-25,566.370000,robinhood_equity_day
QQQ,2025-07-28,568.140000,robinhood_equity_day
QQQ,2025-07-29,567.260000,robinhood_equity_day
QQQ,2025-07-30,568.020000,robinhood_equity_day
QQQ,2025-07-31,565.010000,robinhood_equity_day
QQQ,2025-08-01,553.880000,robinhood_equity_day
QQQ,2025-08-04,564.100000,robinhood_equity_day
QQQ,2025-08-05,560.270000,robinhood_equity_day
QQQ,2025-08-06,567.320000,robinhood_equity_day
QQQ,2025-08-07,569.240000,robinhood_equity_day
QQQ,2025-08-08,574.550000,robinhood_equity_day
QQQ,2025-08-11,572.850000,robinhood_equity_day
QQQ,2025-08-12,580.050000,robinhood_equity_day
QQQ,2025-08-13,580.340000,robinhood_equity_day
QQQ,2025-08-14,579.890000,robinhood_equity_day
QQQ,2025-08-15,577.340000,robinhood_equity_day
QQQ,2025-08-18,577.110000,robinhood_equity_day
QQQ,2025-08-19,569.280000,robinhood_equity_day
QQQ,2025-08-20,565.900000,robinhood_equity_day
QQQ,2025-08-21,563.280000,robinhood_equity_day
QQQ,2025-08-22,571.970000,robinhood_equity_day
QQQ,2025-08-25,570.320000,robinhood_equity_day
QQQ,2025-08-26,572.610000,robinhood_equity_day
QQQ,2025-08-27,573.490000,robinhood_equity_day
QQQ,2025-08-28,577.080000,robinhood_equity_day
QQQ,2025-08-29,570.400000,robinhood_equity_day
QQQ,2025-09-02,565.620000,robinhood_equity_day
QQQ,2025-09-03,570.070000,robinhood_equity_day
QQQ,2025-09-04,575.230000,robinhood_equity_day
QQQ,2025-09-05,576.060000,robinhood_equity_day
QQQ,2025-09-08,578.870000,robinhood_equity_day
QQQ,2025-09-09,580.510000,robinhood_equity_day
QQQ,2025-09-10,580.700000,robinhood_equity_day
QQQ,2025-09-11,584.080000,robinhood_equity_day
QQQ,2025-09-12,586.660000,robinhood_equity_day
QQQ,2025-09-15,591.680000,robinhood_equity_day
QQQ,2025-09-16,591.180000,robinhood_equity_day
QQQ,2025-09-17,590.000000,robinhood_equity_day
QQQ,2025-09-18,595.320000,robinhood_equity_day
QQQ,2025-09-19,599.350000,robinhood_equity_day
QQQ,2025-09-22,602.200000,robinhood_equity_day
QQQ,2025-09-23,598.200000,robinhood_equity_day
QQQ,2025-09-24,596.100000,robinhood_equity_day
QQQ,2025-09-25,593.530000,robinhood_equity_day
QQQ,2025-09-26,595.970000,robinhood_equity_day
QQQ,2025-09-29,598.730000,robinhood_equity_day
QQQ,2025-09-30,600.370000,robinhood_equity_day
QQQ,2025-10-01,603.250000,robinhood_equity_day
QQQ,2025-10-02,605.730000,robinhood_equity_day
QQQ,2025-10-03,603.180000,robinhood_equity_day
QQQ,2025-10-06,607.710000,robinhood_equity_day
QQQ,2025-10-07,604.510000,robinhood_equity_day
QQQ,2025-10-08,611.440000,robinhood_equity_day
QQQ,2025-10-09,610.700000,robinhood_equity_day
QQQ,2025-10-10,589.500000,robinhood_equity_day
QQQ,2025-10-13,602.010000,robinhood_equity_day
QQQ,2025-10-14,598.000000,robinhood_equity_day
QQQ,2025-10-15,602.220000,robinhood_equity_day
QQQ,2025-10-16,599.990000,robinhood_equity_day
QQQ,2025-10-17,603.930000,robinhood_equity_day
QQQ,2025-10-20,611.540000,robinhood_equity_day
QQQ,2025-10-21,611.380000,robinhood_equity_day
QQQ,2025-10-22,605.490000,robinhood_equity_day
QQQ,2025-10-23,610.580000,robinhood_equity_day
QQQ,2025-10-24,617.100000,robinhood_equity_day
QQQ,2025-10-27,628.090000,robinhood_equity_day
QQQ,2025-10-28,632.920000,robinhood_equity_day
QQQ,2025-10-29,635.770000,robinhood_equity_day
QQQ,2025-10-30,626.050000,robinhood_equity_day
QQQ,2025-10-31,629.070000,robinhood_equity_day
QQQ,2025-11-03,632.080000,robinhood_equity_day
QQQ,2025-11-04,619.250000,robinhood_equity_day
QQQ,2025-11-05,623.280000,robinhood_equity_day
QQQ,2025-11-06,611.670000,robinhood_equity_day
QQQ,2025-11-07,609.740000,robinhood_equity_day
QQQ,2025-11-10,623.230000,robinhood_equity_day
QQQ,2025-11-11,621.570000,robinhood_equity_day
QQQ,2025-11-12,621.080000,robinhood_equity_day
QQQ,2025-11-13,608.400000,robinhood_equity_day
QQQ,2025-11-14,608.860000,robinhood_equity_day
QQQ,2025-11-17,603.660000,robinhood_equity_day
QQQ,2025-11-18,596.310000,robinhood_equity_day
QQQ,2025-11-19,599.870000,robinhood_equity_day
QQQ,2025-11-20,585.670000,robinhood_equity_day
QQQ,2025-11-21,590.070000,robinhood_equity_day
QQQ,2025-11-24,605.160000,robinhood_equity_day
QQQ,2025-11-25,608.890000,robinhood_equity_day
QQQ,2025-11-26,614.270000,robinhood_equity_day
QQQ,2025-11-28,619.250000,robinhood_equity_day
QQQ,2025-12-01,617.170000,robinhood_equity_day
QQQ,2025-12-02,622.000000,robinhood_equity_day
QQQ,2025-12-03,623.520000,robinhood_equity_day
QQQ,2025-12-04,622.940000,robinhood_equity_day
QQQ,2025-12-05,625.480000,robinhood_equity_day
QQQ,2025-12-08,624.280000,robinhood_equity_day
QQQ,2025-12-09,625.050000,robinhood_equity_day
QQQ,2025-12-10,627.610000,robinhood_equity_day
QQQ,2025-12-11,625.580000,robinhood_equity_day
QQQ,2025-12-12,613.620000,robinhood_equity_day
QQQ,2025-12-15,610.540000,robinhood_equity_day
QQQ,2025-12-16,611.750000,robinhood_equity_day
QQQ,2025-12-17,600.410000,robinhood_equity_day
QQQ,2025-12-18,609.110000,robinhood_equity_day
QQQ,2025-12-19,617.050000,robinhood_equity_day
QQQ,2025-12-22,619.210000,robinhood_equity_day
QQQ,2025-12-23,622.110000,robinhood_equity_day
QQQ,2025-12-24,623.930000,robinhood_equity_day
QQQ,2025-12-26,623.890000,robinhood_equity_day
QQQ,2025-12-29,620.870000,robinhood_equity_day
QQQ,2025-12-30,619.430000,robinhood_equity_day
QQQ,2025-12-31,614.310000,robinhood_equity_day
QQQ,2026-01-02,613.120000,robinhood_equity_day
QQQ,2026-01-05,617.990000,robinhood_equity_day
QQQ,2026-01-06,623.420000,robinhood_equity_day
QQQ,2026-01-07,624.020000,robinhood_equity_day
QQQ,2026-01-08,620.470000,robinhood_equity_day
QQQ,2026-01-09,626.650000,robinhood_equity_day
QQQ,2026-01-12,627.170000,robinhood_equity_day
QQQ,2026-01-13,626.240000,robinhood_equity_day
QQQ,2026-01-14,619.550000,robinhood_equity_day
QQQ,2026-01-15,621.780000,robinhood_equity_day
QQQ,2026-01-16,621.260000,robinhood_equity_day
QQQ,2026-01-20,608.060000,robinhood_equity_day
QQQ,2026-01-21,616.280000,robinhood_equity_day
QQQ,2026-01-22,620.760000,robinhood_equity_day
QQQ,2026-01-23,622.720000,robinhood_equity_day
QQQ,2026-01-26,625.460000,robinhood_equity_day
QQQ,2026-01-27,631.130000,robinhood_equity_day
QQQ,2026-01-28,633.220000,robinhood_equity_day
QQQ,2026-01-29,629.430000,robinhood_equity_day
QQQ,2026-01-30,621.870000,robinhood_equity_day
QQQ,2026-02-02,626.140000,robinhood_equity_day
QQQ,2026-02-03,616.520000,robinhood_equity_day
QQQ,2026-02-04,605.750000,robinhood_equity_day
QQQ,2026-02-05,597.030000,robinhood_equity_day
QQQ,2026-02-06,609.650000,robinhood_equity_day
QQQ,2026-02-09,614.320000,robinhood_equity_day
QQQ,2026-02-10,611.470000,robinhood_equity_day
QQQ,2026-02-11,613.110000,robinhood_equity_day
QQQ,2026-02-12,600.640000,robinhood_equity_day
QQQ,2026-02-13,601.920000,robinhood_equity_day
QQQ,2026-02-17,601.300000,robinhood_equity_day
QQQ,2026-02-18,605.790000,robinhood_equity_day
QQQ,2026-02-19,603.470000,robinhood_equity_day
QQQ,2026-02-20,608.810000,robinhood_equity_day
QQQ,2026-02-23,601.410000,robinhood_equity_day
QQQ,2026-02-24,607.870000,robinhood_equity_day
QQQ,2026-02-25,616.680000,robinhood_equity_day
QQQ,2026-02-26,609.240000,robinhood_equity_day
QQQ,2026-02-27,607.290000,robinhood_equity_day
QQQ,2026-03-02,608.090000,robinhood_equity_day
QQQ,2026-03-03,601.580000,robinhood_equity_day
QQQ,2026-03-04,610.750000,robinhood_equity_day
QQQ,2026-03-05,608.910000,robinhood_equity_day
QQQ,2026-03-06,599.750000,robinhood_equity_day
QQQ,2026-03-09,607.760000,robinhood_equity_day
QQQ,2026-03-10,607.770000,robinhood_equity_day
QQQ,2026-03-11,607.690000,robinhood_equity_day
QQQ,2026-03-12,597.260000,robinhood_equity_day
QQQ,2026-03-13,593.720000,robinhood_equity_day
QQQ,2026-03-16,600.380000,robinhood_equity_day
QQQ,2026-03-17,603.310000,robinhood_equity_day
QQQ,2026-03-18,594.900000,robinhood_equity_day
QQQ,2026-03-19,593.020000,robinhood_equity_day
QQQ,2026-03-20,582.060000,robinhood_equity_day
QQQ,2026-03-23,588.000000,robinhood_equity_day
QQQ,2026-03-24,583.980000,robinhood_equity_day
QQQ,2026-03-25,587.820000,robinhood_equity_day
QQQ,2026-03-26,573.790000,robinhood_equity_day
QQQ,2026-03-27,562.580000,robinhood_equity_day
QQQ,2026-03-30,558.280000,robinhood_equity_day
QQQ,2026-03-31,577.180000,robinhood_equity_day
QQQ,2026-04-01,584.310000,robinhood_equity_day
QQQ,2026-04-02,584.980000,robinhood_equity_day
QQQ,2026-04-06,588.500000,robinhood_equity_day
QQQ,2026-04-07,588.590000,robinhood_equity_day
QQQ,2026-04-08,606.090000,robinhood_equity_day
QQQ,2026-04-09,610.190000,robinhood_equity_day
QQQ,2026-04-10,611.070000,robinhood_equity_day
QQQ,2026-04-13,617.390000,robinhood_equity_day
QQQ,2026-04-14,628.600000,robinhood_equity_day
QQQ,2026-04-15,637.400000,robinhood_equity_day
QQQ,2026-04-16,640.470000,robinhood_equity_day
QQQ,2026-04-17,648.850000,robinhood_equity_day
QQQ,2026-04-20,646.790000,robinhood_equity_day
QQQ,2026-04-21,644.330000,robinhood_equity_day
QQQ,2026-04-22,655.110000,robinhood_equity_day
QQQ,2026-04-23,651.420000,robinhood_equity_day
QQQ,2026-04-24,663.880000,robinhood_equity_day
QQQ,2026-04-27,664.230000,robinhood_equity_day
QQQ,2026-04-28,657.550000,robinhood_equity_day
QQQ,2026-04-29,661.570000,robinhood_equity_day
QQQ,2026-04-30,667.740000,robinhood_equity_day
QQQ,2026-05-01,674.150000,robinhood_equity_day
QQQ,2026-05-04,672.880000,robinhood_equity_day
QQQ,2026-05-05,681.610000,robinhood_equity_day
QQQ,2026-05-06,695.770000,robinhood_equity_day
QQQ,2026-05-07,694.940000,robinhood_equity_day
QQQ,2026-05-08,711.230000,robinhood_equity_day
QQQ,2026-05-11,713.290000,robinhood_equity_day
QQQ,2026-05-12,707.240000,robinhood_equity_day
QQQ,2026-05-13,714.710000,robinhood_equity_day
QQQ,2026-05-14,719.790000,robinhood_equity_day
QQQ,2026-05-15,708.930000,robinhood_equity_day
QQQ,2026-05-18,705.880000,robinhood_equity_day
QQQ,2026-05-19,701.530000,robinhood_equity_day
QQQ,2026-05-20,713.150000,robinhood_equity_day
QQQ,2026-05-21,714.510000,robinhood_equity_day
QQQ,2026-05-22,717.540000,robinhood_equity_day
QQQ,2026-05-26,730.280000,robinhood_equity_day
QQQ,2026-05-27,729.450000,robinhood_equity_day
QQQ,2026-05-28,735.600000,robinhood_equity_day
QQQ,2026-05-29,738.310000,robinhood_equity_day
QQQ,2026-06-01,742.740000,robinhood_equity_day
QQQ,2026-06-02,746.160000,robinhood_equity_day
QQQ,2026-06-03,744.210000,robinhood_equity_day
QQQ,2026-06-04,740.610000,robinhood_equity_day
QQQ,2026-06-05,705.060000,robinhood_equity_day
QQQ,2026-06-08,716.070000,robinhood_equity_day
QQQ,2026-06-09,707.830000,robinhood_equity_day
QQQ,2026-06-10,693.690000,robinhood_equity_day
QQQ,2026-06-11,717.120000,robinhood_equity_day
QQQ,2026-06-12,721.340000,robinhood_equity_day
QQQ,2026-06-15,744.000000,robinhood_equity_day
QQQ,2026-06-16,729.860000,robinhood_equity_day
QQQ,2026-06-17,722.510000,robinhood_equity_day
QQQ,2026-06-18,740.620000,robinhood_equity_day
QQQ,2026-06-22,737.950000,robinhood_equity_day
QQQ,2026-06-23,713.650000,robinhood_equity_day
QQQ,2026-06-24,710.620000,robinhood_equity_day
QQQ,2026-06-25,716.380000,robinhood_equity_day
QQQ,2026-06-26,706.520000,robinhood_equity_day
QQQ,2026-06-29,724.080000,robinhood_equity_day
QQQ,2026-06-30,736.400000,robinhood_equity_day
QQQ,2026-07-01,725.170000,robinhood_equity_day
QQQ,2026-07-02,712.600000,robinhood_equity_day
QQQ,2026-07-06,722.820000,robinhood_equity_day
QQQ,2026-07-07,709.430000,robinhood_equity_day
QQQ,2026-07-08,711.440000,robinhood_equity_day
QQQ,2026-07-09,723.280000,robinhood_equity_day
QQQ,2026-07-10,725.510000,robinhood_equity_day
QQQ,2026-07-13,711.740000,robinhood_equity_day
QQQ,2026-07-14,719.690000,robinhood_equity_day
QQQ,2026-07-15,717.740000,robinhood_equity_day
QQQ,2026-07-16,705.940000,robinhood_equity_day
QQQ,2026-07-17,695.330000,robinhood_equity_day
QQQ,2026-07-20,696.060000,robinhood_equity_day
QQQ,2026-07-21,708.970000,robinhood_equity_day
QQQ,2026-07-22,705.350000,robinhood_equity_day
QQQ,2026-07-23,691.960000,robinhood_equity_day
QQQ,2026-07-24,684.230000,robinhood_equity_day
QQQ,2026-07-27,682.120000,robinhood_equity_day
QQQ,2026-07-28,675.490000,robinhood_equity_day
QQQ,2026-07-29,661.730000,robinhood_equity_day
QQQ,2026-07-30,683.550000,robinhood_equity_day
QQQ,2026-07-31,687.990000,robinhood_equity_day
QQQ,2026-08-03,700.070000,robinhood_equity_day
QQQ,2026-08-04,723.850000,robinhood_equity_day
SPX,2022-01-03,4796.56,robinhood_index_day
SPX,2022-01-04,4793.54,robinhood_index_day
SPX,2022-01-05,4700.58,robinhood_index_day
SPX,2022-01-06,4696.05,robinhood_index_day
SPX,2022-01-07,4677.03,robinhood_index_day
SPX,2022-01-10,4670.29,robinhood_index_day
SPX,2022-01-11,4713.07,robinhood_index_day
SPX,2022-01-12,4726.35,robinhood_index_day
SPX,2022-01-13,4659.03,robinhood_index_day
SPX,2022-01-14,4662.85,robinhood_index_day
SPX,2022-01-18,4577.11,robinhood_index_day
SPX,2022-01-19,4532.76,robinhood_index_day
SPX,2022-01-20,4482.73,robinhood_index_day
SPX,2022-01-21,4397.94,robinhood_index_day
SPX,2022-01-24,4410.13,robinhood_index_day
SPX,2022-01-25,4356.45,robinhood_index_day
SPX,2022-01-26,4349.93,robinhood_index_day
SPX,2022-01-27,4326.51,robinhood_index_day
SPX,2022-01-28,4431.85,robinhood_index_day
SPX,2022-01-31,4515.55,robinhood_index_day
SPX,2022-02-01,4546.54,robinhood_index_day
SPX,2022-02-02,4589.38,robinhood_index_day
SPX,2022-02-03,4477.44,robinhood_index_day
SPX,2022-02-04,4500.53,robinhood_index_day
SPX,2022-02-07,4483.87,robinhood_index_day
SPX,2022-02-08,4521.54,robinhood_index_day
SPX,2022-02-09,4587.18,robinhood_index_day
SPX,2022-02-10,4504.08,robinhood_index_day
SPX,2022-02-11,4418.64,robinhood_index_day
SPX,2022-02-14,4401.67,robinhood_index_day
SPX,2022-02-15,4471.07,robinhood_index_day
SPX,2022-02-16,4475.01,robinhood_index_day
SPX,2022-02-17,4380.26,robinhood_index_day
SPX,2022-02-18,4348.87,robinhood_index_day
SPX,2022-02-22,4304.76,robinhood_index_day
SPX,2022-02-23,4225.5,robinhood_index_day
SPX,2022-02-24,4288.7,robinhood_index_day
SPX,2022-02-25,4384.65,robinhood_index_day
SPX,2022-02-28,4373.94,robinhood_index_day
SPX,2022-03-01,4306.26,robinhood_index_day
SPX,2022-03-02,4386.54,robinhood_index_day
SPX,2022-03-03,4363.49,robinhood_index_day
SPX,2022-03-04,4328.87,robinhood_index_day
SPX,2022-03-07,4201.09,robinhood_index_day
SPX,2022-03-08,4170.7,robinhood_index_day
SPX,2022-03-09,4277.88,robinhood_index_day
SPX,2022-03-10,4259.52,robinhood_index_day
SPX,2022-03-11,4204.31,robinhood_index_day
SPX,2022-03-14,4173.11,robinhood_index_day
SPX,2022-03-15,4262.45,robinhood_index_day
SPX,2022-03-16,4357.86,robinhood_index_day
SPX,2022-03-17,4411.67,robinhood_index_day
SPX,2022-03-18,4463.12,robinhood_index_day
SPX,2022-03-21,4461.18,robinhood_index_day
SPX,2022-03-22,4511.61,robinhood_index_day
SPX,2022-03-23,4456.24,robinhood_index_day
SPX,2022-03-24,4520.16,robinhood_index_day
SPX,2022-03-25,4543.06,robinhood_index_day
SPX,2022-03-28,4575.52,robinhood_index_day
SPX,2022-03-29,4631.6,robinhood_index_day
SPX,2022-03-30,4602.45,robinhood_index_day
SPX,2022-03-31,4530.41,robinhood_index_day
SPX,2022-04-01,4545.86,robinhood_index_day
SPX,2022-04-04,4582.64,robinhood_index_day
SPX,2022-04-05,4525.12,robinhood_index_day
SPX,2022-04-06,4481.15,robinhood_index_day
SPX,2022-04-07,4500.21,robinhood_index_day
SPX,2022-04-08,4488.28,robinhood_index_day
SPX,2022-04-11,4412.53,robinhood_index_day
SPX,2022-04-12,4397.45,robinhood_index_day
SPX,2022-04-13,4446.59,robinhood_index_day
SPX,2022-04-14,4392.59,robinhood_index_day
SPX,2022-04-18,4391.69,robinhood_index_day
SPX,2022-04-19,4462.21,robinhood_index_day
SPX,2022-04-20,4459.45,robinhood_index_day
SPX,2022-04-21,4393.66,robinhood_index_day
SPX,2022-04-22,4271.78,robinhood_index_day
SPX,2022-04-25,4296.12,robinhood_index_day
SPX,2022-04-26,4175.2,robinhood_index_day
SPX,2022-04-27,4183.96,robinhood_index_day
SPX,2022-04-28,4287.5,robinhood_index_day
SPX,2022-04-29,4131.93,robinhood_index_day
SPX,2022-05-02,4155.38,robinhood_index_day
SPX,2022-05-03,4175.48,robinhood_index_day
SPX,2022-05-04,4300.17,robinhood_index_day
SPX,2022-05-05,4146.87,robinhood_index_day
SPX,2022-05-06,4123.34,robinhood_index_day
SPX,2022-05-09,3991.24,robinhood_index_day
SPX,2022-05-10,4001.05,robinhood_index_day
SPX,2022-05-11,3935.18,robinhood_index_day
SPX,2022-05-12,3930.08,robinhood_index_day
SPX,2022-05-13,4023.89,robinhood_index_day
SPX,2022-05-16,4008.01,robinhood_index_day
SPX,2022-05-17,4088.85,robinhood_index_day
SPX,2022-05-18,3923.68,robinhood_index_day
SPX,2022-05-19,3900.79,robinhood_index_day
SPX,2022-05-20,3901.36,robinhood_index_day
SPX,2022-05-23,3973.75,robinhood_index_day
SPX,2022-05-24,3941.48,robinhood_index_day
SPX,2022-05-25,3978.73,robinhood_index_day
SPX,2022-05-26,4057.84,robinhood_index_day
SPX,2022-05-27,4158.24,robinhood_index_day
SPX,2022-05-31,4132.15,robinhood_index_day
SPX,2022-06-01,4101.23,robinhood_index_day
SPX,2022-06-02,4176.82,robinhood_index_day
SPX,2022-06-03,4108.54,robinhood_index_day
SPX,2022-06-06,4121.43,robinhood_index_day
SPX,2022-06-07,4160.68,robinhood_index_day
SPX,2022-06-08,4115.77,robinhood_index_day
SPX,2022-06-09,4017.82,robinhood_index_day
SPX,2022-06-10,3900.86,robinhood_index_day
SPX,2022-06-13,3749.63,robinhood_index_day
SPX,2022-06-14,3735.48,robinhood_index_day
SPX,2022-06-15,3789.99,robinhood_index_day
SPX,2022-06-16,3666.77,robinhood_index_day
SPX,2022-06-17,3674.84,robinhood_index_day
SPX,2022-06-21,3764.79,robinhood_index_day
SPX,2022-06-22,3759.89,robinhood_index_day
SPX,2022-06-23,3795.73,robinhood_index_day
SPX,2022-06-24,3911.74,robinhood_index_day
SPX,2022-06-27,3900.11,robinhood_index_day
SPX,2022-06-28,3821.55,robinhood_index_day
SPX,2022-06-29,3818.83,robinhood_index_day
SPX,2022-06-30,3785.38,robinhood_index_day
SPX,2022-07-01,3825.33,robinhood_index_day
SPX,2022-07-05,3831.39,robinhood_index_day
SPX,2022-07-06,3845.08,robinhood_index_day
SPX,2022-07-07,3902.62,robinhood_index_day
SPX,2022-07-08,3899.38,robinhood_index_day
SPX,2022-07-11,3854.43,robinhood_index_day
SPX,2022-07-12,3818.8,robinhood_index_day
SPX,2022-07-13,3801.78,robinhood_index_day
SPX,2022-07-14,3790.38,robinhood_index_day
SPX,2022-07-15,3863.16,robinhood_index_day
SPX,2022-07-18,3830.85,robinhood_index_day
SPX,2022-07-19,3936.69,robinhood_index_day
SPX,2022-07-20,3959.9,robinhood_index_day
SPX,2022-07-21,3998.95,robinhood_index_day
SPX,2022-07-22,3961.63,robinhood_index_day
SPX,2022-07-25,3966.84,robinhood_index_day
SPX,2022-07-26,3921.05,robinhood_index_day
SPX,2022-07-27,4023.61,robinhood_index_day
SPX,2022-07-28,4072.43,robinhood_index_day
SPX,2022-07-29,4130.29,robinhood_index_day
SPX,2022-08-01,4118.63,robinhood_index_day
SPX,2022-08-02,4091.19,robinhood_index_day
SPX,2022-08-03,4155.17,robinhood_index_day
SPX,2022-08-04,4151.94,robinhood_index_day
SPX,2022-08-05,4145.19,robinhood_index_day
SPX,2022-08-08,4140.06,robinhood_index_day
SPX,2022-08-09,4122.47,robinhood_index_day
SPX,2022-08-10,4210.24,robinhood_index_day
SPX,2022-08-11,4207.27,robinhood_index_day
SPX,2022-08-12,4280.15,robinhood_index_day
SPX,2022-08-15,4297.14,robinhood_index_day
SPX,2022-08-16,4305.2,robinhood_index_day
SPX,2022-08-17,4274.04,robinhood_index_day
SPX,2022-08-18,4283.74,robinhood_index_day
SPX,2022-08-19,4228.48,robinhood_index_day
SPX,2022-08-22,4137.99,robinhood_index_day
SPX,2022-08-23,4128.73,robinhood_index_day
SPX,2022-08-24,4140.77,robinhood_index_day
SPX,2022-08-25,4199.12,robinhood_index_day
SPX,2022-08-26,4057.66,robinhood_index_day
SPX,2022-08-29,4030.61,robinhood_index_day
SPX,2022-08-30,3986.16,robinhood_index_day
SPX,2022-08-31,3955,robinhood_index_day
SPX,2022-09-01,3966.85,robinhood_index_day
SPX,2022-09-02,3924.26,robinhood_index_day
SPX,2022-09-06,3908.19,robinhood_index_day
SPX,2022-09-07,3979.87,robinhood_index_day
SPX,2022-09-08,4006.18,robinhood_index_day
SPX,2022-09-09,4067.36,robinhood_index_day
SPX,2022-09-12,4110.41,robinhood_index_day
SPX,2022-09-13,3932.69,robinhood_index_day
SPX,2022-09-14,3946.01,robinhood_index_day
SPX,2022-09-15,3901.35,robinhood_index_day
SPX,2022-09-16,3873.33,robinhood_index_day
SPX,2022-09-19,3899.89,robinhood_index_day
SPX,2022-09-20,3855.93,robinhood_index_day
SPX,2022-09-21,3789.93,robinhood_index_day
SPX,2022-09-22,3757.99,robinhood_index_day
SPX,2022-09-23,3693.23,robinhood_index_day
SPX,2022-09-26,3655.04,robinhood_index_day
SPX,2022-09-27,3647.29,robinhood_index_day
SPX,2022-09-28,3719.04,robinhood_index_day
SPX,2022-09-29,3640.47,robinhood_index_day
SPX,2022-09-30,3585.62,robinhood_index_day
SPX,2022-10-03,3678.43,robinhood_index_day
SPX,2022-10-04,3790.93,robinhood_index_day
SPX,2022-10-05,3783.28,robinhood_index_day
SPX,2022-10-06,3744.52,robinhood_index_day
SPX,2022-10-07,3639.66,robinhood_index_day
SPX,2022-10-10,3612.39,robinhood_index_day
SPX,2022-10-11,3588.84,robinhood_index_day
SPX,2022-10-12,3577.03,robinhood_index_day
SPX,2022-10-13,3669.91,robinhood_index_day
SPX,2022-10-14,3583.07,robinhood_index_day
SPX,2022-10-17,3677.95,robinhood_index_day
SPX,2022-10-18,3719.98,robinhood_index_day
SPX,2022-10-19,3695.16,robinhood_index_day
SPX,2022-10-20,3665.78,robinhood_index_day
SPX,2022-10-21,3752.75,robinhood_index_day
SPX,2022-10-24,3797.34,robinhood_index_day
SPX,2022-10-25,3859.11,robinhood_index_day
SPX,2022-10-26,3830.6,robinhood_index_day
SPX,2022-10-27,3807.3,robinhood_index_day
SPX,2022-10-28,3901.06,robinhood_index_day
SPX,2022-10-31,3871.98,robinhood_index_day
SPX,2022-11-01,3856.1,robinhood_index_day
SPX,2022-11-02,3759.69,robinhood_index_day
SPX,2022-11-03,3719.89,robinhood_index_day
SPX,2022-11-04,3770.55,robinhood_index_day
SPX,2022-11-07,3806.8,robinhood_index_day
SPX,2022-11-08,3828.11,robinhood_index_day
SPX,2022-11-09,3748.57,robinhood_index_day
SPX,2022-11-10,3956.37,robinhood_index_day
SPX,2022-11-11,3992.93,robinhood_index_day
SPX,2022-11-14,3957.25,robinhood_index_day
SPX,2022-11-15,3991.73,robinhood_index_day
SPX,2022-11-16,3958.79,robinhood_index_day
SPX,2022-11-17,3946.56,robinhood_index_day
SPX,2022-11-18,3965.34,robinhood_index_day
SPX,2022-11-21,3949.94,robinhood_index_day
SPX,2022-11-22,4003.58,robinhood_index_day
SPX,2022-11-23,4027.26,robinhood_index_day
SPX,2022-11-25,4026.12,robinhood_index_day
SPX,2022-11-28,3963.94,robinhood_index_day
SPX,2022-11-29,3957.63,robinhood_index_day
SPX,2022-11-30,4080.11,robinhood_index_day
SPX,2022-12-01,4076.57,robinhood_index_day
SPX,2022-12-02,4071.7,robinhood_index_day
SPX,2022-12-05,3998.84,robinhood_index_day
SPX,2022-12-06,3941.26,robinhood_index_day
SPX,2022-12-07,3933.92,robinhood_index_day
SPX,2022-12-08,3963.51,robinhood_index_day
SPX,2022-12-09,3934.38,robinhood_index_day
SPX,2022-12-12,3990.56,robinhood_index_day
SPX,2022-12-13,4019.65,robinhood_index_day
SPX,2022-12-14,3995.32,robinhood_index_day
SPX,2022-12-15,3895.75,robinhood_index_day
SPX,2022-12-16,3852.36,robinhood_index_day
SPX,2022-12-19,3817.66,robinhood_index_day
SPX,2022-12-20,3821.62,robinhood_index_day
SPX,2022-12-21,3878.44,robinhood_index_day
SPX,2022-12-22,3822.39,robinhood_index_day
SPX,2022-12-23,3844.82,robinhood_index_day
SPX,2022-12-27,3829.25,robinhood_index_day
SPX,2022-12-28,3783.22,robinhood_index_day
SPX,2022-12-29,3849.28,robinhood_index_day
SPX,2022-12-30,3839.5,robinhood_index_day
SPX,2023-01-03,3824.14,robinhood_index_day
SPX,2023-01-04,3852.97,robinhood_index_day
SPX,2023-01-05,3808.1,robinhood_index_day
SPX,2023-01-06,3895.08,robinhood_index_day
SPX,2023-01-09,3892.09,robinhood_index_day
SPX,2023-01-10,3919.25,robinhood_index_day
SPX,2023-01-11,3969.61,robinhood_index_day
SPX,2023-01-12,3983.17,robinhood_index_day
SPX,2023-01-13,3999.09,robinhood_index_day
SPX,2023-01-17,3990.97,robinhood_index_day
SPX,2023-01-18,3928.86,robinhood_index_day
SPX,2023-01-19,3898.85,robinhood_index_day
SPX,2023-01-20,3972.61,robinhood_index_day
SPX,2023-01-23,4019.81,robinhood_index_day
SPX,2023-01-24,4016.95,robinhood_index_day
SPX,2023-01-25,4016.22,robinhood_index_day
SPX,2023-01-26,4060.43,robinhood_index_day
SPX,2023-01-27,4070.56,robinhood_index_day
SPX,2023-01-30,4017.77,robinhood_index_day
SPX,2023-01-31,4076.6,robinhood_index_day
SPX,2023-02-01,4119.21,robinhood_index_day
SPX,2023-02-02,4179.76,robinhood_index_day
SPX,2023-02-03,4136.48,robinhood_index_day
SPX,2023-02-06,4111.08,robinhood_index_day
SPX,2023-02-07,4164,robinhood_index_day
SPX,2023-02-08,4117.86,robinhood_index_day
SPX,2023-02-09,4081.5,robinhood_index_day
SPX,2023-02-10,4090.46,robinhood_index_day
SPX,2023-02-13,4137.29,robinhood_index_day
SPX,2023-02-14,4136.13,robinhood_index_day
SPX,2023-02-15,4147.6,robinhood_index_day
SPX,2023-02-16,4090.41,robinhood_index_day
SPX,2023-02-17,4079.09,robinhood_index_day
SPX,2023-02-21,3997.34,robinhood_index_day
SPX,2023-02-22,3991.05,robinhood_index_day
SPX,2023-02-23,4012.32,robinhood_index_day
SPX,2023-02-24,3970.04,robinhood_index_day
SPX,2023-02-27,3982.24,robinhood_index_day
SPX,2023-02-28,3970.15,robinhood_index_day
SPX,2023-03-01,3951.39,robinhood_index_day
SPX,2023-03-02,3981.35,robinhood_index_day
SPX,2023-03-03,4045.64,robinhood_index_day
SPX,2023-03-06,4048.42,robinhood_index_day
SPX,2023-03-07,3986.37,robinhood_index_day
SPX,2023-03-08,3992.01,robinhood_index_day
SPX,2023-03-09,3918.32,robinhood_index_day
SPX,2023-03-10,3861.59,robinhood_index_day
SPX,2023-03-13,3855.76,robinhood_index_day
SPX,2023-03-14,3919.29,robinhood_index_day
SPX,2023-03-15,3891.93,robinhood_index_day
SPX,2023-03-16,3960.28,robinhood_index_day
SPX,2023-03-17,3916.64,robinhood_index_day
SPX,2023-03-20,3951.57,robinhood_index_day
SPX,2023-03-21,4002.87,robinhood_index_day
SPX,2023-03-22,3936.97,robinhood_index_day
SPX,2023-03-23,3948.72,robinhood_index_day
SPX,2023-03-24,3970.99,robinhood_index_day
SPX,2023-03-27,3977.53,robinhood_index_day
SPX,2023-03-28,3971.27,robinhood_index_day
SPX,2023-03-29,4027.81,robinhood_index_day
SPX,2023-03-30,4050.83,robinhood_index_day
SPX,2023-03-31,4109.31,robinhood_index_day
SPX,2023-04-03,4124.51,robinhood_index_day
SPX,2023-04-04,4100.6,robinhood_index_day
SPX,2023-04-05,4090.38,robinhood_index_day
SPX,2023-04-06,4105.02,robinhood_index_day
SPX,2023-04-10,4109.11,robinhood_index_day
SPX,2023-04-11,4108.94,robinhood_index_day
SPX,2023-04-12,4091.95,robinhood_index_day
SPX,2023-04-13,4146.22,robinhood_index_day
SPX,2023-04-14,4137.64,robinhood_index_day
SPX,2023-04-17,4151.32,robinhood_index_day
SPX,2023-04-18,4154.87,robinhood_index_day
SPX,2023-04-19,4154.52,robinhood_index_day
SPX,2023-04-20,4129.79,robinhood_index_day
SPX,2023-04-21,4133.52,robinhood_index_day
SPX,2023-04-24,4137.04,robinhood_index_day
SPX,2023-04-25,4071.63,robinhood_index_day
SPX,2023-04-26,4055.99,robinhood_index_day
SPX,2023-04-27,4135.35,robinhood_index_day
SPX,2023-04-28,4169.48,robinhood_index_day
SPX,2023-05-01,4167.87,robinhood_index_day
SPX,2023-05-02,4119.58,robinhood_index_day
SPX,2023-05-03,4090.75,robinhood_index_day
SPX,2023-05-04,4061.22,robinhood_index_day
SPX,2023-05-05,4136.25,robinhood_index_day
SPX,2023-05-08,4138.12,robinhood_index_day
SPX,2023-05-09,4119.17,robinhood_index_day
SPX,2023-05-10,4137.64,robinhood_index_day
SPX,2023-05-11,4130.62,robinhood_index_day
SPX,2023-05-12,4124.08,robinhood_index_day
SPX,2023-05-15,4136.28,robinhood_index_day
SPX,2023-05-16,4109.9,robinhood_index_day
SPX,2023-05-17,4158.77,robinhood_index_day
SPX,2023-05-18,4198.05,robinhood_index_day
SPX,2023-05-19,4191.98,robinhood_index_day
SPX,2023-05-22,4192.63,robinhood_index_day
SPX,2023-05-23,4145.58,robinhood_index_day
SPX,2023-05-24,4115.24,robinhood_index_day
SPX,2023-05-25,4151.28,robinhood_index_day
SPX,2023-05-26,4205.45,robinhood_index_day
SPX,2023-05-30,4205.52,robinhood_index_day
SPX,2023-05-31,4179.83,robinhood_index_day
SPX,2023-06-01,4221.02,robinhood_index_day
SPX,2023-06-02,4282.37,robinhood_index_day
SPX,2023-06-05,4273.79,robinhood_index_day
SPX,2023-06-06,4283.85,robinhood_index_day
SPX,2023-06-07,4267.52,robinhood_index_day
SPX,2023-06-08,4293.93,robinhood_index_day
SPX,2023-06-09,4298.86,robinhood_index_day
SPX,2023-06-12,4338.93,robinhood_index_day
SPX,2023-06-13,4369.01,robinhood_index_day
SPX,2023-06-14,4372.59,robinhood_index_day
SPX,2023-06-15,4425.84,robinhood_index_day
SPX,2023-06-16,4409.59,robinhood_index_day
SPX,2023-06-20,4388.71,robinhood_index_day
SPX,2023-06-21,4365.69,robinhood_index_day
SPX,2023-06-22,4381.89,robinhood_index_day
SPX,2023-06-23,4348.33,robinhood_index_day
SPX,2023-06-26,4328.82,robinhood_index_day
SPX,2023-06-27,4378.41,robinhood_index_day
SPX,2023-06-28,4376.86,robinhood_index_day
SPX,2023-06-29,4396.44,robinhood_index_day
SPX,2023-06-30,4450.38,robinhood_index_day
SPX,2023-07-03,4455.59,robinhood_index_day
SPX,2023-07-05,4446.82,robinhood_index_day
SPX,2023-07-06,4411.59,robinhood_index_day
SPX,2023-07-07,4398.95,robinhood_index_day
SPX,2023-07-10,4409.53,robinhood_index_day
SPX,2023-07-11,4439.26,robinhood_index_day
SPX,2023-07-12,4472.16,robinhood_index_day
SPX,2023-07-13,4510.04,robinhood_index_day
SPX,2023-07-14,4505.42,robinhood_index_day
SPX,2023-07-17,4522.79,robinhood_index_day
SPX,2023-07-18,4554.98,robinhood_index_day
SPX,2023-07-19,4565.72,robinhood_index_day
SPX,2023-07-20,4534.87,robinhood_index_day
SPX,2023-07-21,4536.34,robinhood_index_day
SPX,2023-07-24,4554.64,robinhood_index_day
SPX,2023-07-25,4567.46,robinhood_index_day
SPX,2023-07-26,4566.75,robinhood_index_day
SPX,2023-07-27,4537.41,robinhood_index_day
SPX,2023-07-28,4582.23,robinhood_index_day
SPX,2023-07-31,4588.96,robinhood_index_day
SPX,2023-08-01,4576.73,robinhood_index_day
SPX,2023-08-02,4513.39,robinhood_index_day
SPX,2023-08-03,4501.89,robinhood_index_day
SPX,2023-08-04,4478.03,robinhood_index_day
SPX,2023-08-07,4518.44,robinhood_index_day
SPX,2023-08-08,4499.38,robinhood_index_day
SPX,2023-08-09,4467.71,robinhood_index_day
SPX,2023-08-10,4468.83,robinhood_index_day
SPX,2023-08-11,4464.05,robinhood_index_day
SPX,2023-08-14,4489.72,robinhood_index_day
SPX,2023-08-15,4437.86,robinhood_index_day
SPX,2023-08-16,4404.33,robinhood_index_day
SPX,2023-08-17,4370.36,robinhood_index_day
SPX,2023-08-18,4369.71,robinhood_index_day
SPX,2023-08-21,4399.77,robinhood_index_day
SPX,2023-08-22,4387.55,robinhood_index_day
SPX,2023-08-23,4436.01,robinhood_index_day
SPX,2023-08-24,4376.31,robinhood_index_day
SPX,2023-08-25,4405.71,robinhood_index_day
SPX,2023-08-28,4433.31,robinhood_index_day
SPX,2023-08-29,4497.63,robinhood_index_day
SPX,2023-08-30,4514.87,robinhood_index_day
SPX,2023-08-31,4507.66,robinhood_index_day
SPX,2023-09-01,4515.77,robinhood_index_day
SPX,2023-09-05,4496.83,robinhood_index_day
SPX,2023-09-06,4465.48,robinhood_index_day
SPX,2023-09-07,4451.14,robinhood_index_day
SPX,2023-09-08,4457.49,robinhood_index_day
SPX,2023-09-11,4487.46,robinhood_index_day
SPX,2023-09-12,4461.9,robinhood_index_day
SPX,2023-09-13,4467.44,robinhood_index_day
SPX,2023-09-14,4505.1,robinhood_index_day
SPX,2023-09-15,4450.32,robinhood_index_day
SPX,2023-09-18,4453.53,robinhood_index_day
SPX,2023-09-19,4443.95,robinhood_index_day
SPX,2023-09-20,4402.2,robinhood_index_day
SPX,2023-09-21,4330,robinhood_index_day
SPX,2023-09-22,4320.06,robinhood_index_day
SPX,2023-09-25,4337.44,robinhood_index_day
SPX,2023-09-26,4273.53,robinhood_index_day
SPX,2023-09-27,4274.51,robinhood_index_day
SPX,2023-09-28,4299.7,robinhood_index_day
SPX,2023-09-29,4288.05,robinhood_index_day
SPX,2023-10-02,4288.39,robinhood_index_day
SPX,2023-10-03,4229.45,robinhood_index_day
SPX,2023-10-04,4263.75,robinhood_index_day
SPX,2023-10-05,4258.19,robinhood_index_day
SPX,2023-10-06,4308.5,robinhood_index_day
SPX,2023-10-09,4335.66,robinhood_index_day
SPX,2023-10-10,4358.24,robinhood_index_day
SPX,2023-10-11,4376.95,robinhood_index_day
SPX,2023-10-12,4349.61,robinhood_index_day
SPX,2023-10-13,4327.78,robinhood_index_day
SPX,2023-10-16,4373.63,robinhood_index_day
SPX,2023-10-17,4373.2,robinhood_index_day
SPX,2023-10-18,4314.6,robinhood_index_day
SPX,2023-10-19,4278,robinhood_index_day
SPX,2023-10-20,4224.16,robinhood_index_day
SPX,2023-10-23,4217.04,robinhood_index_day
SPX,2023-10-24,4247.68,robinhood_index_day
SPX,2023-10-25,4186.77,robinhood_index_day
SPX,2023-10-26,4137.23,robinhood_index_day
SPX,2023-10-27,4117.37,robinhood_index_day
SPX,2023-10-30,4166.82,robinhood_index_day
SPX,2023-10-31,4193.8,robinhood_index_day
SPX,2023-11-01,4237.86,robinhood_index_day
SPX,2023-11-02,4317.78,robinhood_index_day
SPX,2023-11-03,4358.34,robinhood_index_day
SPX,2023-11-06,4365.98,robinhood_index_day
SPX,2023-11-07,4378.38,robinhood_index_day
SPX,2023-11-08,4382.78,robinhood_index_day
SPX,2023-11-09,4347.35,robinhood_index_day
SPX,2023-11-10,4415.24,robinhood_index_day
SPX,2023-11-13,4411.55,robinhood_index_day
SPX,2023-11-14,4495.7,robinhood_index_day
SPX,2023-11-15,4502.88,robinhood_index_day
SPX,2023-11-16,4508.24,robinhood_index_day
SPX,2023-11-17,4514.02,robinhood_index_day
SPX,2023-11-20,4547.38,robinhood_index_day
SPX,2023-11-21,4538.19,robinhood_index_day
SPX,2023-11-22,4556.62,robinhood_index_day
SPX,2023-11-24,4559.34,robinhood_index_day
SPX,2023-11-27,4550.43,robinhood_index_day
SPX,2023-11-28,4554.89,robinhood_index_day
SPX,2023-11-29,4550.58,robinhood_index_day
SPX,2023-11-30,4567.8,robinhood_index_day
SPX,2023-12-01,4594.63,robinhood_index_day
SPX,2023-12-04,4569.78,robinhood_index_day
SPX,2023-12-05,4567.18,robinhood_index_day
SPX,2023-12-06,4549.34,robinhood_index_day
SPX,2023-12-07,4585.59,robinhood_index_day
SPX,2023-12-08,4604.37,robinhood_index_day
SPX,2023-12-11,4622.44,robinhood_index_day
SPX,2023-12-12,4643.7,robinhood_index_day
SPX,2023-12-13,4707.09,robinhood_index_day
SPX,2023-12-14,4719.55,robinhood_index_day
SPX,2023-12-15,4719.19,robinhood_index_day
SPX,2023-12-18,4740.56,robinhood_index_day
SPX,2023-12-19,4768.37,robinhood_index_day
SPX,2023-12-20,4698.35,robinhood_index_day
SPX,2023-12-21,4746.75,robinhood_index_day
SPX,2023-12-22,4754.63,robinhood_index_day
SPX,2023-12-26,4774.75,robinhood_index_day
SPX,2023-12-27,4781.58,robinhood_index_day
SPX,2023-12-28,4783.35,robinhood_index_day
SPX,2023-12-29,4769.83,robinhood_index_day
SPX,2024-01-02,4742.83,robinhood_index_day
SPX,2024-01-03,4704.81,robinhood_index_day
SPX,2024-01-04,4688.68,robinhood_index_day
SPX,2024-01-05,4697.24,robinhood_index_day
SPX,2024-01-08,4763.54,robinhood_index_day
SPX,2024-01-09,4756.5,robinhood_index_day
SPX,2024-01-10,4783.45,robinhood_index_day
SPX,2024-01-11,4780.24,robinhood_index_day
SPX,2024-01-12,4783.83,robinhood_index_day
SPX,2024-01-16,4765.98,robinhood_index_day
SPX,2024-01-17,4739.21,robinhood_index_day
SPX,2024-01-18,4780.94,robinhood_index_day
SPX,2024-01-19,4839.81,robinhood_index_day
SPX,2024-01-22,4850.43,robinhood_index_day
SPX,2024-01-23,4864.6,robinhood_index_day
SPX,2024-01-24,4868.55,robinhood_index_day
SPX,2024-01-25,4894.16,robinhood_index_day
SPX,2024-01-26,4890.97,robinhood_index_day
SPX,2024-01-29,4927.93,robinhood_index_day
SPX,2024-01-30,4924.97,robinhood_index_day
SPX,2024-01-31,4845.65,robinhood_index_day
SPX,2024-02-01,4906.19,robinhood_index_day
SPX,2024-02-02,4958.61,robinhood_index_day
SPX,2024-02-05,4942.81,robinhood_index_day
SPX,2024-02-06,4954.23,robinhood_index_day
SPX,2024-02-07,4995.06,robinhood_index_day
SPX,2024-02-08,4997.91,robinhood_index_day
SPX,2024-02-09,5026.61,robinhood_index_day
SPX,2024-02-12,5021.84,robinhood_index_day
SPX,2024-02-13,4953.17,robinhood_index_day
SPX,2024-02-14,5000.62,robinhood_index_day
SPX,2024-02-15,5029.73,robinhood_index_day
SPX,2024-02-16,5005.57,robinhood_index_day
SPX,2024-02-20,4975.51,robinhood_index_day
SPX,2024-02-21,4981.8,robinhood_index_day
SPX,2024-02-22,5087.03,robinhood_index_day
SPX,2024-02-23,5088.8,robinhood_index_day
SPX,2024-02-26,5069.53,robinhood_index_day
SPX,2024-02-27,5078.18,robinhood_index_day
SPX,2024-02-28,5069.76,robinhood_index_day
SPX,2024-02-29,5096.27,robinhood_index_day
SPX,2024-03-01,5137.08,robinhood_index_day
SPX,2024-03-04,5130.95,robinhood_index_day
SPX,2024-03-05,5078.65,robinhood_index_day
SPX,2024-03-06,5104.76,robinhood_index_day
SPX,2024-03-07,5157.36,robinhood_index_day
SPX,2024-03-08,5123.69,robinhood_index_day
SPX,2024-03-11,5117.94,robinhood_index_day
SPX,2024-03-12,5175.27,robinhood_index_day
SPX,2024-03-13,5165.31,robinhood_index_day
SPX,2024-03-14,5150.48,robinhood_index_day
SPX,2024-03-15,5117.09,robinhood_index_day
SPX,2024-03-18,5149.42,robinhood_index_day
SPX,2024-03-19,5178.51,robinhood_index_day
SPX,2024-03-20,5224.62,robinhood_index_day
SPX,2024-03-21,5241.53,robinhood_index_day
SPX,2024-03-22,5234.18,robinhood_index_day
SPX,2024-03-25,5218.19,robinhood_index_day
SPX,2024-03-26,5203.58,robinhood_index_day
SPX,2024-03-27,5248.49,robinhood_index_day
SPX,2024-03-28,5254.35,robinhood_index_day
SPX,2024-04-01,5243.77,robinhood_index_day
SPX,2024-04-02,5205.81,robinhood_index_day
SPX,2024-04-03,5211.49,robinhood_index_day
SPX,2024-04-04,5147.21,robinhood_index_day
SPX,2024-04-05,5204.34,robinhood_index_day
SPX,2024-04-08,5202.39,robinhood_index_day
SPX,2024-04-09,5209.91,robinhood_index_day
SPX,2024-04-10,5160.64,robinhood_index_day
SPX,2024-04-11,5199.06,robinhood_index_day
SPX,2024-04-12,5123.41,robinhood_index_day
SPX,2024-04-15,5061.82,robinhood_index_day
SPX,2024-04-16,5051.41,robinhood_index_day
SPX,2024-04-17,5022.21,robinhood_index_day
SPX,2024-04-18,5011.12,robinhood_index_day
SPX,2024-04-19,4967.23,robinhood_index_day
SPX,2024-04-22,5010.6,robinhood_index_day
SPX,2024-04-23,5070.55,robinhood_index_day
SPX,2024-04-24,5071.63,robinhood_index_day
SPX,2024-04-25,5048.42,robinhood_index_day
SPX,2024-04-26,5099.96,robinhood_index_day
SPX,2024-04-29,5116.17,robinhood_index_day
SPX,2024-04-30,5035.69,robinhood_index_day
SPX,2024-05-01,5018.39,robinhood_index_day
SPX,2024-05-02,5064.2,robinhood_index_day
SPX,2024-05-03,5127.79,robinhood_index_day
SPX,2024-05-06,5180.74,robinhood_index_day
SPX,2024-05-07,5187.7,robinhood_index_day
SPX,2024-05-08,5187.67,robinhood_index_day
SPX,2024-05-09,5214.08,robinhood_index_day
SPX,2024-05-10,5222.68,robinhood_index_day
SPX,2024-05-13,5221.42,robinhood_index_day
SPX,2024-05-14,5246.68,robinhood_index_day
SPX,2024-05-15,5308.15,robinhood_index_day
SPX,2024-05-16,5297.1,robinhood_index_day
SPX,2024-05-17,5303.27,robinhood_index_day
SPX,2024-05-20,5308.13,robinhood_index_day
SPX,2024-05-21,5321.41,robinhood_index_day
SPX,2024-05-22,5307.01,robinhood_index_day
SPX,2024-05-23,5267.84,robinhood_index_day
SPX,2024-05-24,5304.72,robinhood_index_day
SPX,2024-05-28,5306.04,robinhood_index_day
SPX,2024-05-29,5266.95,robinhood_index_day
SPX,2024-05-30,5235.48,robinhood_index_day
SPX,2024-05-31,5277.51,robinhood_index_day
SPX,2024-06-03,5283.4,robinhood_index_day
SPX,2024-06-04,5291.34,robinhood_index_day
SPX,2024-06-05,5354.03,robinhood_index_day
SPX,2024-06-06,5352.96,robinhood_index_day
SPX,2024-06-07,5346.99,robinhood_index_day
SPX,2024-06-10,5360.79,robinhood_index_day
SPX,2024-06-11,5375.32,robinhood_index_day
SPX,2024-06-12,5421.03,robinhood_index_day
SPX,2024-06-13,5433.74,robinhood_index_day
SPX,2024-06-14,5431.6,robinhood_index_day
SPX,2024-06-17,5473.23,robinhood_index_day
SPX,2024-06-18,5487.03,robinhood_index_day
SPX,2024-06-20,5473.17,robinhood_index_day
SPX,2024-06-21,5464.62,robinhood_index_day
SPX,2024-06-24,5447.87,robinhood_index_day
SPX,2024-06-25,5469.3,robinhood_index_day
SPX,2024-06-26,5477.9,robinhood_index_day
SPX,2024-06-27,5482.87,robinhood_index_day
SPX,2024-06-28,5460.48,robinhood_index_day
SPX,2024-07-01,5475.09,robinhood_index_day
SPX,2024-07-02,5509.01,robinhood_index_day
SPX,2024-07-03,5537.02,robinhood_index_day
SPX,2024-07-05,5567.19,robinhood_index_day
SPX,2024-07-08,5572.85,robinhood_index_day
SPX,2024-07-09,5576.98,robinhood_index_day
SPX,2024-07-10,5633.91,robinhood_index_day
SPX,2024-07-11,5584.54,robinhood_index_day
SPX,2024-07-12,5615.35,robinhood_index_day
SPX,2024-07-15,5631.22,robinhood_index_day
SPX,2024-07-16,5667.2,robinhood_index_day
SPX,2024-07-17,5588.27,robinhood_index_day
SPX,2024-07-18,5544.59,robinhood_index_day
SPX,2024-07-19,5505,robinhood_index_day
SPX,2024-07-22,5564.41,robinhood_index_day
SPX,2024-07-23,5555.74,robinhood_index_day
SPX,2024-07-24,5427.13,robinhood_index_day
SPX,2024-07-25,5399.22,robinhood_index_day
SPX,2024-07-26,5459.1,robinhood_index_day
SPX,2024-07-29,5463.54,robinhood_index_day
SPX,2024-07-30,5436.44,robinhood_index_day
SPX,2024-07-31,5522.3,robinhood_index_day
SPX,2024-08-01,5446.68,robinhood_index_day
SPX,2024-08-02,5346.56,robinhood_index_day
SPX,2024-08-05,5186.33,robinhood_index_day
SPX,2024-08-06,5240.03,robinhood_index_day
SPX,2024-08-07,5199.5,robinhood_index_day
SPX,2024-08-08,5319.31,robinhood_index_day
SPX,2024-08-09,5344.16,robinhood_index_day
SPX,2024-08-12,5344.39,robinhood_index_day
SPX,2024-08-13,5434.43,robinhood_index_day
SPX,2024-08-14,5455.21,robinhood_index_day
SPX,2024-08-15,5543.22,robinhood_index_day
SPX,2024-08-16,5554.25,robinhood_index_day
SPX,2024-08-19,5608.25,robinhood_index_day
SPX,2024-08-20,5597.12,robinhood_index_day
SPX,2024-08-21,5620.85,robinhood_index_day
SPX,2024-08-22,5570.64,robinhood_index_day
SPX,2024-08-23,5634.61,robinhood_index_day
SPX,2024-08-26,5616.84,robinhood_index_day
SPX,2024-08-27,5625.8,robinhood_index_day
SPX,2024-08-28,5592.18,robinhood_index_day
SPX,2024-08-29,5591.96,robinhood_index_day
SPX,2024-08-30,5648.4,robinhood_index_day
SPX,2024-09-03,5528.93,robinhood_index_day
SPX,2024-09-04,5520.07,robinhood_index_day
SPX,2024-09-05,5503.41,robinhood_index_day
SPX,2024-09-06,5408.42,robinhood_index_day
SPX,2024-09-09,5471.05,robinhood_index_day
SPX,2024-09-10,5495.52,robinhood_index_day
SPX,2024-09-11,5554.13,robinhood_index_day
SPX,2024-09-12,5595.76,robinhood_index_day
SPX,2024-09-13,5626.02,robinhood_index_day
SPX,2024-09-16,5633.09,robinhood_index_day
SPX,2024-09-17,5634.58,robinhood_index_day
SPX,2024-09-18,5618.26,robinhood_index_day
SPX,2024-09-19,5713.64,robinhood_index_day
SPX,2024-09-20,5702.55,robinhood_index_day
SPX,2024-09-23,5718.57,robinhood_index_day
SPX,2024-09-24,5732.93,robinhood_index_day
SPX,2024-09-25,5722.26,robinhood_index_day
SPX,2024-09-26,5745.37,robinhood_index_day
SPX,2024-09-27,5738.17,robinhood_index_day
SPX,2024-09-30,5762.48,robinhood_index_day
SPX,2024-10-01,5708.75,robinhood_index_day
SPX,2024-10-02,5709.54,robinhood_index_day
SPX,2024-10-03,5699.94,robinhood_index_day
SPX,2024-10-04,5751.07,robinhood_index_day
SPX,2024-10-07,5695.94,robinhood_index_day
SPX,2024-10-08,5751.13,robinhood_index_day
SPX,2024-10-09,5792.04,robinhood_index_day
SPX,2024-10-10,5780.05,robinhood_index_day
SPX,2024-10-11,5815.03,robinhood_index_day
SPX,2024-10-14,5859.85,robinhood_index_day
SPX,2024-10-15,5815.26,robinhood_index_day
SPX,2024-10-16,5842.47,robinhood_index_day
SPX,2024-10-17,5841.47,robinhood_index_day
SPX,2024-10-18,5864.67,robinhood_index_day
SPX,2024-10-21,5853.98,robinhood_index_day
SPX,2024-10-22,5851.2,robinhood_index_day
SPX,2024-10-23,5797.42,robinhood_index_day
SPX,2024-10-24,5809.86,robinhood_index_day
SPX,2024-10-25,5808.12,robinhood_index_day
SPX,2024-10-28,5823.52,robinhood_index_day
SPX,2024-10-29,5832.92,robinhood_index_day
SPX,2024-10-30,5813.67,robinhood_index_day
SPX,2024-10-31,5705.45,robinhood_index_day
SPX,2024-11-01,5728.8,robinhood_index_day
SPX,2024-11-04,5712.69,robinhood_index_day
SPX,2024-11-05,5782.76,robinhood_index_day
SPX,2024-11-06,5929.04,robinhood_index_day
SPX,2024-11-07,5973.1,robinhood_index_day
SPX,2024-11-08,5995.54,robinhood_index_day
SPX,2024-11-11,6001.35,robinhood_index_day
SPX,2024-11-12,5983.99,robinhood_index_day
SPX,2024-11-13,5985.38,robinhood_index_day
SPX,2024-11-14,5949.17,robinhood_index_day
SPX,2024-11-15,5870.62,robinhood_index_day
SPX,2024-11-18,5893.62,robinhood_index_day
SPX,2024-11-19,5916.98,robinhood_index_day
SPX,2024-11-20,5917.11,robinhood_index_day
SPX,2024-11-21,5948.71,robinhood_index_day
SPX,2024-11-22,5969.34,robinhood_index_day
SPX,2024-11-25,5987.37,robinhood_index_day
SPX,2024-11-26,6021.63,robinhood_index_day
SPX,2024-11-27,5998.74,robinhood_index_day
SPX,2024-11-29,6032.38,robinhood_index_day
SPX,2024-12-02,6047.15,robinhood_index_day
SPX,2024-12-03,6049.88,robinhood_index_day
SPX,2024-12-04,6086.49,robinhood_index_day
SPX,2024-12-05,6075.11,robinhood_index_day
SPX,2024-12-06,6090.27,robinhood_index_day
SPX,2024-12-09,6052.85,robinhood_index_day
SPX,2024-12-10,6034.91,robinhood_index_day
SPX,2024-12-11,6084.19,robinhood_index_day
SPX,2024-12-12,6051.25,robinhood_index_day
SPX,2024-12-13,6051.09,robinhood_index_day
SPX,2024-12-16,6074.08,robinhood_index_day
SPX,2024-12-17,6050.61,robinhood_index_day
SPX,2024-12-18,5872.16,robinhood_index_day
SPX,2024-12-19,5867.08,robinhood_index_day
SPX,2024-12-20,5930.85,robinhood_index_day
SPX,2024-12-23,5974.07,robinhood_index_day
SPX,2024-12-24,6040.04,robinhood_index_day
SPX,2024-12-26,6037.59,robinhood_index_day
SPX,2024-12-27,5970.84,robinhood_index_day
SPX,2024-12-30,5906.94,robinhood_index_day
SPX,2024-12-31,5881.63,robinhood_index_day
SPX,2025-01-02,5868.55,robinhood_index_day
SPX,2025-01-03,5942.47,robinhood_index_day
SPX,2025-01-06,5975.38,robinhood_index_day
SPX,2025-01-07,5909.03,robinhood_index_day
SPX,2025-01-08,5918.25,robinhood_index_day
SPX,2025-01-10,5827.04,robinhood_index_day
SPX,2025-01-13,5836.22,robinhood_index_day
SPX,2025-01-14,5842.91,robinhood_index_day
SPX,2025-01-15,5949.91,robinhood_index_day
SPX,2025-01-16,5937.34,robinhood_index_day
SPX,2025-01-17,5996.66,robinhood_index_day
SPX,2025-01-21,6049.24,robinhood_index_day
SPX,2025-01-22,6086.37,robinhood_index_day
SPX,2025-01-23,6118.71,robinhood_index_day
SPX,2025-01-24,6101.24,robinhood_index_day
SPX,2025-01-27,6012.28,robinhood_index_day
SPX,2025-01-28,6067.7,robinhood_index_day
SPX,2025-01-29,6039.31,robinhood_index_day
SPX,2025-01-30,6071.17,robinhood_index_day
SPX,2025-01-31,6040.53,robinhood_index_day
SPX,2025-02-03,5994.57,robinhood_index_day
SPX,2025-02-04,6037.88,robinhood_index_day
SPX,2025-02-05,6061.48,robinhood_index_day
SPX,2025-02-06,6083.57,robinhood_index_day
SPX,2025-02-07,6025.99,robinhood_index_day
SPX,2025-02-10,6066.44,robinhood_index_day
SPX,2025-02-11,6068.5,robinhood_index_day
SPX,2025-02-12,6051.97,robinhood_index_day
SPX,2025-02-13,6115.07,robinhood_index_day
SPX,2025-02-14,6114.63,robinhood_index_day
SPX,2025-02-18,6129.58,robinhood_index_day
SPX,2025-02-19,6144.15,robinhood_index_day
SPX,2025-02-20,6117.52,robinhood_index_day
SPX,2025-02-21,6013.13,robinhood_index_day
SPX,2025-02-24,5983.25,robinhood_index_day
SPX,2025-02-25,5955.25,robinhood_index_day
SPX,2025-02-26,5956.06,robinhood_index_day
SPX,2025-02-27,5861.57,robinhood_index_day
SPX,2025-02-28,5954.5,robinhood_index_day
SPX,2025-03-03,5849.72,robinhood_index_day
SPX,2025-03-04,5778.15,robinhood_index_day
SPX,2025-03-05,5842.63,robinhood_index_day
SPX,2025-03-06,5738.52,robinhood_index_day
SPX,2025-03-07,5770.2,robinhood_index_day
SPX,2025-03-10,5614.56,robinhood_index_day
SPX,2025-03-11,5572.07,robinhood_index_day
SPX,2025-03-12,5599.3,robinhood_index_day
SPX,2025-03-13,5521.52,robinhood_index_day
SPX,2025-03-14,5638.94,robinhood_index_day
SPX,2025-03-17,5675.12,robinhood_index_day
SPX,2025-03-18,5614.66,robinhood_index_day
SPX,2025-03-19,5675.29,robinhood_index_day
SPX,2025-03-20,5662.89,robinhood_index_day
SPX,2025-03-21,5667.56,robinhood_index_day
SPX,2025-03-24,5767.57,robinhood_index_day
SPX,2025-03-25,5776.65,robinhood_index_day
SPX,2025-03-26,5712.2,robinhood_index_day
SPX,2025-03-27,5693.31,robinhood_index_day
SPX,2025-03-28,5580.94,robinhood_index_day
SPX,2025-03-31,5611.85,robinhood_index_day
SPX,2025-04-01,5633.07,robinhood_index_day
SPX,2025-04-02,5670.97,robinhood_index_day
SPX,2025-04-03,5396.52,robinhood_index_day
SPX,2025-04-04,5074.08,robinhood_index_day
SPX,2025-04-07,5062.25,robinhood_index_day
SPX,2025-04-08,4982.77,robinhood_index_day
SPX,2025-04-09,5456.9,robinhood_index_day
SPX,2025-04-10,5268.05,robinhood_index_day
SPX,2025-04-11,5363.36,robinhood_index_day
SPX,2025-04-14,5405.97,robinhood_index_day
SPX,2025-04-15,5396.63,robinhood_index_day
SPX,2025-04-16,5275.7,robinhood_index_day
SPX,2025-04-17,5282.7,robinhood_index_day
SPX,2025-04-21,5158.2,robinhood_index_day
SPX,2025-04-22,5287.76,robinhood_index_day
SPX,2025-04-23,5375.86,robinhood_index_day
SPX,2025-04-24,5484.77,robinhood_index_day
SPX,2025-04-25,5525.21,robinhood_index_day
SPX,2025-04-28,5528.75,robinhood_index_day
SPX,2025-04-29,5560.83,robinhood_index_day
SPX,2025-04-30,5569.06,robinhood_index_day
SPX,2025-05-01,5604.14,robinhood_index_day
SPX,2025-05-02,5686.67,robinhood_index_day
SPX,2025-05-05,5650.38,robinhood_index_day
SPX,2025-05-06,5606.91,robinhood_index_day
SPX,2025-05-07,5631.28,robinhood_index_day
SPX,2025-05-08,5663.94,robinhood_index_day
SPX,2025-05-09,5659.91,robinhood_index_day
SPX,2025-05-12,5844.19,robinhood_index_day
SPX,2025-05-13,5886.55,robinhood_index_day
SPX,2025-05-14,5892.58,robinhood_index_day
SPX,2025-05-15,5916.93,robinhood_index_day
SPX,2025-05-16,5958.38,robinhood_index_day
SPX,2025-05-19,5963.6,robinhood_index_day
SPX,2025-05-20,5940.46,robinhood_index_day
SPX,2025-05-21,5844.61,robinhood_index_day
SPX,2025-05-22,5842.01,robinhood_index_day
SPX,2025-05-23,5802.82,robinhood_index_day
SPX,2025-05-27,5921.54,robinhood_index_day
SPX,2025-05-28,5888.55,robinhood_index_day
SPX,2025-05-29,5912.17,robinhood_index_day
SPX,2025-05-30,5911.69,robinhood_index_day
SPX,2025-06-02,5935.94,robinhood_index_day
SPX,2025-06-03,5970.37,robinhood_index_day
SPX,2025-06-04,5970.81,robinhood_index_day
SPX,2025-06-05,5939.3,robinhood_index_day
SPX,2025-06-06,6000.36,robinhood_index_day
SPX,2025-06-09,6005.88,robinhood_index_day
SPX,2025-06-10,6038.81,robinhood_index_day
SPX,2025-06-11,6022.24,robinhood_index_day
SPX,2025-06-12,6045.26,robinhood_index_day
SPX,2025-06-13,5976.97,robinhood_index_day
SPX,2025-06-16,6033.11,robinhood_index_day
SPX,2025-06-17,5982.72,robinhood_index_day
SPX,2025-06-18,5980.87,robinhood_index_day
SPX,2025-06-20,5967.84,robinhood_index_day
SPX,2025-06-23,6025.17,robinhood_index_day
SPX,2025-06-24,6092.18,robinhood_index_day
SPX,2025-06-25,6092.16,robinhood_index_day
SPX,2025-06-26,6141.02,robinhood_index_day
SPX,2025-06-27,6173.07,robinhood_index_day
SPX,2025-06-30,6204.95,robinhood_index_day
SPX,2025-07-01,6198.01,robinhood_index_day
SPX,2025-07-02,6227.42,robinhood_index_day
SPX,2025-07-03,6279.35,robinhood_index_day
SPX,2025-07-07,6229.98,robinhood_index_day
SPX,2025-07-08,6225.52,robinhood_index_day
SPX,2025-07-09,6263.26,robinhood_index_day
SPX,2025-07-10,6280.46,robinhood_index_day
SPX,2025-07-11,6259.75,robinhood_index_day
SPX,2025-07-14,6268.56,robinhood_index_day
SPX,2025-07-15,6243.76,robinhood_index_day
SPX,2025-07-16,6263.7,robinhood_index_day
SPX,2025-07-17,6297.36,robinhood_index_day
SPX,2025-07-18,6296.79,robinhood_index_day
SPX,2025-07-21,6305.6,robinhood_index_day
SPX,2025-07-22,6309.62,robinhood_index_day
SPX,2025-07-23,6358.91,robinhood_index_day
SPX,2025-07-24,6363.35,robinhood_index_day
SPX,2025-07-25,6388.64,robinhood_index_day
SPX,2025-07-28,6389.77,robinhood_index_day
SPX,2025-07-29,6370.86,robinhood_index_day
SPX,2025-07-30,6362.9,robinhood_index_day
SPX,2025-07-31,6339.39,robinhood_index_day
SPX,2025-08-01,6238.01,robinhood_index_day
SPX,2025-08-04,6329.94,robinhood_index_day
SPX,2025-08-05,6299.19,robinhood_index_day
SPX,2025-08-06,6345.06,robinhood_index_day
SPX,2025-08-07,6340,robinhood_index_day
SPX,2025-08-08,6389.45,robinhood_index_day
SPX,2025-08-11,6373.45,robinhood_index_day
SPX,2025-08-12,6445.76,robinhood_index_day
SPX,2025-08-13,6466.58,robinhood_index_day
SPX,2025-08-14,6468.54,robinhood_index_day
SPX,2025-08-15,6449.8,robinhood_index_day
SPX,2025-08-18,6449.15,robinhood_index_day
SPX,2025-08-19,6411.37,robinhood_index_day
SPX,2025-08-20,6395.78,robinhood_index_day
SPX,2025-08-21,6370.17,robinhood_index_day
SPX,2025-08-22,6466.91,robinhood_index_day
SPX,2025-08-25,6439.32,robinhood_index_day
SPX,2025-08-26,6465.94,robinhood_index_day
SPX,2025-08-27,6481.4,robinhood_index_day
SPX,2025-08-28,6501.86,robinhood_index_day
SPX,2025-08-29,6460.26,robinhood_index_day
SPX,2025-09-02,6415.54,robinhood_index_day
SPX,2025-09-03,6448.26,robinhood_index_day
SPX,2025-09-04,6502.08,robinhood_index_day
SPX,2025-09-05,6481.5,robinhood_index_day
SPX,2025-09-08,6495.15,robinhood_index_day
SPX,2025-09-09,6512.61,robinhood_index_day
SPX,2025-09-10,6532.04,robinhood_index_day
SPX,2025-09-11,6587.47,robinhood_index_day
SPX,2025-09-12,6584.29,robinhood_index_day
SPX,2025-09-15,6615.28,robinhood_index_day
SPX,2025-09-16,6606.76,robinhood_index_day
SPX,2025-09-17,6600.35,robinhood_index_day
SPX,2025-09-18,6631.96,robinhood_index_day
SPX,2025-09-19,6664.36,robinhood_index_day
SPX,2025-09-22,6693.75,robinhood_index_day
SPX,2025-09-23,6656.92,robinhood_index_day
SPX,2025-09-24,6637.97,robinhood_index_day
SPX,2025-09-25,6604.72,robinhood_index_day
SPX,2025-09-26,6643.7,robinhood_index_day
SPX,2025-09-29,6661.21,robinhood_index_day
SPX,2025-09-30,6688.46,robinhood_index_day
SPX,2025-10-01,6711.2,robinhood_index_day
SPX,2025-10-02,6715.35,robinhood_index_day
SPX,2025-10-03,6715.79,robinhood_index_day
SPX,2025-10-06,6740.28,robinhood_index_day
SPX,2025-10-07,6714.59,robinhood_index_day
SPX,2025-10-08,6753.72,robinhood_index_day
SPX,2025-10-09,6735.11,robinhood_index_day
SPX,2025-10-10,6552.51,robinhood_index_day
SPX,2025-10-13,6654.72,robinhood_index_day
SPX,2025-10-14,6644.31,robinhood_index_day
SPX,2025-10-15,6671.06,robinhood_index_day
SPX,2025-10-16,6629.07,robinhood_index_day
SPX,2025-10-17,6664.01,robinhood_index_day
SPX,2025-10-20,6735.13,robinhood_index_day
SPX,2025-10-21,6735.35,robinhood_index_day
SPX,2025-10-22,6699.4,robinhood_index_day
SPX,2025-10-23,6738.44,robinhood_index_day
SPX,2025-10-24,6791.69,robinhood_index_day
SPX,2025-10-27,6875.16,robinhood_index_day
SPX,2025-10-28,6890.89,robinhood_index_day
SPX,2025-10-29,6890.59,robinhood_index_day
SPX,2025-10-30,6822.34,robinhood_index_day
SPX,2025-10-31,6840.2,robinhood_index_day
SPX,2025-11-03,6851.97,robinhood_index_day
SPX,2025-11-04,6771.55,robinhood_index_day
SPX,2025-11-05,6796.29,robinhood_index_day
SPX,2025-11-06,6720.32,robinhood_index_day
SPX,2025-11-07,6728.8,robinhood_index_day
SPX,2025-11-10,6832.43,robinhood_index_day
SPX,2025-11-11,6846.61,robinhood_index_day
SPX,2025-11-12,6850.92,robinhood_index_day
SPX,2025-11-13,6737.49,robinhood_index_day
SPX,2025-11-14,6734.11,robinhood_index_day
SPX,2025-11-17,6672.41,robinhood_index_day
SPX,2025-11-18,6617.32,robinhood_index_day
SPX,2025-11-19,6642.16,robinhood_index_day
SPX,2025-11-20,6538.76,robinhood_index_day
SPX,2025-11-21,6602.99,robinhood_index_day
SPX,2025-11-24,6705.12,robinhood_index_day
SPX,2025-11-25,6765.88,robinhood_index_day
SPX,2025-11-26,6812.61,robinhood_index_day
SPX,2025-11-28,6849.09,robinhood_index_day
SPX,2025-12-01,6812.63,robinhood_index_day
SPX,2025-12-02,6829.37,robinhood_index_day
SPX,2025-12-03,6849.72,robinhood_index_day
SPX,2025-12-04,6857.12,robinhood_index_day
SPX,2025-12-05,6870.4,robinhood_index_day
SPX,2025-12-08,6846.51,robinhood_index_day
SPX,2025-12-09,6840.51,robinhood_index_day
SPX,2025-12-10,6886.68,robinhood_index_day
SPX,2025-12-11,6901,robinhood_index_day
SPX,2025-12-12,6827.41,robinhood_index_day
SPX,2025-12-15,6816.51,robinhood_index_day
SPX,2025-12-16,6800.26,robinhood_index_day
SPX,2025-12-17,6721.43,robinhood_index_day
SPX,2025-12-18,6774.76,robinhood_index_day
SPX,2025-12-19,6834.5,robinhood_index_day
SPX,2025-12-22,6878.49,robinhood_index_day
SPX,2025-12-23,6909.79,robinhood_index_day
SPX,2025-12-24,6932.05,robinhood_index_day
SPX,2025-12-26,6929.94,robinhood_index_day
SPX,2025-12-29,6905.74,robinhood_index_day
SPX,2025-12-30,6896.24,robinhood_index_day
SPX,2026-01-02,6858.47,robinhood_index_day
SPX,2026-01-05,6902.05,robinhood_index_day
SPX,2026-01-06,6944.82,robinhood_index_day
SPX,2026-01-07,6920.93,robinhood_index_day
SPX,2026-01-08,6921.46,robinhood_index_day
SPX,2026-01-09,6966.28,robinhood_index_day
SPX,2026-01-12,6977.27,robinhood_index_day
SPX,2026-01-13,6963.74,robinhood_index_day
SPX,2026-01-14,6926.6,robinhood_index_day
SPX,2026-01-15,6944.47,robinhood_index_day
SPX,2026-01-16,6940.01,robinhood_index_day
SPX,2026-01-20,6796.86,robinhood_index_day
SPX,2026-01-21,6875.62,robinhood_index_day
SPX,2026-01-22,6913.35,robinhood_index_day
SPX,2026-01-23,6915.61,robinhood_index_day
SPX,2026-01-26,6950.23,robinhood_index_day
SPX,2026-01-27,6978.6,robinhood_index_day
SPX,2026-01-28,6978.03,robinhood_index_day
SPX,2026-01-29,6969.01,robinhood_index_day
SPX,2026-01-30,6939.03,robinhood_index_day
SPX,2026-02-02,6976.44,robinhood_index_day
SPX,2026-02-03,6917.81,robinhood_index_day
SPX,2026-02-04,6882.72,robinhood_index_day
SPX,2026-02-05,6798.4,robinhood_index_day
SPX,2026-02-06,6932.3,robinhood_index_day
SPX,2026-02-09,6964.82,robinhood_index_day
SPX,2026-02-10,6941.81,robinhood_index_day
SPX,2026-02-11,6941.47,robinhood_index_day
SPX,2026-02-12,6832.76,robinhood_index_day
SPX,2026-02-13,6836.17,robinhood_index_day
SPX,2026-02-17,6843.22,robinhood_index_day
SPX,2026-02-18,6881.31,robinhood_index_day
SPX,2026-02-19,6861.89,robinhood_index_day
SPX,2026-02-20,6909.51,robinhood_index_day
SPX,2026-02-23,6837.75,robinhood_index_day
SPX,2026-02-24,6890.07,robinhood_index_day
SPX,2026-02-25,6946.13,robinhood_index_day
SPX,2026-02-26,6908.86,robinhood_index_day
SPX,2026-02-27,6878.88,robinhood_index_day
SPX,2026-03-02,6881.62,robinhood_index_day
SPX,2026-03-03,6816.63,robinhood_index_day
SPX,2026-03-04,6869.5,robinhood_index_day
SPX,2026-03-05,6830.71,robinhood_index_day
SPX,2026-03-06,6740.02,robinhood_index_day
SPX,2026-03-09,6795.99,robinhood_index_day
SPX,2026-03-10,6781.48,robinhood_index_day
SPX,2026-03-11,6775.8,robinhood_index_day
SPX,2026-03-12,6672.62,robinhood_index_day
SPX,2026-03-13,6632.19,robinhood_index_day
SPX,2026-03-16,6699.38,robinhood_index_day
SPX,2026-03-17,6716.09,robinhood_index_day
SPX,2026-03-18,6624.7,robinhood_index_day
SPX,2026-03-19,6606.49,robinhood_index_day
SPX,2026-03-20,6506.48,robinhood_index_day
SPX,2026-03-23,6581,robinhood_index_day
SPX,2026-03-24,6556.37,robinhood_index_day
SPX,2026-03-25,6591.9,robinhood_index_day
SPX,2026-03-26,6477.16,robinhood_index_day
SPX,2026-03-27,6368.85,robinhood_index_day
SPX,2026-03-30,6343.72,robinhood_index_day
SPX,2026-03-31,6528.52,robinhood_index_day
SPX,2026-04-01,6575.32,robinhood_index_day
SPX,2026-04-02,6582.69,robinhood_index_day
SPX,2026-04-06,6611.83,robinhood_index_day
SPX,2026-04-07,6616.85,robinhood_index_day
SPX,2026-04-08,6782.81,robinhood_index_day
SPX,2026-04-09,6824.66,robinhood_index_day
SPX,2026-04-10,6816.89,robinhood_index_day
SPX,2026-04-13,6886.24,robinhood_index_day
SPX,2026-04-14,6967.38,robinhood_index_day
SPX,2026-04-15,7022.95,robinhood_index_day
SPX,2026-04-16,7041.28,robinhood_index_day
SPX,2026-04-17,7126.06,robinhood_index_day
SPX,2026-04-20,7109.14,robinhood_index_day
SPX,2026-04-21,7064.01,robinhood_index_day
SPX,2026-04-22,7137.9,robinhood_index_day
SPX,2026-04-23,7108.4,robinhood_index_day
SPX,2026-04-24,7165.08,robinhood_index_day
SPX,2026-04-27,7173.91,robinhood_index_day
SPX,2026-04-28,7138.8,robinhood_index_day
SPX,2026-04-29,7135.95,robinhood_index_day
SPX,2026-04-30,7209.01,robinhood_index_day
SPX,2026-05-01,7230.12,robinhood_index_day
SPX,2026-05-04,7200.75,robinhood_index_day
SPX,2026-05-05,7259.22,robinhood_index_day
SPX,2026-05-06,7365.12,robinhood_index_day
SPX,2026-05-07,7337.11,robinhood_index_day
SPX,2026-05-08,7398.93,robinhood_index_day
SPX,2026-05-11,7412.84,robinhood_index_day
SPX,2026-05-12,7400.96,robinhood_index_day
SPX,2026-05-13,7444.25,robinhood_index_day
SPX,2026-05-14,7501.24,robinhood_index_day
SPX,2026-05-15,7408.5,robinhood_index_day
SPX,2026-05-18,7403.05,robinhood_index_day
SPX,2026-05-19,7353.61,robinhood_index_day
SPX,2026-05-20,7432.97,robinhood_index_day
SPX,2026-05-21,7445.72,robinhood_index_day
SPX,2026-05-22,7473.47,robinhood_index_day
SPX,2026-05-26,7519.12,robinhood_index_day
SPX,2026-05-27,7520.36,robinhood_index_day
SPX,2026-05-28,7563.63,robinhood_index_day
SPX,2026-05-29,7580.06,robinhood_index_day
SPX,2026-06-01,7599.96,robinhood_index_day
SPX,2026-06-02,7609.78,robinhood_index_day
SPX,2026-06-03,7553.68,robinhood_index_day
SPX,2026-06-04,7584.31,robinhood_index_day
SPX,2026-06-05,7383.74,robinhood_index_day
SPX,2026-06-08,7405.73,robinhood_index_day
SPX,2026-06-09,7386.65,robinhood_index_day
SPX,2026-06-10,7266.99,robinhood_index_day
SPX,2026-06-11,7394.3,robinhood_index_day
SPX,2026-06-12,7431.46,robinhood_index_day
SPX,2026-06-15,7554.29,robinhood_index_day
SPX,2026-06-16,7511.35,robinhood_index_day
SPX,2026-06-17,7420.1,robinhood_index_day
SPX,2026-06-18,7500.58,robinhood_index_day
SPX,2026-06-22,7472.79,robinhood_index_day
SPX,2026-06-23,7365.46,robinhood_index_day
SPX,2026-06-24,7358.22,robinhood_index_day
SPX,2026-06-25,7357.49,robinhood_index_day
SPX,2026-06-26,7354.02,robinhood_index_day
SPX,2026-06-29,7440.43,robinhood_index_day
SPX,2026-06-30,7499.36,robinhood_index_day
SPX,2026-07-01,7483.23,robinhood_index_day
SPX,2026-07-02,7483.24,robinhood_index_day
SPX,2026-07-06,7537.43,robinhood_index_day
SPX,2026-07-07,7503.85,robinhood_index_day
SPX,2026-07-08,7482.71,robinhood_index_day
SPX,2026-07-09,7543.64,robinhood_index_day
SPX,2026-07-10,7575.39,robinhood_index_day
SPX,2026-07-13,7515.34,robinhood_index_day
SPX,2026-07-14,7543.59,robinhood_index_day
SPX,2026-07-15,7572.4,robinhood_index_day
SPX,2026-07-16,7533.77,robinhood_index_day
SPX,2026-07-17,7457.69,robinhood_index_day
SPX,2026-07-20,7443.28,robinhood_index_day
SPX,2026-07-21,7509.2,robinhood_index_day
SPX,2026-07-22,7498.96,robinhood_index_day
SPX,2026-07-23,7408.3,robinhood_index_day
SPX,2026-07-24,7411.98,robinhood_index_day
SPX,2026-07-27,7413.18,robinhood_index_day
SPX,2026-07-28,7428.78,robinhood_index_day
SPX,2026-07-29,7316.15,robinhood_index_day
SPX,2026-07-30,7437.63,robinhood_index_day
SPX,2026-07-31,7489.72,robinhood_index_day
SPX,2026-08-03,7600.5,robinhood_index_day
SPX,2026-08-04,7736.52,robinhood_index_day
SPY,2022-01-03,477.710000,robinhood_equity_day
SPY,2022-01-04,477.550000,robinhood_equity_day
SPY,2022-01-05,468.380000,robinhood_equity_day
SPY,2022-01-06,467.940000,robinhood_equity_day
SPY,2022-01-07,466.090000,robinhood_equity_day
SPY,2022-01-10,465.510000,robinhood_equity_day
SPY,2022-01-11,469.750000,robinhood_equity_day
SPY,2022-01-12,471.020000,robinhood_equity_day
SPY,2022-01-13,464.530000,robinhood_equity_day
SPY,2022-01-14,464.720000,robinhood_equity_day
SPY,2022-01-18,456.490000,robinhood_equity_day
SPY,2022-01-19,451.750000,robinhood_equity_day
SPY,2022-01-20,446.750000,robinhood_equity_day
SPY,2022-01-21,437.980000,robinhood_equity_day
SPY,2022-01-24,439.840000,robinhood_equity_day
SPY,2022-01-25,434.470000,robinhood_equity_day
SPY,2022-01-26,433.380000,robinhood_equity_day
SPY,2022-01-27,431.240000,robinhood_equity_day
SPY,2022-01-28,441.950000,robinhood_equity_day
SPY,2022-01-31,449.910000,robinhood_equity_day
SPY,2022-02-01,452.950000,robinhood_equity_day
SPY,2022-02-02,457.350000,robinhood_equity_day
SPY,2022-02-03,446.600000,robinhood_equity_day
SPY,2022-02-04,448.700000,robinhood_equity_day
SPY,2022-02-07,447.260000,robinhood_equity_day
SPY,2022-02-08,450.940000,robinhood_equity_day
SPY,2022-02-09,457.540000,robinhood_equity_day
SPY,2022-02-10,449.320000,robinhood_equity_day
SPY,2022-02-11,440.460000,robinhood_equity_day
SPY,2022-02-14,439.020000,robinhood_equity_day
SPY,2022-02-15,446.100000,robinhood_equity_day
SPY,2022-02-16,446.600000,robinhood_equity_day
SPY,2022-02-17,437.060000,robinhood_equity_day
SPY,2022-02-18,434.230000,robinhood_equity_day
SPY,2022-02-22,429.570000,robinhood_equity_day
SPY,2022-02-23,421.950000,robinhood_equity_day
SPY,2022-02-24,428.300000,robinhood_equity_day
SPY,2022-02-25,437.750000,robinhood_equity_day
SPY,2022-02-28,436.630000,robinhood_equity_day
SPY,2022-03-01,429.980000,robinhood_equity_day
SPY,2022-03-02,437.890000,robinhood_equity_day
SPY,2022-03-03,435.710000,robinhood_equity_day
SPY,2022-03-04,432.170000,robinhood_equity_day
SPY,2022-03-07,419.430000,robinhood_equity_day
SPY,2022-03-08,416.250000,robinhood_equity_day
SPY,2022-03-09,427.410000,robinhood_equity_day
SPY,2022-03-10,425.480000,robinhood_equity_day
SPY,2022-03-11,420.070000,robinhood_equity_day
SPY,2022-03-14,417.000000,robinhood_equity_day
SPY,2022-03-15,426.170000,robinhood_equity_day
SPY,2022-03-16,435.620000,robinhood_equity_day
SPY,2022-03-17,441.070000,robinhood_equity_day
SPY,2022-03-18,444.520000,robinhood_equity_day
SPY,2022-03-21,444.390000,robinhood_equity_day
SPY,2022-03-22,449.590000,robinhood_equity_day
SPY,2022-03-23,443.800000,robinhood_equity_day
SPY,2022-03-24,450.490000,robinhood_equity_day
SPY,2022-03-25,452.690000,robinhood_equity_day
SPY,2022-03-28,455.910000,robinhood_equity_day
SPY,2022-03-29,461.550000,robinhood_equity_day
SPY,2022-03-30,458.700000,robinhood_equity_day
SPY,2022-03-31,451.640000,robinhood_equity_day
SPY,2022-04-01,452.920000,robinhood_equity_day
SPY,2022-04-04,456.800000,robinhood_equity_day
SPY,2022-04-05,451.030000,robinhood_equity_day
SPY,2022-04-06,446.520000,robinhood_equity_day
SPY,2022-04-07,448.770000,robinhood_equity_day
SPY,2022-04-08,447.570000,robinhood_equity_day
SPY,2022-04-11,439.920000,robinhood_equity_day
SPY,2022-04-12,438.290000,robinhood_equity_day
SPY,2022-04-13,443.310000,robinhood_equity_day
SPY,2022-04-14,437.790000,robinhood_equity_day
SPY,2022-04-18,437.970000,robinhood_equity_day
SPY,2022-04-19,445.040000,robinhood_equity_day
SPY,2022-04-20,444.710000,robinhood_equity_day
SPY,2022-04-21,438.060000,robinhood_equity_day
SPY,2022-04-22,426.040000,robinhood_equity_day
SPY,2022-04-25,428.510000,robinhood_equity_day
SPY,2022-04-26,416.100000,robinhood_equity_day
SPY,2022-04-27,417.270000,robinhood_equity_day
SPY,2022-04-28,427.810000,robinhood_equity_day
SPY,2022-04-29,412.000000,robinhood_equity_day
SPY,2022-05-02,414.480000,robinhood_equity_day
SPY,2022-05-03,416.380000,robinhood_equity_day
SPY,2022-05-04,429.060000,robinhood_equity_day
SPY,2022-05-05,413.810000,robinhood_equity_day
SPY,2022-05-06,411.340000,robinhood_equity_day
SPY,2022-05-09,398.170000,robinhood_equity_day
SPY,2022-05-10,399.090000,robinhood_equity_day
SPY,2022-05-11,392.750000,robinhood_equity_day
SPY,2022-05-12,392.340000,robinhood_equity_day
SPY,2022-05-13,401.720000,robinhood_equity_day
SPY,2022-05-16,400.090000,robinhood_equity_day
SPY,2022-05-17,408.320000,robinhood_equity_day
SPY,2022-05-18,391.860000,robinhood_equity_day
SPY,2022-05-19,389.460000,robinhood_equity_day
SPY,2022-05-20,389.630000,robinhood_equity_day
SPY,2022-05-23,396.920000,robinhood_equity_day
SPY,2022-05-24,393.890000,robinhood_equity_day
SPY,2022-05-25,397.370000,robinhood_equity_day
SPY,2022-05-26,405.310000,robinhood_equity_day
SPY,2022-05-27,415.260000,robinhood_equity_day
SPY,2022-05-31,412.930000,robinhood_equity_day
SPY,2022-06-01,409.590000,robinhood_equity_day
SPY,2022-06-02,417.390000,robinhood_equity_day
SPY,2022-06-03,410.540000,robinhood_equity_day
SPY,2022-06-06,411.790000,robinhood_equity_day
SPY,2022-06-07,415.740000,robinhood_equity_day
SPY,2022-06-08,411.220000,robinhood_equity_day
SPY,2022-06-09,401.440000,robinhood_equity_day
SPY,2022-06-10,389.800000,robinhood_equity_day
SPY,2022-06-13,375.000000,robinhood_equity_day
SPY,2022-06-14,373.870000,robinhood_equity_day
SPY,2022-06-15,379.200000,robinhood_equity_day
SPY,2022-06-16,366.650000,robinhood_equity_day
SPY,2022-06-17,365.860000,robinhood_equity_day
SPY,2022-06-21,375.070000,robinhood_equity_day
SPY,2022-06-22,374.390000,robinhood_equity_day
SPY,2022-06-23,378.060000,robinhood_equity_day
SPY,2022-06-24,390.080000,robinhood_equity_day
SPY,2022-06-27,388.590000,robinhood_equity_day
SPY,2022-06-28,380.650000,robinhood_equity_day
SPY,2022-06-29,380.340000,robinhood_equity_day
SPY,2022-06-30,377.250000,robinhood_equity_day
SPY,2022-07-01,381.240000,robinhood_equity_day
SPY,2022-07-05,381.960000,robinhood_equity_day
SPY,2022-07-06,383.250000,robinhood_equity_day
SPY,2022-07-07,388.990000,robinhood_equity_day
SPY,2022-07-08,388.670000,robinhood_equity_day
SPY,2022-07-11,384.230000,robinhood_equity_day
SPY,2022-07-12,380.830000,robinhood_equity_day
SPY,2022-07-13,378.830000,robinhood_equity_day
SPY,2022-07-14,377.910000,robinhood_equity_day
SPY,2022-07-15,385.130000,robinhood_equity_day
SPY,2022-07-18,381.950000,robinhood_equity_day
SPY,2022-07-19,392.270000,robinhood_equity_day
SPY,2022-07-20,394.770000,robinhood_equity_day
SPY,2022-07-21,398.790000,robinhood_equity_day
SPY,2022-07-22,395.090000,robinhood_equity_day
SPY,2022-07-25,395.570000,robinhood_equity_day
SPY,2022-07-26,390.890000,robinhood_equity_day
SPY,2022-07-27,401.040000,robinhood_equity_day
SPY,2022-07-28,406.070000,robinhood_equity_day
SPY,2022-07-29,411.990000,robinhood_equity_day
SPY,2022-08-01,410.770000,robinhood_equity_day
SPY,2022-08-02,408.060000,robinhood_equity_day
SPY,2022-08-03,414.450000,robinhood_equity_day
SPY,2022-08-04,414.170000,robinhood_equity_day
SPY,2022-08-05,413.470000,robinhood_equity_day
SPY,2022-08-08,412.990000,robinhood_equity_day
SPY,2022-08-09,411.350000,robinhood_equity_day
SPY,2022-08-10,419.990000,robinhood_equity_day
SPY,2022-08-11,419.990000,robinhood_equity_day
SPY,2022-08-12,427.100000,robinhood_equity_day
SPY,2022-08-15,428.860000,robinhood_equity_day
SPY,2022-08-16,429.700000,robinhood_equity_day
SPY,2022-08-17,426.650000,robinhood_equity_day
SPY,2022-08-18,427.890000,robinhood_equity_day
SPY,2022-08-19,422.140000,robinhood_equity_day
SPY,2022-08-22,413.350000,robinhood_equity_day
SPY,2022-08-23,412.350000,robinhood_equity_day
SPY,2022-08-24,413.670000,robinhood_equity_day
SPY,2022-08-25,419.510000,robinhood_equity_day
SPY,2022-08-26,405.310000,robinhood_equity_day
SPY,2022-08-29,402.630000,robinhood_equity_day
SPY,2022-08-30,398.210000,robinhood_equity_day
SPY,2022-08-31,395.180000,robinhood_equity_day
SPY,2022-09-01,396.420000,robinhood_equity_day
SPY,2022-09-02,392.240000,robinhood_equity_day
SPY,2022-09-06,390.760000,robinhood_equity_day
SPY,2022-09-07,397.780000,robinhood_equity_day
SPY,2022-09-08,400.380000,robinhood_equity_day
SPY,2022-09-09,406.600000,robinhood_equity_day
SPY,2022-09-12,410.970000,robinhood_equity_day
SPY,2022-09-13,393.100000,robinhood_equity_day
SPY,2022-09-14,394.600000,robinhood_equity_day
SPY,2022-09-15,390.120000,robinhood_equity_day
SPY,2022-09-16,385.560000,robinhood_equity_day
SPY,2022-09-19,388.550000,robinhood_equity_day
SPY,2022-09-20,384.090000,robinhood_equity_day
SPY,2022-09-21,377.390000,robinhood_equity_day
SPY,2022-09-22,378.300000,robinhood_equity_day
SPY,2022-09-23,367.950000,robinhood_equity_day
SPY,2022-09-26,364.310000,robinhood_equity_day
SPY,2022-09-27,363.380000,robinhood_equity_day
SPY,2022-09-28,370.530000,robinhood_equity_day
SPY,2022-09-29,362.790000,robinhood_equity_day
SPY,2022-09-30,357.180000,robinhood_equity_day
SPY,2022-10-03,366.610000,robinhood_equity_day
SPY,2022-10-04,377.970000,robinhood_equity_day
SPY,2022-10-05,377.090000,robinhood_equity_day
SPY,2022-10-06,373.200000,robinhood_equity_day
SPY,2022-10-07,362.790000,robinhood_equity_day
SPY,2022-10-10,360.020000,robinhood_equity_day
SPY,2022-10-11,357.740000,robinhood_equity_day
SPY,2022-10-12,356.560000,robinhood_equity_day
SPY,2022-10-13,365.970000,robinhood_equity_day
SPY,2022-10-14,357.630000,robinhood_equity_day
SPY,2022-10-17,366.820000,robinhood_equity_day
SPY,2022-10-18,371.130000,robinhood_equity_day
SPY,2022-10-19,368.500000,robinhood_equity_day
SPY,2022-10-20,365.410000,robinhood_equity_day
SPY,2022-10-21,374.290000,robinhood_equity_day
SPY,2022-10-24,378.870000,robinhood_equity_day
SPY,2022-10-25,384.920000,robinhood_equity_day
SPY,2022-10-26,382.020000,robinhood_equity_day
SPY,2022-10-27,379.980000,robinhood_equity_day
SPY,2022-10-28,389.020000,robinhood_equity_day
SPY,2022-10-31,386.210000,robinhood_equity_day
SPY,2022-11-01,384.520000,robinhood_equity_day
SPY,2022-11-02,374.870000,robinhood_equity_day
SPY,2022-11-03,371.010000,robinhood_equity_day
SPY,2022-11-04,376.350000,robinhood_equity_day
SPY,2022-11-07,379.950000,robinhood_equity_day
SPY,2022-11-08,382.000000,robinhood_equity_day
SPY,2022-11-09,374.130000,robinhood_equity_day
SPY,2022-11-10,394.690000,robinhood_equity_day
SPY,2022-11-11,398.510000,robinhood_equity_day
SPY,2022-11-14,395.120000,robinhood_equity_day
SPY,2022-11-15,398.490000,robinhood_equity_day
SPY,2022-11-16,395.450000,robinhood_equity_day
SPY,2022-11-17,394.240000,robinhood_equity_day
SPY,2022-11-18,396.030000,robinhood_equity_day
SPY,2022-11-21,394.590000,robinhood_equity_day
SPY,2022-11-22,399.900000,robinhood_equity_day
SPY,2022-11-23,402.420000,robinhood_equity_day
SPY,2022-11-25,402.330000,robinhood_equity_day
SPY,2022-11-28,395.910000,robinhood_equity_day
SPY,2022-11-29,395.230000,robinhood_equity_day
SPY,2022-11-30,407.680000,robinhood_equity_day
SPY,2022-12-01,407.380000,robinhood_equity_day
SPY,2022-12-02,406.910000,robinhood_equity_day
SPY,2022-12-05,399.590000,robinhood_equity_day
SPY,2022-12-06,393.830000,robinhood_equity_day
SPY,2022-12-07,393.160000,robinhood_equity_day
SPY,2022-12-08,396.240000,robinhood_equity_day
SPY,2022-12-09,393.280000,robinhood_equity_day
SPY,2022-12-12,398.950000,robinhood_equity_day
SPY,2022-12-13,401.970000,robinhood_equity_day
SPY,2022-12-14,399.400000,robinhood_equity_day
SPY,2022-12-15,389.630000,robinhood_equity_day
SPY,2022-12-16,383.270000,robinhood_equity_day
SPY,2022-12-19,380.020000,robinhood_equity_day
SPY,2022-12-20,380.540000,robinhood_equity_day
SPY,2022-12-21,386.230000,robinhood_equity_day
SPY,2022-12-22,380.720000,robinhood_equity_day
SPY,2022-12-23,382.910000,robinhood_equity_day
SPY,2022-12-27,381.400000,robinhood_equity_day
SPY,2022-12-28,376.660000,robinhood_equity_day
SPY,2022-12-29,383.440000,robinhood_equity_day
SPY,2022-12-30,382.430000,robinhood_equity_day
SPY,2023-01-03,380.820000,robinhood_equity_day
SPY,2023-01-04,383.760000,robinhood_equity_day
SPY,2023-01-05,379.380000,robinhood_equity_day
SPY,2023-01-06,388.080000,robinhood_equity_day
SPY,2023-01-09,387.860000,robinhood_equity_day
SPY,2023-01-10,390.580000,robinhood_equity_day
SPY,2023-01-11,395.520000,robinhood_equity_day
SPY,2023-01-12,396.960000,robinhood_equity_day
SPY,2023-01-13,398.500000,robinhood_equity_day
SPY,2023-01-17,397.770000,robinhood_equity_day
SPY,2023-01-18,391.490000,robinhood_equity_day
SPY,2023-01-19,388.640000,robinhood_equity_day
SPY,2023-01-20,395.880000,robinhood_equity_day
SPY,2023-01-23,400.630000,robinhood_equity_day
SPY,2023-01-24,400.200000,robinhood_equity_day
SPY,2023-01-25,400.350000,robinhood_equity_day
SPY,2023-01-26,404.750000,robinhood_equity_day
SPY,2023-01-27,405.680000,robinhood_equity_day
SPY,2023-01-30,400.590000,robinhood_equity_day
SPY,2023-01-31,406.480000,robinhood_equity_day
SPY,2023-02-01,410.800000,robinhood_equity_day
SPY,2023-02-02,416.780000,robinhood_equity_day
SPY,2023-02-03,412.350000,robinhood_equity_day
SPY,2023-02-06,409.830000,robinhood_equity_day
SPY,2023-02-07,415.190000,robinhood_equity_day
SPY,2023-02-08,410.650000,robinhood_equity_day
SPY,2023-02-09,407.090000,robinhood_equity_day
SPY,2023-02-10,408.040000,robinhood_equity_day
SPY,2023-02-13,412.830000,robinhood_equity_day
SPY,2023-02-14,412.640000,robinhood_equity_day
SPY,2023-02-15,413.980000,robinhood_equity_day
SPY,2023-02-16,408.280000,robinhood_equity_day
SPY,2023-02-17,407.260000,robinhood_equity_day
SPY,2023-02-21,399.090000,robinhood_equity_day
SPY,2023-02-22,398.540000,robinhood_equity_day
SPY,2023-02-23,400.660000,robinhood_equity_day
SPY,2023-02-24,396.380000,robinhood_equity_day
SPY,2023-02-27,397.730000,robinhood_equity_day
SPY,2023-02-28,396.260000,robinhood_equity_day
SPY,2023-03-01,394.740000,robinhood_equity_day
SPY,2023-03-02,397.810000,robinhood_equity_day
SPY,2023-03-03,404.190000,robinhood_equity_day
SPY,2023-03-06,404.470000,robinhood_equity_day
SPY,2023-03-07,398.270000,robinhood_equity_day
SPY,2023-03-08,398.920000,robinhood_equity_day
SPY,2023-03-09,391.560000,robinhood_equity_day
SPY,2023-03-10,385.910000,robinhood_equity_day
SPY,2023-03-13,385.360000,robinhood_equity_day
SPY,2023-03-14,391.730000,robinhood_equity_day
SPY,2023-03-15,389.280000,robinhood_equity_day
SPY,2023-03-16,396.110000,robinhood_equity_day
SPY,2023-03-17,389.990000,robinhood_equity_day
SPY,2023-03-20,393.740000,robinhood_equity_day
SPY,2023-03-21,398.910000,robinhood_equity_day
SPY,2023-03-22,392.110000,robinhood_equity_day
SPY,2023-03-23,393.170000,robinhood_equity_day
SPY,2023-03-24,395.750000,robinhood_equity_day
SPY,2023-03-27,396.490000,robinhood_equity_day
SPY,2023-03-28,395.600000,robinhood_equity_day
SPY,2023-03-29,401.350000,robinhood_equity_day
SPY,2023-03-30,403.700000,robinhood_equity_day
SPY,2023-03-31,409.390000,robinhood_equity_day
SPY,2023-04-03,410.950000,robinhood_equity_day
SPY,2023-04-04,408.670000,robinhood_equity_day
SPY,2023-04-05,407.600000,robinhood_equity_day
SPY,2023-04-06,409.190000,robinhood_equity_day
SPY,2023-04-10,409.610000,robinhood_equity_day
SPY,2023-04-11,409.720000,robinhood_equity_day
SPY,2023-04-12,408.050000,robinhood_equity_day
SPY,2023-04-13,413.470000,robinhood_equity_day
SPY,2023-04-14,412.460000,robinhood_equity_day
SPY,2023-04-17,413.940000,robinhood_equity_day
SPY,2023-04-18,414.210000,robinhood_equity_day
SPY,2023-04-19,414.140000,robinhood_equity_day
SPY,2023-04-20,411.880000,robinhood_equity_day
SPY,2023-04-21,412.200000,robinhood_equity_day
SPY,2023-04-24,412.630000,robinhood_equity_day
SPY,2023-04-25,406.080000,robinhood_equity_day
SPY,2023-04-26,404.360000,robinhood_equity_day
SPY,2023-04-27,412.410000,robinhood_equity_day
SPY,2023-04-28,415.930000,robinhood_equity_day
SPY,2023-05-01,415.510000,robinhood_equity_day
SPY,2023-05-02,410.840000,robinhood_equity_day
SPY,2023-05-03,408.020000,robinhood_equity_day
SPY,2023-05-04,405.130000,robinhood_equity_day
SPY,2023-05-05,412.630000,robinhood_equity_day
SPY,2023-05-08,412.740000,robinhood_equity_day
SPY,2023-05-09,410.930000,robinhood_equity_day
SPY,2023-05-10,412.850000,robinhood_equity_day
SPY,2023-05-11,412.130000,robinhood_equity_day
SPY,2023-05-12,411.590000,robinhood_equity_day
SPY,2023-05-15,413.010000,robinhood_equity_day
SPY,2023-05-16,410.250000,robinhood_equity_day
SPY,2023-05-17,415.230000,robinhood_equity_day
SPY,2023-05-18,419.230000,robinhood_equity_day
SPY,2023-05-19,418.620000,robinhood_equity_day
SPY,2023-05-22,418.790000,robinhood_equity_day
SPY,2023-05-23,414.090000,robinhood_equity_day
SPY,2023-05-24,411.090000,robinhood_equity_day
SPY,2023-05-25,414.650000,robinhood_equity_day
SPY,2023-05-26,420.020000,robinhood_equity_day
SPY,2023-05-30,420.180000,robinhood_equity_day
SPY,2023-05-31,417.850000,robinhood_equity_day
SPY,2023-06-01,421.820000,robinhood_equity_day
SPY,2023-06-02,427.920000,robinhood_equity_day
SPY,2023-06-05,427.100000,robinhood_equity_day
SPY,2023-06-06,428.030000,robinhood_equity_day
SPY,2023-06-07,426.550000,robinhood_equity_day
SPY,2023-06-08,429.130000,robinhood_equity_day
SPY,2023-06-09,429.900000,robinhood_equity_day
SPY,2023-06-12,433.800000,robinhood_equity_day
SPY,2023-06-13,436.660000,robinhood_equity_day
SPY,2023-06-14,437.180000,robinhood_equity_day
SPY,2023-06-15,442.600000,robinhood_equity_day
SPY,2023-06-16,439.460000,robinhood_equity_day
SPY,2023-06-20,437.180000,robinhood_equity_day
SPY,2023-06-21,434.940000,robinhood_equity_day
SPY,2023-06-22,436.510000,robinhood_equity_day
SPY,2023-06-23,433.210000,robinhood_equity_day
SPY,2023-06-26,431.440000,robinhood_equity_day
SPY,2023-06-27,436.170000,robinhood_equity_day
SPY,2023-06-28,436.390000,robinhood_equity_day
SPY,2023-06-29,438.110000,robinhood_equity_day
SPY,2023-06-30,443.280000,robinhood_equity_day
SPY,2023-07-03,443.790000,robinhood_equity_day
SPY,2023-07-05,443.130000,robinhood_equity_day
SPY,2023-07-06,439.660000,robinhood_equity_day
SPY,2023-07-07,438.550000,robinhood_equity_day
SPY,2023-07-10,439.660000,robinhood_equity_day
SPY,2023-07-11,442.460000,robinhood_equity_day
SPY,2023-07-12,446.020000,robinhood_equity_day
SPY,2023-07-13,449.560000,robinhood_equity_day
SPY,2023-07-14,449.280000,robinhood_equity_day
SPY,2023-07-17,450.840000,robinhood_equity_day
SPY,2023-07-18,454.190000,robinhood_equity_day
SPY,2023-07-19,455.200000,robinhood_equity_day
SPY,2023-07-20,452.180000,robinhood_equity_day
SPY,2023-07-21,452.180000,robinhood_equity_day
SPY,2023-07-24,454.200000,robinhood_equity_day
SPY,2023-07-25,455.440000,robinhood_equity_day
SPY,2023-07-26,455.510000,robinhood_equity_day
SPY,2023-07-27,452.490000,robinhood_equity_day
SPY,2023-07-28,456.920000,robinhood_equity_day
SPY,2023-07-31,457.790000,robinhood_equity_day
SPY,2023-08-01,456.480000,robinhood_equity_day
SPY,2023-08-02,450.130000,robinhood_equity_day
SPY,2023-08-03,448.840000,robinhood_equity_day
SPY,2023-08-04,446.810000,robinhood_equity_day
SPY,2023-08-07,450.710000,robinhood_equity_day
SPY,2023-08-08,448.750000,robinhood_equity_day
SPY,2023-08-09,445.750000,robinhood_equity_day
SPY,2023-08-10,445.910000,robinhood_equity_day
SPY,2023-08-11,445.650000,robinhood_equity_day
SPY,2023-08-14,448.110000,robinhood_equity_day
SPY,2023-08-15,442.890000,robinhood_equity_day
SPY,2023-08-16,439.640000,robinhood_equity_day
SPY,2023-08-17,436.290000,robinhood_equity_day
SPY,2023-08-18,436.500000,robinhood_equity_day
SPY,2023-08-21,439.340000,robinhood_equity_day
SPY,2023-08-22,438.150000,robinhood_equity_day
SPY,2023-08-23,443.030000,robinhood_equity_day
SPY,2023-08-24,436.890000,robinhood_equity_day
SPY,2023-08-25,439.970000,robinhood_equity_day
SPY,2023-08-28,442.760000,robinhood_equity_day
SPY,2023-08-29,449.160000,robinhood_equity_day
SPY,2023-08-30,451.010000,robinhood_equity_day
SPY,2023-08-31,450.350000,robinhood_equity_day
SPY,2023-09-01,451.190000,robinhood_equity_day
SPY,2023-09-05,449.240000,robinhood_equity_day
SPY,2023-09-06,446.220000,robinhood_equity_day
SPY,2023-09-07,444.850000,robinhood_equity_day
SPY,2023-09-08,445.520000,robinhood_equity_day
SPY,2023-09-11,448.450000,robinhood_equity_day
SPY,2023-09-12,445.990000,robinhood_equity_day
SPY,2023-09-13,446.510000,robinhood_equity_day
SPY,2023-09-14,450.360000,robinhood_equity_day
SPY,2023-09-15,443.370000,robinhood_equity_day
SPY,2023-09-18,443.630000,robinhood_equity_day
SPY,2023-09-19,442.710000,robinhood_equity_day
SPY,2023-09-20,438.640000,robinhood_equity_day
SPY,2023-09-21,431.390000,robinhood_equity_day
SPY,2023-09-22,430.420000,robinhood_equity_day
SPY,2023-09-25,432.230000,robinhood_equity_day
SPY,2023-09-26,425.880000,robinhood_equity_day
SPY,2023-09-27,426.050000,robinhood_equity_day
SPY,2023-09-28,428.520000,robinhood_equity_day
SPY,2023-09-29,427.480000,robinhood_equity_day
SPY,2023-10-02,427.310000,robinhood_equity_day
SPY,2023-10-03,421.590000,robinhood_equity_day
SPY,2023-10-04,424.660000,robinhood_equity_day
SPY,2023-10-05,424.500000,robinhood_equity_day
SPY,2023-10-06,429.540000,robinhood_equity_day
SPY,2023-10-09,432.290000,robinhood_equity_day
SPY,2023-10-10,434.540000,robinhood_equity_day
SPY,2023-10-11,436.320000,robinhood_equity_day
SPY,2023-10-12,433.660000,robinhood_equity_day
SPY,2023-10-13,431.500000,robinhood_equity_day
SPY,2023-10-16,436.040000,robinhood_equity_day
SPY,2023-10-17,436.020000,robinhood_equity_day
SPY,2023-10-18,430.210000,robinhood_equity_day
SPY,2023-10-19,426.430000,robinhood_equity_day
SPY,2023-10-20,421.190000,robinhood_equity_day
SPY,2023-10-23,420.460000,robinhood_equity_day
SPY,2023-10-24,423.630000,robinhood_equity_day
SPY,2023-10-25,417.550000,robinhood_equity_day
SPY,2023-10-26,412.550000,robinhood_equity_day
SPY,2023-10-27,410.680000,robinhood_equity_day
SPY,2023-10-30,415.590000,robinhood_equity_day
SPY,2023-10-31,418.200000,robinhood_equity_day
SPY,2023-11-01,422.660000,robinhood_equity_day
SPY,2023-11-02,430.760000,robinhood_equity_day
SPY,2023-11-03,434.690000,robinhood_equity_day
SPY,2023-11-06,435.690000,robinhood_equity_day
SPY,2023-11-07,436.930000,robinhood_equity_day
SPY,2023-11-08,437.250000,robinhood_equity_day
SPY,2023-11-09,433.840000,robinhood_equity_day
SPY,2023-11-10,440.610000,robinhood_equity_day
SPY,2023-11-13,440.190000,robinhood_equity_day
SPY,2023-11-14,448.730000,robinhood_equity_day
SPY,2023-11-15,449.680000,robinhood_equity_day
SPY,2023-11-16,450.230000,robinhood_equity_day
SPY,2023-11-17,450.790000,robinhood_equity_day
SPY,2023-11-20,454.260000,robinhood_equity_day
SPY,2023-11-21,453.270000,robinhood_equity_day
SPY,2023-11-22,455.020000,robinhood_equity_day
SPY,2023-11-24,455.300000,robinhood_equity_day
SPY,2023-11-27,454.480000,robinhood_equity_day
SPY,2023-11-28,454.930000,robinhood_equity_day
SPY,2023-11-29,454.610000,robinhood_equity_day
SPY,2023-11-30,456.400000,robinhood_equity_day
SPY,2023-12-01,459.100000,robinhood_equity_day
SPY,2023-12-04,456.690000,robinhood_equity_day
SPY,2023-12-05,456.600000,robinhood_equity_day
SPY,2023-12-06,454.760000,robinhood_equity_day
SPY,2023-12-07,458.230000,robinhood_equity_day
SPY,2023-12-08,460.200000,robinhood_equity_day
SPY,2023-12-11,461.990000,robinhood_equity_day
SPY,2023-12-12,464.100000,robinhood_equity_day
SPY,2023-12-13,470.500000,robinhood_equity_day
SPY,2023-12-14,472.010000,robinhood_equity_day
SPY,2023-12-15,469.330000,robinhood_equity_day
SPY,2023-12-18,471.970000,robinhood_equity_day
SPY,2023-12-19,474.840000,robinhood_equity_day
SPY,2023-12-20,468.260000,robinhood_equity_day
SPY,2023-12-21,472.700000,robinhood_equity_day
SPY,2023-12-22,473.650000,robinhood_equity_day
SPY,2023-12-26,475.650000,robinhood_equity_day
SPY,2023-12-27,476.510000,robinhood_equity_day
SPY,2023-12-28,476.690000,robinhood_equity_day
SPY,2023-12-29,475.310000,robinhood_equity_day
SPY,2024-01-02,472.650000,robinhood_equity_day
SPY,2024-01-03,468.790000,robinhood_equity_day
SPY,2024-01-04,467.280000,robinhood_equity_day
SPY,2024-01-05,467.920000,robinhood_equity_day
SPY,2024-01-08,474.600000,robinhood_equity_day
SPY,2024-01-09,473.880000,robinhood_equity_day
SPY,2024-01-10,476.560000,robinhood_equity_day
SPY,2024-01-11,476.350000,robinhood_equity_day
SPY,2024-01-12,476.680000,robinhood_equity_day
SPY,2024-01-16,474.930000,robinhood_equity_day
SPY,2024-01-17,472.290000,robinhood_equity_day
SPY,2024-01-18,476.490000,robinhood_equity_day
SPY,2024-01-19,482.430000,robinhood_equity_day
SPY,2024-01-22,483.450000,robinhood_equity_day
SPY,2024-01-23,484.860000,robinhood_equity_day
SPY,2024-01-24,485.390000,robinhood_equity_day
SPY,2024-01-25,488.030000,robinhood_equity_day
SPY,2024-01-26,487.410000,robinhood_equity_day
SPY,2024-01-29,491.270000,robinhood_equity_day
SPY,2024-01-30,490.890000,robinhood_equity_day
SPY,2024-01-31,482.880000,robinhood_equity_day
SPY,2024-02-01,489.200000,robinhood_equity_day
SPY,2024-02-02,494.350000,robinhood_equity_day
SPY,2024-02-05,492.550000,robinhood_equity_day
SPY,2024-02-06,493.980000,robinhood_equity_day
SPY,2024-02-07,498.100000,robinhood_equity_day
SPY,2024-02-08,498.320000,robinhood_equity_day
SPY,2024-02-09,501.200000,robinhood_equity_day
SPY,2024-02-12,500.980000,robinhood_equity_day
SPY,2024-02-13,497.090000,robinhood_equity_day
SPY,2024-02-14,498.570000,robinhood_equity_day
SPY,2024-02-15,502.010000,robinhood_equity_day
SPY,2024-02-16,499.510000,robinhood_equity_day
SPY,2024-02-20,496.760000,robinhood_equity_day
SPY,2024-02-21,497.210000,robinhood_equity_day
SPY,2024-02-22,507.500000,robinhood_equity_day
SPY,2024-02-23,507.850000,robinhood_equity_day
SPY,2024-02-26,505.990000,robinhood_equity_day
SPY,2024-02-27,506.930000,robinhood_equity_day
SPY,2024-02-28,506.260000,robinhood_equity_day
SPY,2024-02-29,508.080000,robinhood_equity_day
SPY,2024-03-01,512.850000,robinhood_equity_day
SPY,2024-03-04,512.300000,robinhood_equity_day
SPY,2024-03-05,507.180000,robinhood_equity_day
SPY,2024-03-06,509.750000,robinhood_equity_day
SPY,2024-03-07,514.810000,robinhood_equity_day
SPY,2024-03-08,511.720000,robinhood_equity_day
SPY,2024-03-11,511.280000,robinhood_equity_day
SPY,2024-03-12,516.780000,robinhood_equity_day
SPY,2024-03-13,515.970000,robinhood_equity_day
SPY,2024-03-14,514.950000,robinhood_equity_day
SPY,2024-03-15,509.670000,robinhood_equity_day
SPY,2024-03-18,512.850000,robinhood_equity_day
SPY,2024-03-19,515.770000,robinhood_equity_day
SPY,2024-03-20,520.420000,robinhood_equity_day
SPY,2024-03-21,522.200000,robinhood_equity_day
SPY,2024-03-22,521.210000,robinhood_equity_day
SPY,2024-03-25,519.770000,robinhood_equity_day
SPY,2024-03-26,518.810000,robinhood_equity_day
SPY,2024-03-27,523.160000,robinhood_equity_day
SPY,2024-03-28,523.210000,robinhood_equity_day
SPY,2024-04-01,522.160000,robinhood_equity_day
SPY,2024-04-02,518.860000,robinhood_equity_day
SPY,2024-04-03,519.460000,robinhood_equity_day
SPY,2024-04-04,513.120000,robinhood_equity_day
SPY,2024-04-05,518.430000,robinhood_equity_day
SPY,2024-04-08,518.720000,robinhood_equity_day
SPY,2024-04-09,519.280000,robinhood_equity_day
SPY,2024-04-10,514.120000,robinhood_equity_day
SPY,2024-04-11,518.000000,robinhood_equity_day
SPY,2024-04-12,510.840000,robinhood_equity_day
SPY,2024-04-15,504.589400,robinhood_equity_day
SPY,2024-04-16,503.460000,robinhood_equity_day
SPY,2024-04-17,500.550000,robinhood_equity_day
SPY,2024-04-18,499.445000,robinhood_equity_day
SPY,2024-04-19,495.160000,robinhood_equity_day
SPY,2024-04-22,499.720000,robinhood_equity_day
SPY,2024-04-23,505.620000,robinhood_equity_day
SPY,2024-04-24,505.460000,robinhood_equity_day
SPY,2024-04-25,503.440000,robinhood_equity_day
SPY,2024-04-26,508.260000,robinhood_equity_day
SPY,2024-04-29,510.060000,robinhood_equity_day
SPY,2024-04-30,501.980000,robinhood_equity_day
SPY,2024-05-01,500.120000,robinhood_equity_day
SPY,2024-05-02,505.010000,robinhood_equity_day
SPY,2024-05-03,511.310000,robinhood_equity_day
SPY,2024-05-06,516.570000,robinhood_equity_day
SPY,2024-05-07,517.190000,robinhood_equity_day
SPY,2024-05-08,517.190000,robinhood_equity_day
SPY,2024-05-09,520.170000,robinhood_equity_day
SPY,2024-05-10,520.840000,robinhood_equity_day
SPY,2024-05-13,520.910000,robinhood_equity_day
SPY,2024-05-14,523.290000,robinhood_equity_day
SPY,2024-05-15,529.760000,robinhood_equity_day
SPY,2024-05-16,528.820000,robinhood_equity_day
SPY,2024-05-17,529.500000,robinhood_equity_day
SPY,2024-05-20,530.060000,robinhood_equity_day
SPY,2024-05-21,531.360000,robinhood_equity_day
SPY,2024-05-22,529.840000,robinhood_equity_day
SPY,2024-05-23,525.980000,robinhood_equity_day
SPY,2024-05-24,529.500000,robinhood_equity_day
SPY,2024-05-28,529.810000,robinhood_equity_day
SPY,2024-05-29,526.180000,robinhood_equity_day
SPY,2024-05-30,522.610000,robinhood_equity_day
SPY,2024-05-31,527.140000,robinhood_equity_day
SPY,2024-06-03,527.790000,robinhood_equity_day
SPY,2024-06-04,528.390000,robinhood_equity_day
SPY,2024-06-05,534.630000,robinhood_equity_day
SPY,2024-06-06,534.620000,robinhood_equity_day
SPY,2024-06-07,534.010000,robinhood_equity_day
SPY,2024-06-10,535.660000,robinhood_equity_day
SPY,2024-06-11,536.950000,robinhood_equity_day
SPY,2024-06-12,541.340000,robinhood_equity_day
SPY,2024-06-13,542.450000,robinhood_equity_day
SPY,2024-06-14,542.780000,robinhood_equity_day
SPY,2024-06-17,547.030000,robinhood_equity_day
SPY,2024-06-18,548.490000,robinhood_equity_day
SPY,2024-06-20,547.000000,robinhood_equity_day
SPY,2024-06-21,544.090000,robinhood_equity_day
SPY,2024-06-24,542.670000,robinhood_equity_day
SPY,2024-06-25,544.770000,robinhood_equity_day
SPY,2024-06-26,545.510000,robinhood_equity_day
SPY,2024-06-27,546.420000,robinhood_equity_day
SPY,2024-06-28,544.260000,robinhood_equity_day
SPY,2024-07-01,545.390000,robinhood_equity_day
SPY,2024-07-02,548.980000,robinhood_equity_day
SPY,2024-07-03,551.460000,robinhood_equity_day
SPY,2024-07-05,554.670000,robinhood_equity_day
SPY,2024-07-08,555.320000,robinhood_equity_day
SPY,2024-07-09,555.820000,robinhood_equity_day
SPY,2024-07-10,561.320000,robinhood_equity_day
SPY,2024-07-11,556.470000,robinhood_equity_day
SPY,2024-07-12,559.900000,robinhood_equity_day
SPY,2024-07-15,561.530000,robinhood_equity_day
SPY,2024-07-16,564.790000,robinhood_equity_day
SPY,2024-07-17,556.940000,robinhood_equity_day
SPY,2024-07-18,552.660000,robinhood_equity_day
SPY,2024-07-19,548.990000,robinhood_equity_day
SPY,2024-07-22,554.650000,robinhood_equity_day
SPY,2024-07-23,553.780000,robinhood_equity_day
SPY,2024-07-24,541.230000,robinhood_equity_day
SPY,2024-07-25,538.410000,robinhood_equity_day
SPY,2024-07-26,544.440000,robinhood_equity_day
SPY,2024-07-29,544.760000,robinhood_equity_day
SPY,2024-07-30,542.000000,robinhood_equity_day
SPY,2024-07-31,550.810000,robinhood_equity_day
SPY,2024-08-01,543.010000,robinhood_equity_day
SPY,2024-08-02,532.900000,robinhood_equity_day
SPY,2024-08-05,517.380000,robinhood_equity_day
SPY,2024-08-06,522.150000,robinhood_equity_day
SPY,2024-08-07,518.660000,robinhood_equity_day
SPY,2024-08-08,530.650000,robinhood_equity_day
SPY,2024-08-09,532.990000,robinhood_equity_day
SPY,2024-08-12,533.270000,robinhood_equity_day
SPY,2024-08-13,542.040000,robinhood_equity_day
SPY,2024-08-14,543.750000,robinhood_equity_day
SPY,2024-08-15,553.070000,robinhood_equity_day
SPY,2024-08-16,554.310000,robinhood_equity_day
SPY,2024-08-19,559.610000,robinhood_equity_day
SPY,2024-08-20,558.700000,robinhood_equity_day
SPY,2024-08-21,560.620000,robinhood_equity_day
SPY,2024-08-22,556.220000,robinhood_equity_day
SPY,2024-08-23,562.130000,robinhood_equity_day
SPY,2024-08-26,560.790000,robinhood_equity_day
SPY,2024-08-27,561.560000,robinhood_equity_day
SPY,2024-08-28,558.300000,robinhood_equity_day
SPY,2024-08-29,558.350000,robinhood_equity_day
SPY,2024-08-30,563.680000,robinhood_equity_day
SPY,2024-09-03,552.080000,robinhood_equity_day
SPY,2024-09-04,550.950000,robinhood_equity_day
SPY,2024-09-05,549.610000,robinhood_equity_day
SPY,2024-09-06,540.360000,robinhood_equity_day
SPY,2024-09-09,546.410000,robinhood_equity_day
SPY,2024-09-10,548.790000,robinhood_equity_day
SPY,2024-09-11,554.420000,robinhood_equity_day
SPY,2024-09-12,559.090000,robinhood_equity_day
SPY,2024-09-13,562.010000,robinhood_equity_day
SPY,2024-09-16,562.840000,robinhood_equity_day
SPY,2024-09-17,563.070000,robinhood_equity_day
SPY,2024-09-18,561.400000,robinhood_equity_day
SPY,2024-09-19,570.980000,robinhood_equity_day
SPY,2024-09-20,568.250000,robinhood_equity_day
SPY,2024-09-23,569.670000,robinhood_equity_day
SPY,2024-09-24,571.300000,robinhood_equity_day
SPY,2024-09-25,570.040000,robinhood_equity_day
SPY,2024-09-26,572.300000,robinhood_equity_day
SPY,2024-09-27,571.470000,robinhood_equity_day
SPY,2024-09-30,573.760000,robinhood_equity_day
SPY,2024-10-01,568.620000,robinhood_equity_day
SPY,2024-10-02,568.860000,robinhood_equity_day
SPY,2024-10-03,567.820000,robinhood_equity_day
SPY,2024-10-04,572.980000,robinhood_equity_day
SPY,2024-10-07,567.800000,robinhood_equity_day
SPY,2024-10-08,573.170000,robinhood_equity_day
SPY,2024-10-09,577.140000,robinhood_equity_day
SPY,2024-10-10,576.130000,robinhood_equity_day
SPY,2024-10-11,579.580000,robinhood_equity_day
SPY,2024-10-14,584.320000,robinhood_equity_day
SPY,2024-10-15,579.780000,robinhood_equity_day
SPY,2024-10-16,582.300000,robinhood_equity_day
SPY,2024-10-17,582.350000,robinhood_equity_day
SPY,2024-10-18,584.590000,robinhood_equity_day
SPY,2024-10-21,583.630000,robinhood_equity_day
SPY,2024-10-22,583.320000,robinhood_equity_day
SPY,2024-10-23,577.990000,robinhood_equity_day
SPY,2024-10-24,579.240000,robinhood_equity_day
SPY,2024-10-25,579.040000,robinhood_equity_day
SPY,2024-10-28,580.830000,robinhood_equity_day
SPY,2024-10-29,581.770000,robinhood_equity_day
SPY,2024-10-30,580.010000,robinhood_equity_day
SPY,2024-10-31,568.640000,robinhood_equity_day
SPY,2024-11-01,571.040000,robinhood_equity_day
SPY,2024-11-04,569.810000,robinhood_equity_day
SPY,2024-11-05,576.700000,robinhood_equity_day
SPY,2024-11-06,591.040000,robinhood_equity_day
SPY,2024-11-07,595.610000,robinhood_equity_day
SPY,2024-11-08,598.190000,robinhood_equity_day
SPY,2024-11-11,598.760000,robinhood_equity_day
SPY,2024-11-12,596.900000,robinhood_equity_day
SPY,2024-11-13,597.190000,robinhood_equity_day
SPY,2024-11-14,593.350000,robinhood_equity_day
SPY,2024-11-15,585.750000,robinhood_equity_day
SPY,2024-11-18,588.150000,robinhood_equity_day
SPY,2024-11-19,590.300000,robinhood_equity_day
SPY,2024-11-20,590.500000,robinhood_equity_day
SPY,2024-11-21,593.670000,robinhood_equity_day
SPY,2024-11-22,595.510000,robinhood_equity_day
SPY,2024-11-25,597.530000,robinhood_equity_day
SPY,2024-11-26,600.650000,robinhood_equity_day
SPY,2024-11-27,598.830000,robinhood_equity_day
SPY,2024-11-29,602.550000,robinhood_equity_day
SPY,2024-12-02,603.630000,robinhood_equity_day
SPY,2024-12-03,603.910000,robinhood_equity_day
SPY,2024-12-04,607.660000,robinhood_equity_day
SPY,2024-12-05,606.660000,robinhood_equity_day
SPY,2024-12-06,607.810000,robinhood_equity_day
SPY,2024-12-09,604.680000,robinhood_equity_day
SPY,2024-12-10,602.800000,robinhood_equity_day
SPY,2024-12-11,607.460000,robinhood_equity_day
SPY,2024-12-12,604.330000,robinhood_equity_day
SPY,2024-12-13,604.210000,robinhood_equity_day
SPY,2024-12-16,606.790000,robinhood_equity_day
SPY,2024-12-17,604.290000,robinhood_equity_day
SPY,2024-12-18,586.280000,robinhood_equity_day
SPY,2024-12-19,586.100000,robinhood_equity_day
SPY,2024-12-20,591.150000,robinhood_equity_day
SPY,2024-12-23,594.690000,robinhood_equity_day
SPY,2024-12-24,601.300000,robinhood_equity_day
SPY,2024-12-26,601.340000,robinhood_equity_day
SPY,2024-12-27,595.010000,robinhood_equity_day
SPY,2024-12-30,588.220000,robinhood_equity_day
SPY,2024-12-31,586.080000,robinhood_equity_day
SPY,2025-01-02,584.640000,robinhood_equity_day
SPY,2025-01-03,591.950000,robinhood_equity_day
SPY,2025-01-06,595.360000,robinhood_equity_day
SPY,2025-01-07,588.630000,robinhood_equity_day
SPY,2025-01-08,589.490000,robinhood_equity_day
SPY,2025-01-10,580.490000,robinhood_equity_day
SPY,2025-01-13,581.390000,robinhood_equity_day
SPY,2025-01-14,582.190000,robinhood_equity_day
SPY,2025-01-15,592.780000,robinhood_equity_day
SPY,2025-01-16,591.640000,robinhood_equity_day
SPY,2025-01-17,597.580000,robinhood_equity_day
SPY,2025-01-21,603.050000,robinhood_equity_day
SPY,2025-01-22,606.440000,robinhood_equity_day
SPY,2025-01-23,609.750000,robinhood_equity_day
SPY,2025-01-24,607.970000,robinhood_equity_day
SPY,2025-01-27,599.370000,robinhood_equity_day
SPY,2025-01-28,604.520000,robinhood_equity_day
SPY,2025-01-29,601.810000,robinhood_equity_day
SPY,2025-01-30,605.040000,robinhood_equity_day
SPY,2025-01-31,601.820000,robinhood_equity_day
SPY,2025-02-03,597.770000,robinhood_equity_day
SPY,2025-02-04,601.780000,robinhood_equity_day
SPY,2025-02-05,604.220000,robinhood_equity_day
SPY,2025-02-06,606.320000,robinhood_equity_day
SPY,2025-02-07,600.770000,robinhood_equity_day
SPY,2025-02-10,604.850000,robinhood_equity_day
SPY,2025-02-11,605.310000,robinhood_equity_day
SPY,2025-02-12,603.360000,robinhood_equity_day
SPY,2025-02-13,609.730000,robinhood_equity_day
SPY,2025-02-14,609.700000,robinhood_equity_day
SPY,2025-02-18,611.490000,robinhood_equity_day
SPY,2025-02-19,612.930000,robinhood_equity_day
SPY,2025-02-20,610.380000,robinhood_equity_day
SPY,2025-02-21,599.940000,robinhood_equity_day
SPY,2025-02-24,597.210000,robinhood_equity_day
SPY,2025-02-25,594.240000,robinhood_equity_day
SPY,2025-02-26,594.540000,robinhood_equity_day
SPY,2025-02-27,585.050000,robinhood_equity_day
SPY,2025-02-28,594.180000,robinhood_equity_day
SPY,2025-03-03,583.770000,robinhood_equity_day
SPY,2025-03-04,576.860000,robinhood_equity_day
SPY,2025-03-05,583.060000,robinhood_equity_day
SPY,2025-03-06,572.710000,robinhood_equity_day
SPY,2025-03-07,575.920000,robinhood_equity_day
SPY,2025-03-10,560.580000,robinhood_equity_day
SPY,2025-03-11,555.920000,robinhood_equity_day
SPY,2025-03-12,558.870000,robinhood_equity_day
SPY,2025-03-13,551.420000,robinhood_equity_day
SPY,2025-03-14,562.810000,robinhood_equity_day
SPY,2025-03-17,567.150000,robinhood_equity_day
SPY,2025-03-18,561.020000,robinhood_equity_day
SPY,2025-03-19,567.130000,robinhood_equity_day
SPY,2025-03-20,565.490000,robinhood_equity_day
SPY,2025-03-21,563.980000,robinhood_equity_day
SPY,2025-03-24,574.080000,robinhood_equity_day
SPY,2025-03-25,575.460000,robinhood_equity_day
SPY,2025-03-26,568.590000,robinhood_equity_day
SPY,2025-03-27,567.080000,robinhood_equity_day
SPY,2025-03-28,555.660000,robinhood_equity_day
SPY,2025-03-31,559.390000,robinhood_equity_day
SPY,2025-04-01,560.970000,robinhood_equity_day
SPY,2025-04-02,564.520000,robinhood_equity_day
SPY,2025-04-03,536.700000,robinhood_equity_day
SPY,2025-04-04,505.280000,robinhood_equity_day
SPY,2025-04-07,504.380000,robinhood_equity_day
SPY,2025-04-08,496.480000,robinhood_equity_day
SPY,2025-04-09,548.620000,robinhood_equity_day
SPY,2025-04-10,524.580000,robinhood_equity_day
SPY,2025-04-11,533.940000,robinhood_equity_day
SPY,2025-04-14,539.120000,robinhood_equity_day
SPY,2025-04-15,537.610000,robinhood_equity_day
SPY,2025-04-16,525.660000,robinhood_equity_day
SPY,2025-04-17,526.410000,robinhood_equity_day
SPY,2025-04-21,513.880000,robinhood_equity_day
SPY,2025-04-22,527.250000,robinhood_equity_day
SPY,2025-04-23,535.420000,robinhood_equity_day
SPY,2025-04-24,546.690000,robinhood_equity_day
SPY,2025-04-25,550.640000,robinhood_equity_day
SPY,2025-04-28,550.850000,robinhood_equity_day
SPY,2025-04-29,554.320000,robinhood_equity_day
SPY,2025-04-30,554.540000,robinhood_equity_day
SPY,2025-05-01,558.470000,robinhood_equity_day
SPY,2025-05-02,566.760000,robinhood_equity_day
SPY,2025-05-05,563.510000,robinhood_equity_day
SPY,2025-05-06,558.800000,robinhood_equity_day
SPY,2025-05-07,561.150000,robinhood_equity_day
SPY,2025-05-08,565.060000,robinhood_equity_day
SPY,2025-05-09,564.340000,robinhood_equity_day
SPY,2025-05-12,582.990000,robinhood_equity_day
SPY,2025-05-13,586.840000,robinhood_equity_day
SPY,2025-05-14,587.590000,robinhood_equity_day
SPY,2025-05-15,590.460000,robinhood_equity_day
SPY,2025-05-16,594.200000,robinhood_equity_day
SPY,2025-05-19,594.850000,robinhood_equity_day
SPY,2025-05-20,592.850000,robinhood_equity_day
SPY,2025-05-21,582.860000,robinhood_equity_day
SPY,2025-05-22,583.090000,robinhood_equity_day
SPY,2025-05-23,579.110000,robinhood_equity_day
SPY,2025-05-27,591.150000,robinhood_equity_day
SPY,2025-05-28,587.730000,robinhood_equity_day
SPY,2025-05-29,590.050000,robinhood_equity_day
SPY,2025-05-30,589.390000,robinhood_equity_day
SPY,2025-06-02,592.710000,robinhood_equity_day
SPY,2025-06-03,596.090000,robinhood_equity_day
SPY,2025-06-04,595.930000,robinhood_equity_day
SPY,2025-06-05,593.050000,robinhood_equity_day
SPY,2025-06-06,599.140000,robinhood_equity_day
SPY,2025-06-09,599.680000,robinhood_equity_day
SPY,2025-06-10,603.080000,robinhood_equity_day
SPY,2025-06-11,601.360000,robinhood_equity_day
SPY,2025-06-12,603.750000,robinhood_equity_day
SPY,2025-06-13,597.000000,robinhood_equity_day
SPY,2025-06-16,602.680000,robinhood_equity_day
SPY,2025-06-17,597.530000,robinhood_equity_day
SPY,2025-06-18,597.440000,robinhood_equity_day
SPY,2025-06-20,594.280000,robinhood_equity_day
SPY,2025-06-23,600.150000,robinhood_equity_day
SPY,2025-06-24,606.780000,robinhood_equity_day
SPY,2025-06-25,607.120000,robinhood_equity_day
SPY,2025-06-26,611.870000,robinhood_equity_day
SPY,2025-06-27,614.910000,robinhood_equity_day
SPY,2025-06-30,617.850000,robinhood_equity_day
SPY,2025-07-01,617.650000,robinhood_equity_day
SPY,2025-07-02,620.450000,robinhood_equity_day
SPY,2025-07-03,625.340000,robinhood_equity_day
SPY,2025-07-07,620.680000,robinhood_equity_day
SPY,2025-07-08,620.340000,robinhood_equity_day
SPY,2025-07-09,624.060000,robinhood_equity_day
SPY,2025-07-10,625.820000,robinhood_equity_day
SPY,2025-07-11,623.620000,robinhood_equity_day
SPY,2025-07-14,624.810000,robinhood_equity_day
SPY,2025-07-15,622.140000,robinhood_equity_day
SPY,2025-07-16,624.220000,robinhood_equity_day
SPY,2025-07-17,628.040000,robinhood_equity_day
SPY,2025-07-18,627.580000,robinhood_equity_day
SPY,2025-07-21,628.770000,robinhood_equity_day
SPY,2025-07-22,628.860000,robinhood_equity_day
SPY,2025-07-23,634.210000,robinhood_equity_day
SPY,2025-07-24,634.420000,robinhood_equity_day
SPY,2025-07-25,637.100000,robinhood_equity_day
SPY,2025-07-28,636.940000,robinhood_equity_day
SPY,2025-07-29,635.260000,robinhood_equity_day
SPY,2025-07-30,634.460000,robinhood_equity_day
SPY,2025-07-31,632.080000,robinhood_equity_day
SPY,2025-08-01,621.720000,robinhood_equity_day
SPY,2025-08-04,631.170000,robinhood_equity_day
SPY,2025-08-05,627.970000,robinhood_equity_day
SPY,2025-08-06,632.780000,robinhood_equity_day
SPY,2025-08-07,632.250000,robinhood_equity_day
SPY,2025-08-08,637.180000,robinhood_equity_day
SPY,2025-08-11,635.920000,robinhood_equity_day
SPY,2025-08-12,642.690000,robinhood_equity_day
SPY,2025-08-13,644.890000,robinhood_equity_day
SPY,2025-08-14,644.950000,robinhood_equity_day
SPY,2025-08-15,643.440000,robinhood_equity_day
SPY,2025-08-18,643.300000,robinhood_equity_day
SPY,2025-08-19,639.810000,robinhood_equity_day
SPY,2025-08-20,638.110000,robinhood_equity_day
SPY,2025-08-21,635.550000,robinhood_equity_day
SPY,2025-08-22,645.310000,robinhood_equity_day
SPY,2025-08-25,642.470000,robinhood_equity_day
SPY,2025-08-26,645.160000,robinhood_equity_day
SPY,2025-08-27,646.630000,robinhood_equity_day
SPY,2025-08-28,648.920000,robinhood_equity_day
SPY,2025-08-29,645.050000,robinhood_equity_day
SPY,2025-09-02,640.270000,robinhood_equity_day
SPY,2025-09-03,643.740000,robinhood_equity_day
SPY,2025-09-04,649.120000,robinhood_equity_day
SPY,2025-09-05,647.240000,robinhood_equity_day
SPY,2025-09-08,648.830000,robinhood_equity_day
SPY,2025-09-09,650.330000,robinhood_equity_day
SPY,2025-09-10,652.210000,robinhood_equity_day
SPY,2025-09-11,657.630000,robinhood_equity_day
SPY,2025-09-12,657.410000,robinhood_equity_day
SPY,2025-09-15,660.910000,robinhood_equity_day
SPY,2025-09-16,660.000000,robinhood_equity_day
SPY,2025-09-17,659.180000,robinhood_equity_day
SPY,2025-09-18,662.260000,robinhood_equity_day
SPY,2025-09-19,663.700000,robinhood_equity_day
SPY,2025-09-22,666.840000,robinhood_equity_day
SPY,2025-09-23,663.210000,robinhood_equity_day
SPY,2025-09-24,661.100000,robinhood_equity_day
SPY,2025-09-25,658.050000,robinhood_equity_day
SPY,2025-09-26,661.820000,robinhood_equity_day
SPY,2025-09-29,663.680000,robinhood_equity_day
SPY,2025-09-30,666.180000,robinhood_equity_day
SPY,2025-10-01,668.450000,robinhood_equity_day
SPY,2025-10-02,669.220000,robinhood_equity_day
SPY,2025-10-03,669.210000,robinhood_equity_day
SPY,2025-10-06,671.610000,robinhood_equity_day
SPY,2025-10-07,669.120000,robinhood_equity_day
SPY,2025-10-08,673.110000,robinhood_equity_day
SPY,2025-10-09,671.160000,robinhood_equity_day
SPY,2025-10-10,653.020000,robinhood_equity_day
SPY,2025-10-13,663.040000,robinhood_equity_day
SPY,2025-10-14,662.230000,robinhood_equity_day
SPY,2025-10-15,665.170000,robinhood_equity_day
SPY,2025-10-16,660.640000,robinhood_equity_day
SPY,2025-10-17,664.390000,robinhood_equity_day
SPY,2025-10-20,671.300000,robinhood_equity_day
SPY,2025-10-21,671.290000,robinhood_equity_day
SPY,2025-10-22,667.800000,robinhood_equity_day
SPY,2025-10-23,671.760000,robinhood_equity_day
SPY,2025-10-24,677.250000,robinhood_equity_day
SPY,2025-10-27,685.240000,robinhood_equity_day
SPY,2025-10-28,687.060000,robinhood_equity_day
SPY,2025-10-29,687.390000,robinhood_equity_day
SPY,2025-10-30,679.830000,robinhood_equity_day
SPY,2025-10-31,682.060000,robinhood_equity_day
SPY,2025-11-03,683.340000,robinhood_equity_day
SPY,2025-11-04,675.240000,robinhood_equity_day
SPY,2025-11-05,677.580000,robinhood_equity_day
SPY,2025-11-06,670.310000,robinhood_equity_day
SPY,2025-11-07,670.970000,robinhood_equity_day
SPY,2025-11-10,681.440000,robinhood_equity_day
SPY,2025-11-11,683.000000,robinhood_equity_day
SPY,2025-11-12,683.380000,robinhood_equity_day
SPY,2025-11-13,672.040000,robinhood_equity_day
SPY,2025-11-14,671.930000,robinhood_equity_day
SPY,2025-11-17,665.670000,robinhood_equity_day
SPY,2025-11-18,660.080000,robinhood_equity_day
SPY,2025-11-19,662.630000,robinhood_equity_day
SPY,2025-11-20,652.530000,robinhood_equity_day
SPY,2025-11-21,659.030000,robinhood_equity_day
SPY,2025-11-24,668.730000,robinhood_equity_day
SPY,2025-11-25,675.020000,robinhood_equity_day
SPY,2025-11-26,679.680000,robinhood_equity_day
SPY,2025-11-28,683.390000,robinhood_equity_day
SPY,2025-12-01,680.270000,robinhood_equity_day
SPY,2025-12-02,681.530000,robinhood_equity_day
SPY,2025-12-03,683.890000,robinhood_equity_day
SPY,2025-12-04,684.390000,robinhood_equity_day
SPY,2025-12-05,685.690000,robinhood_equity_day
SPY,2025-12-08,683.630000,robinhood_equity_day
SPY,2025-12-09,683.040000,robinhood_equity_day
SPY,2025-12-10,687.570000,robinhood_equity_day
SPY,2025-12-11,689.170000,robinhood_equity_day
SPY,2025-12-12,681.760000,robinhood_equity_day
SPY,2025-12-15,680.730000,robinhood_equity_day
SPY,2025-12-16,678.870000,robinhood_equity_day
SPY,2025-12-17,671.400000,robinhood_equity_day
SPY,2025-12-18,676.470000,robinhood_equity_day
SPY,2025-12-19,680.590000,robinhood_equity_day
SPY,2025-12-22,684.830000,robinhood_equity_day
SPY,2025-12-23,687.960000,robinhood_equity_day
SPY,2025-12-24,690.380000,robinhood_equity_day
SPY,2025-12-26,690.310000,robinhood_equity_day
SPY,2025-12-29,687.850000,robinhood_equity_day
SPY,2025-12-30,687.010000,robinhood_equity_day
SPY,2025-12-31,681.920000,robinhood_equity_day
SPY,2026-01-02,683.170000,robinhood_equity_day
SPY,2026-01-05,687.720000,robinhood_equity_day
SPY,2026-01-06,691.810000,robinhood_equity_day
SPY,2026-01-07,689.580000,robinhood_equity_day
SPY,2026-01-08,689.510000,robinhood_equity_day
SPY,2026-01-09,694.070000,robinhood_equity_day
SPY,2026-01-12,695.160000,robinhood_equity_day
SPY,2026-01-13,693.770000,robinhood_equity_day
SPY,2026-01-14,690.360000,robinhood_equity_day
SPY,2026-01-15,692.240000,robinhood_equity_day
SPY,2026-01-16,691.660000,robinhood_equity_day
SPY,2026-01-20,677.580000,robinhood_equity_day
SPY,2026-01-21,685.400000,robinhood_equity_day
SPY,2026-01-22,688.980000,robinhood_equity_day
SPY,2026-01-23,689.230000,robinhood_equity_day
SPY,2026-01-26,692.730000,robinhood_equity_day
SPY,2026-01-27,695.490000,robinhood_equity_day
SPY,2026-01-28,695.420000,robinhood_equity_day
SPY,2026-01-29,694.040000,robinhood_equity_day
SPY,2026-01-30,691.970000,robinhood_equity_day
SPY,2026-02-02,695.410000,robinhood_equity_day
SPY,2026-02-03,689.530000,robinhood_equity_day
SPY,2026-02-04,686.190000,robinhood_equity_day
SPY,2026-02-05,677.620000,robinhood_equity_day
SPY,2026-02-06,690.620000,robinhood_equity_day
SPY,2026-02-09,693.950000,robinhood_equity_day
SPY,2026-02-10,692.120000,robinhood_equity_day
SPY,2026-02-11,691.960000,robinhood_equity_day
SPY,2026-02-12,681.270000,robinhood_equity_day
SPY,2026-02-13,681.750000,robinhood_equity_day
SPY,2026-02-17,682.850000,robinhood_equity_day
SPY,2026-02-18,686.290000,robinhood_equity_day
SPY,2026-02-19,684.480000,robinhood_equity_day
SPY,2026-02-20,689.430000,robinhood_equity_day
SPY,2026-02-23,682.390000,robinhood_equity_day
SPY,2026-02-24,687.350000,robinhood_equity_day
SPY,2026-02-25,693.150000,robinhood_equity_day
SPY,2026-02-26,689.300000,robinhood_equity_day
SPY,2026-02-27,685.990000,robinhood_equity_day
SPY,2026-03-02,686.380000,robinhood_equity_day
SPY,2026-03-03,680.330000,robinhood_equity_day
SPY,2026-03-04,685.130000,robinhood_equity_day
SPY,2026-03-05,681.310000,robinhood_equity_day
SPY,2026-03-06,672.380000,robinhood_equity_day
SPY,2026-03-09,678.270000,robinhood_equity_day
SPY,2026-03-10,677.180000,robinhood_equity_day
SPY,2026-03-11,676.330000,robinhood_equity_day
SPY,2026-03-12,666.060000,robinhood_equity_day
SPY,2026-03-13,662.290000,robinhood_equity_day
SPY,2026-03-16,669.030000,robinhood_equity_day
SPY,2026-03-17,670.790000,robinhood_equity_day
SPY,2026-03-18,661.430000,robinhood_equity_day
SPY,2026-03-19,659.800000,robinhood_equity_day
SPY,2026-03-20,648.570000,robinhood_equity_day
SPY,2026-03-23,655.380000,robinhood_equity_day
SPY,2026-03-24,653.180000,robinhood_equity_day
SPY,2026-03-25,656.820000,robinhood_equity_day
SPY,2026-03-26,645.090000,robinhood_equity_day
SPY,2026-03-27,634.090000,robinhood_equity_day
SPY,2026-03-30,631.970000,robinhood_equity_day
SPY,2026-03-31,650.340000,robinhood_equity_day
SPY,2026-04-01,655.240000,robinhood_equity_day
SPY,2026-04-02,655.830000,robinhood_equity_day
SPY,2026-04-06,658.930000,robinhood_equity_day
SPY,2026-04-07,659.220000,robinhood_equity_day
SPY,2026-04-08,676.010000,robinhood_equity_day
SPY,2026-04-09,679.910000,robinhood_equity_day
SPY,2026-04-10,679.460000,robinhood_equity_day
SPY,2026-04-13,686.100000,robinhood_equity_day
SPY,2026-04-14,694.460000,robinhood_equity_day
SPY,2026-04-15,699.940000,robinhood_equity_day
SPY,2026-04-16,701.660000,robinhood_equity_day
SPY,2026-04-17,710.140000,robinhood_equity_day
SPY,2026-04-20,708.720000,robinhood_equity_day
SPY,2026-04-21,704.080000,robinhood_equity_day
SPY,2026-04-22,711.210000,robinhood_equity_day
SPY,2026-04-23,708.450000,robinhood_equity_day
SPY,2026-04-24,713.940000,robinhood_equity_day
SPY,2026-04-27,715.170000,robinhood_equity_day
SPY,2026-04-28,711.690000,robinhood_equity_day
SPY,2026-04-29,711.580000,robinhood_equity_day
SPY,2026-04-30,718.660000,robinhood_equity_day
SPY,2026-05-01,720.650000,robinhood_equity_day
SPY,2026-05-04,718.010000,robinhood_equity_day
SPY,2026-05-05,723.770000,robinhood_equity_day
SPY,2026-05-06,733.830000,robinhood_equity_day
SPY,2026-05-07,731.580000,robinhood_equity_day
SPY,2026-05-08,737.620000,robinhood_equity_day
SPY,2026-05-11,739.300000,robinhood_equity_day
SPY,2026-05-12,738.180000,robinhood_equity_day
SPY,2026-05-13,742.310000,robinhood_equity_day
SPY,2026-05-14,748.170000,robinhood_equity_day
SPY,2026-05-15,739.170000,robinhood_equity_day
SPY,2026-05-18,738.650000,robinhood_equity_day
SPY,2026-05-19,733.730000,robinhood_equity_day
SPY,2026-05-20,741.250000,robinhood_equity_day
SPY,2026-05-21,742.720000,robinhood_equity_day
SPY,2026-05-22,745.640000,robinhood_equity_day
SPY,2026-05-26,750.590000,robinhood_equity_day
SPY,2026-05-27,750.460000,robinhood_equity_day
SPY,2026-05-28,754.600000,robinhood_equity_day
SPY,2026-05-29,756.480000,robinhood_equity_day
SPY,2026-06-01,758.540000,robinhood_equity_day
SPY,2026-06-02,759.570000,robinhood_equity_day
SPY,2026-06-03,754.240000,robinhood_equity_day
SPY,2026-06-04,757.090000,robinhood_equity_day
SPY,2026-06-05,737.550000,robinhood_equity_day
SPY,2026-06-08,739.220000,robinhood_equity_day
SPY,2026-06-09,737.050000,robinhood_equity_day
SPY,2026-06-10,725.430000,robinhood_equity_day
SPY,2026-06-11,737.760000,robinhood_equity_day
SPY,2026-06-12,741.750000,robinhood_equity_day
SPY,2026-06-15,754.830000,robinhood_equity_day
SPY,2026-06-16,750.330000,robinhood_equity_day
SPY,2026-06-17,740.960000,robinhood_equity_day
SPY,2026-06-18,746.740000,robinhood_equity_day
SPY,2026-06-22,744.390000,robinhood_equity_day
SPY,2026-06-23,733.580000,robinhood_equity_day
SPY,2026-06-24,733.240000,robinhood_equity_day
SPY,2026-06-25,734.300000,robinhood_equity_day
SPY,2026-06-26,728.990000,robinhood_equity_day
SPY,2026-06-29,741.000000,robinhood_equity_day
SPY,2026-06-30,746.770000,robinhood_equity_day
SPY,2026-07-01,745.760000,robinhood_equity_day
SPY,2026-07-02,744.780000,robinhood_equity_day
SPY,2026-07-06,751.280000,robinhood_equity_day
SPY,2026-07-07,747.710000,robinhood_equity_day
SPY,2026-07-08,745.400000,robinhood_equity_day
SPY,2026-07-09,751.710000,robinhood_equity_day
SPY,2026-07-10,754.950000,robinhood_equity_day
SPY,2026-07-13,749.170000,robinhood_equity_day
SPY,2026-07-14,751.830000,robinhood_equity_day
SPY,2026-07-15,754.810000,robinhood_equity_day
SPY,2026-07-16,750.720000,robinhood_equity_day
SPY,2026-07-17,743.290000,robinhood_equity_day
SPY,2026-07-20,742.090000,robinhood_equity_day
SPY,2026-07-21,748.280000,robinhood_equity_day
SPY,2026-07-22,747.410000,robinhood_equity_day
SPY,2026-07-23,738.180000,robinhood_equity_day
SPY,2026-07-24,738.930000,robinhood_equity_day
SPY,2026-07-27,739.090000,robinhood_equity_day
SPY,2026-07-28,740.860000,robinhood_equity_day
SPY,2026-07-29,729.460000,robinhood_equity_day
SPY,2026-07-30,741.690000,robinhood_equity_day
SPY,2026-07-31,747.030000,robinhood_equity_day
SPY,2026-08-03,757.670000,robinhood_equity_day
SPY,2026-08-04,771.330000,robinhood_equity_day
