ticker,date,quote_time,expiration,dte,option_type,strike,market_iv,market_mid,spot,rate,dividend,vega,contract_id,source
SPY,2026-05-11,2026-05-11 19:00:00+00:00,2026-05-15,4,call,728.0,19.027474348358815,12.82,738.5875,3.8,0.0,0.23183325927218237,2ee3509f-c7ec-4562-ab72-65a4a4312f71,Robinhood hourly last-trade replay; IV inverted from daily final trade
SPY,2026-05-11,2026-05-11 19:00:00+00:00,2026-05-15,4,call,730.0,16.543449236098677,10.71,738.5875,3.8,0.0,0.24007562196658072,326a7607-08f4-4ae2-b683-601532cd5a38,Robinhood hourly last-trade replay; IV inverted from daily final trade
SPY,2026-05-11,2026-05-11 19:00:00+00:00,2026-05-15,4,call,732.0,17.657695737928155,9.55,738.5875,3.8,0.0,0.2699480692775241,7c66b3ac-ea39-47c3-8f42-8a9606242cd0,Robinhood hourly last-trade replay; IV inverted from daily final trade
SPY,2026-05-11,2026-05-11 19:00:00+00:00,2026-05-15,4,call,734.0,16.883965623881668,8.0,738.5875,3.8,0.0,0.2864340634799107,d467c24a-0ead-4806-908a-331b8b4f5408,Robinhood hourly last-trade replay; IV inverted from daily final trade
SPY,2026-05-11,2026-05-11 19:00:00+00:00,2026-05-15,4,call,736.0,16.80948831584304,6.75,738.5875,3.8,0.0,0.3002741896209442,ead19cc8-94df-417f-a0ba-daa1b654d4aa,Robinhood hourly last-trade replay; IV inverted from daily final trade
SPY,2026-05-11,2026-05-11 19:00:00+00:00,2026-05-15,4,call,738.0,15.56879029523581,5.26,738.5875,3.8,0.0,0.30740910338919947,8457de86-f044-4f6a-a9b9-31e278de79a5,Robinhood hourly last-trade replay; IV inverted from daily final trade
SPY,2026-05-11,2026-05-11 19:00:00+00:00,2026-05-15,4,call,740.0,15.035744976596908,4.11,738.5875,3.8,0.0,0.30729099251784264,d0000866-c268-4fc6-9a2f-2813d18d99d0,Robinhood hourly last-trade replay; IV inverted from daily final trade
SPY,2026-05-11,2026-05-11 19:00:00+00:00,2026-05-15,4,call,742.0,14.398683251291512,3.07,738.5875,3.8,0.0,0.2973642846355739,fb0f9f82-67f9-48de-a778-02c612d92470,Robinhood hourly last-trade replay; IV inverted from daily final trade
SPY,2026-05-11,2026-05-11 19:00:00+00:00,2026-05-15,4,call,744.0,13.850199241451918,2.21,738.5875,3.8,0.0,0.27651219027242946,67c1fb7c-56bf-420f-afff-0708472957e0,Robinhood hourly last-trade replay; IV inverted from daily final trade
SPY,2026-05-11,2026-05-11 19:00:00+00:00,2026-05-15,4,call,746.0,13.388604958672076,1.53,738.5875,3.8,0.0,0.24549037698325116,7cfdbe04-2edf-4c06-acac-4ec232e1e042,Robinhood hourly last-trade replay; IV inverted from daily final trade
SPY,2026-05-11,2026-05-11 19:00:00+00:00,2026-05-15,4,call,748.0,12.923395353965457,1.0,738.5875,3.8,0.0,0.20601463016610735,c3d4a917-9fa0-4986-aee8-93e06450da5f,Robinhood hourly last-trade replay; IV inverted from daily final trade
SPY,2026-05-11,2026-05-11 19:00:00+00:00,2026-05-15,4,put,728.0,17.02499763727188,1.48,738.5875,3.8,0.0,0.21632102098906572,fe709508-4a04-4ef8-8e52-0f2a94b07f32,Robinhood hourly last-trade replay; IV inverted from daily final trade
SPY,2026-05-11,2026-05-11 19:00:00+00:00,2026-05-15,4,put,730.0,16.549432863965635,1.82,738.5875,3.8,0.0,0.24011806418907408,1851fafb-e549-4d0f-a14e-32327eea2a24,Robinhood hourly last-trade replay; IV inverted from daily final trade
SPY,2026-05-11,2026-05-11 19:00:00+00:00,2026-05-15,4,put,732.0,16.204764723181725,2.27,738.5875,3.8,0.0,0.26352208515627756,664c3f7f-2bc0-4f57-964c-f325cc364336,Robinhood hourly last-trade replay; IV inverted from daily final trade
SPY,2026-05-11,2026-05-11 19:00:00+00:00,2026-05-15,4,put,734.0,15.241479797437785,2.64,738.5875,3.8,0.0,0.2818721413089441,eb3376e1-246c-405e-a865-873dd619cc4e,Robinhood hourly last-trade replay; IV inverted from daily final trade
SPY,2026-05-11,2026-05-11 19:00:00+00:00,2026-05-15,4,put,736.0,14.717123078983278,3.23,738.5875,3.8,0.0,0.298009556185068,03c6db54-3fba-4a9f-8f90-9ffad23bfa71,Robinhood hourly last-trade replay; IV inverted from daily final trade
SPY,2026-05-11,2026-05-11 19:00:00+00:00,2026-05-15,4,put,738.0,15.06377489717677,4.21,738.5875,3.8,0.0,0.3073517942100768,d52354f3-9d4a-4bcc-9cb2-6ab3fe5d2845,Robinhood hourly last-trade replay; IV inverted from daily final trade
SPY,2026-05-11,2026-05-11 19:00:00+00:00,2026-05-15,4,put,740.0,13.686593351662157,4.8,738.5875,3.8,0.0,0.3070063428850245,0033c1fc-1321-41e3-ae41-f2dd89d24805,Robinhood hourly last-trade replay; IV inverted from daily final trade
SPY,2026-05-11,2026-05-11 19:00:00+00:00,2026-05-15,4,put,742.0,13.002115682791917,5.76,738.5875,3.8,0.0,0.2947726102382514,973c98a2-3759-4bd2-8420-4687183f9664,Robinhood hourly last-trade replay; IV inverted from daily final trade
SPY,2026-05-11,2026-05-11 19:00:00+00:00,2026-05-15,4,put,744.0,12.336828928729517,6.9,738.5875,3.8,0.0,0.26851382760085657,6dbb5ccb-dc39-4730-9fda-30fbdb6132a9,Robinhood hourly last-trade replay; IV inverted from daily final trade
SPY,2026-05-11,2026-05-11 19:00:00+00:00,2026-05-15,4,put,746.0,11.651832057908178,8.22,738.5875,3.8,0.0,0.22782985416151713,f775091e-78a3-42d6-b93e-64cb1f8aa834,Robinhood hourly last-trade replay; IV inverted from daily final trade
SPY,2026-05-11,2026-05-11 19:00:00+00:00,2026-05-15,4,put,748.0,11.158419775739313,9.76,738.5875,3.8,0.0,0.17912459728271088,41a8f371-4c45-46da-86da-82438726a1cb,Robinhood hourly last-trade replay; IV inverted from daily final trade
SPY,2026-05-12,2026-05-12 19:00:00+00:00,2026-05-15,3,call,728.0,22.484229671005156,11.79,737.16,3.8,0.0,0.21739026483661622,2ee3509f-c7ec-4562-ab72-65a4a4312f71,Robinhood hourly last-trade replay; IV inverted from daily final trade
SPY,2026-05-12,2026-05-12 19:00:00+00:00,2026-05-15,3,call,730.0,16.794396535363045,9.09,737.16,3.8,0.0,0.21313210423955764,326a7607-08f4-4ae2-b683-601532cd5a38,Robinhood hourly last-trade replay; IV inverted from daily final trade
SPY,2026-05-12,2026-05-12 19:00:00+00:00,2026-05-15,3,call,732.0,19.93409408537671,8.42,737.16,3.8,0.0,0.24461697913924138,7c66b3ac-ea39-47c3-8f42-8a9606242cd0,Robinhood hourly last-trade replay; IV inverted from daily final trade
SPY,2026-05-12,2026-05-12 19:00:00+00:00,2026-05-15,3,call,734.0,18.88938851500862,6.9,737.16,3.8,0.0,0.25653425056510176,d467c24a-0ead-4806-908a-331b8b4f5408,Robinhood hourly last-trade replay; IV inverted from daily final trade
SPY,2026-05-12,2026-05-12 19:00:00+00:00,2026-05-15,3,call,736.0,17.805556071866306,5.47,737.16,3.8,0.0,0.2645417671297334,ead19cc8-94df-417f-a0ba-daa1b654d4aa,Robinhood hourly last-trade replay; IV inverted from daily final trade
SPY,2026-05-12,2026-05-12 19:00:00+00:00,2026-05-15,3,call,738.0,16.977276226012034,4.23,737.16,3.8,0.0,0.26633389956584475,8457de86-f044-4f6a-a9b9-31e278de79a5,Robinhood hourly last-trade replay; IV inverted from daily final trade
SPY,2026-05-12,2026-05-12 19:00:00+00:00,2026-05-15,3,call,740.0,16.05775560105219,3.11,737.16,3.8,0.0,0.25933029232014065,d0000866-c268-4fc6-9a2f-2813d18d99d0,Robinhood hourly last-trade replay; IV inverted from daily final trade
SPY,2026-05-12,2026-05-12 19:00:00+00:00,2026-05-15,3,call,742.0,13.735332212485371,1.82,737.16,3.8,0.0,0.2359629483758443,fb0f9f82-67f9-48de-a778-02c612d92470,Robinhood hourly last-trade replay; IV inverted from daily final trade
SPY,2026-05-12,2026-05-12 19:00:00+00:00,2026-05-15,3,call,744.0,14.774936565477404,1.5,737.16,3.8,0.0,0.2145053428079453,67c1fb7c-56bf-420f-afff-0708472957e0,Robinhood hourly last-trade replay; IV inverted from daily final trade
SPY,2026-05-12,2026-05-12 19:00:00+00:00,2026-05-15,3,call,746.0,14.168494717031717,0.95,737.16,3.8,0.0,0.17825999359304018,7cfdbe04-2edf-4c06-acac-4ec232e1e042,Robinhood hourly last-trade replay; IV inverted from daily final trade
SPY,2026-05-12,2026-05-12 19:00:00+00:00,2026-05-15,3,call,748.0,13.609657401200383,0.56,737.16,3.8,0.0,0.13736800798936882,c3d4a917-9fa0-4986-aee8-93e06450da5f,Robinhood hourly last-trade replay; IV inverted from daily final trade
SPY,2026-05-12,2026-05-12 19:00:00+00:00,2026-05-15,3,put,728.0,15.777968612425028,1.06,737.16,3.8,0.0,0.17732608935368377,fe709508-4a04-4ef8-8e52-0f2a94b07f32,Robinhood hourly last-trade replay; IV inverted from daily final trade
SPY,2026-05-12,2026-05-12 19:00:00+00:00,2026-05-15,3,put,730.0,14.90350214421749,1.31,737.16,3.8,0.0,0.20091197046484083,1851fafb-e549-4d0f-a14e-32327eea2a24,Robinhood hourly last-trade replay; IV inverted from daily final trade
SPY,2026-05-12,2026-05-12 19:00:00+00:00,2026-05-15,3,put,732.0,13.958886137418446,1.62,737.16,3.8,0.0,0.2245426649765137,664c3f7f-2bc0-4f57-964c-f325cc364336,Robinhood hourly last-trade replay; IV inverted from daily final trade
SPY,2026-05-12,2026-05-12 19:00:00+00:00,2026-05-15,3,put,734.0,13.144220558330415,2.06,737.16,3.8,0.0,0.2468334350584157,eb3376e1-246c-405e-a865-873dd619cc4e,Robinhood hourly last-trade replay; IV inverted from daily final trade
SPY,2026-05-12,2026-05-12 19:00:00+00:00,2026-05-15,3,put,736.0,12.87796029389836,2.78,737.16,3.8,0.0,0.26290283039348145,03c6db54-3fba-4a9f-8f90-9ffad23bfa71,Robinhood hourly last-trade replay; IV inverted from daily final trade
SPY,2026-05-12,2026-05-12 19:00:00+00:00,2026-05-15,3,put,738.0,13.711346479300406,3.97,737.16,3.8,0.0,0.2661319920809568,d52354f3-9d4a-4bcc-9cb2-6ab3fe5d2845,Robinhood hourly last-trade replay; IV inverted from daily final trade
SPY,2026-05-12,2026-05-12 19:00:00+00:00,2026-05-15,3,put,740.0,10.820965049685908,4.38,737.16,3.8,0.0,0.2503147958071052,0033c1fc-1321-41e3-ae41-f2dd89d24805,Robinhood hourly last-trade replay; IV inverted from daily final trade
SPY,2026-05-12,2026-05-12 19:00:00+00:00,2026-05-15,3,put,742.0,10.203889107108118,5.63,737.16,3.8,0.0,0.21315124664367224,973c98a2-3759-4bd2-8420-4687183f9664,Robinhood hourly last-trade replay; IV inverted from daily final trade
SPY,2026-05-12,2026-05-12 19:00:00+00:00,2026-05-15,3,put,744.0,7.023549452796578,6.78,737.16,3.8,0.0,0.10030759977446158,6dbb5ccb-dc39-4730-9fda-30fbdb6132a9,Robinhood hourly last-trade replay; IV inverted from daily final trade
SPY,2026-05-13,2026-05-13 19:00:00+00:00,2026-05-15,2,call,728.0,23.62860944338143,15.31,742.32,3.8,0.0,0.11520086066692045,2ee3509f-c7ec-4562-ab72-65a4a4312f71,Robinhood hourly last-trade replay; IV inverted from daily final trade
SPY,2026-05-13,2026-05-13 19:00:00+00:00,2026-05-15,2,call,730.0,22.18858443874865,13.42,742.32,3.8,0.0,0.12766691271581798,326a7607-08f4-4ae2-b683-601532cd5a38,Robinhood hourly last-trade replay; IV inverted from daily final trade
SPY,2026-05-13,2026-05-13 19:00:00+00:00,2026-05-15,2,call,732.0,20.762808384522792,11.56,742.32,3.8,0.0,0.14197019785765055,7c66b3ac-ea39-47c3-8f42-8a9606242cd0,Robinhood hourly last-trade replay; IV inverted from daily final trade
SPY,2026-05-13,2026-05-13 19:00:00+00:00,2026-05-15,2,call,734.0,18.44816790305078,9.6,742.32,3.8,0.0,0.153079716315728,d467c24a-0ead-4806-908a-331b8b4f5408,Robinhood hourly last-trade replay; IV inverted from daily final trade
SPY,2026-05-13,2026-05-13 19:00:00+00:00,2026-05-15,2,call,736.0,18.14356166420505,8.01,742.32,3.8,0.0,0.17644480619621,ead19cc8-94df-417f-a0ba-daa1b654d4aa,Robinhood hourly last-trade replay; IV inverted from daily final trade
SPY,2026-05-13,2026-05-13 19:00:00+00:00,2026-05-15,2,call,738.0,16.72826929852366,6.32,742.32,3.8,0.0,0.1940002938976905,8457de86-f044-4f6a-a9b9-31e278de79a5,Robinhood hourly last-trade replay; IV inverted from daily final trade
SPY,2026-05-13,2026-05-13 19:00:00+00:00,2026-05-15,2,call,740.0,16.15783072941006,4.91,742.32,3.8,0.0,0.2104841562452653,d0000866-c268-4fc6-9a2f-2813d18d99d0,Robinhood hourly last-trade replay; IV inverted from daily final trade
SPY,2026-05-13,2026-05-13 19:00:00+00:00,2026-05-15,2,call,742.0,15.503472361527383,3.64,742.32,3.8,0.0,0.21880122361944782,fb0f9f82-67f9-48de-a778-02c612d92470,Robinhood hourly last-trade replay; IV inverted from daily final trade
SPY,2026-05-13,2026-05-13 19:00:00+00:00,2026-05-15,2,call,744.0,14.373272623065859,2.45,742.32,3.8,0.0,0.21539171146797081,67c1fb7c-56bf-420f-afff-0708472957e0,Robinhood hourly last-trade replay; IV inverted from daily final trade
SPY,2026-05-13,2026-05-13 19:00:00+00:00,2026-05-15,2,call,746.0,14.253024519886822,1.68,742.32,3.8,0.0,0.19866422803866876,7cfdbe04-2edf-4c06-acac-4ec232e1e042,Robinhood hourly last-trade replay; IV inverted from daily final trade
SPY,2026-05-13,2026-05-13 19:00:00+00:00,2026-05-15,2,call,748.0,13.854865074232219,1.05,742.32,3.8,0.0,0.1694275528281197,c3d4a917-9fa0-4986-aee8-93e06450da5f,Robinhood hourly last-trade replay; IV inverted from daily final trade
SPY,2026-05-13,2026-05-13 19:00:00+00:00,2026-05-15,2,put,728.0,18.634391440525654,0.35,742.32,3.8,0.0,0.07838419483575403,fe709508-4a04-4ef8-8e52-0f2a94b07f32,Robinhood hourly last-trade replay; IV inverted from daily final trade
SPY,2026-05-13,2026-05-13 19:00:00+00:00,2026-05-15,2,put,730.0,17.853718455545604,0.46,742.32,3.8,0.0,0.09555194526165593,1851fafb-e549-4d0f-a14e-32327eea2a24,Robinhood hourly last-trade replay; IV inverted from daily final trade
SPY,2026-05-13,2026-05-13 19:00:00+00:00,2026-05-15,2,put,732.0,16.906513423770672,0.59,742.32,3.8,0.0,0.11425868354826094,664c3f7f-2bc0-4f57-964c-f325cc364336,Robinhood hourly last-trade replay; IV inverted from daily final trade
SPY,2026-05-13,2026-05-13 19:00:00+00:00,2026-05-15,2,put,734.0,16.20470884494484,0.8,742.32,3.8,0.0,0.13787650698166865,eb3376e1-246c-405e-a865-873dd619cc4e,Robinhood hourly last-trade replay; IV inverted from daily final trade
SPY,2026-05-13,2026-05-13 19:00:00+00:00,2026-05-15,2,put,736.0,15.335051630325616,1.06,742.32,3.8,0.0,0.16206449771138642,03c6db54-3fba-4a9f-8f90-9ffad23bfa71,Robinhood hourly last-trade replay; IV inverted from daily final trade
SPY,2026-05-13,2026-05-13 19:00:00+00:00,2026-05-15,2,put,738.0,14.54352336652577,1.43,742.32,3.8,0.0,0.18667658703261478,d52354f3-9d4a-4bcc-9cb2-6ab3fe5d2845,Robinhood hourly last-trade replay; IV inverted from daily final trade
SPY,2026-05-13,2026-05-13 19:00:00+00:00,2026-05-15,2,put,740.0,13.978524543773378,1.98,742.32,3.8,0.0,0.2077471615550886,0033c1fc-1321-41e3-ae41-f2dd89d24805,Robinhood hourly last-trade replay; IV inverted from daily final trade
SPY,2026-05-13,2026-05-13 19:00:00+00:00,2026-05-15,2,put,742.0,13.19246303414926,2.66,742.32,3.8,0.0,0.21867285617031118,973c98a2-3759-4bd2-8420-4687183f9664,Robinhood hourly last-trade replay; IV inverted from daily final trade
SPY,2026-05-13,2026-05-13 19:00:00+00:00,2026-05-15,2,put,744.0,13.047123739998788,3.69,742.32,3.8,0.0,0.21453787255410336,6dbb5ccb-dc39-4730-9fda-30fbdb6132a9,Robinhood hourly last-trade replay; IV inverted from daily final trade
SPY,2026-05-13,2026-05-13 19:00:00+00:00,2026-05-15,2,put,746.0,12.28525936955586,4.82,742.32,3.8,0.0,0.19185619550705593,f775091e-78a3-42d6-b93e-64cb1f8aa834,Robinhood hourly last-trade replay; IV inverted from daily final trade
SPY,2026-05-13,2026-05-13 19:00:00+00:00,2026-05-15,2,put,748.0,12.049206414334478,6.28,742.32,3.8,0.0,0.15574789914345297,41a8f371-4c45-46da-86da-82438726a1cb,Robinhood hourly last-trade replay; IV inverted from daily final trade
SPY,2026-05-14,2026-05-14 19:00:00+00:00,2026-05-15,1,call,742.0,10.448807144612076,6.65,748.48,3.8,0.0,0.042651050054012644,fb0f9f82-67f9-48de-a778-02c612d92470,Robinhood hourly last-trade replay; IV inverted from daily final trade
SPY,2026-05-14,2026-05-14 19:00:00+00:00,2026-05-15,1,call,744.0,11.158006276786328,4.89,748.48,3.8,0.0,0.09018732349059859,67c1fb7c-56bf-420f-afff-0708472957e0,Robinhood hourly last-trade replay; IV inverted from daily final trade
SPY,2026-05-14,2026-05-14 19:00:00+00:00,2026-05-15,1,call,746.0,11.68266566902399,3.38,748.48,3.8,0.0,0.13340029672699372,7cfdbe04-2edf-4c06-acac-4ec232e1e042,Robinhood hourly last-trade replay; IV inverted from daily final trade
SPY,2026-05-14,2026-05-14 19:00:00+00:00,2026-05-15,1,call,748.0,11.568284780718386,2.1,748.48,3.8,0.0,0.15505555809787322,c3d4a917-9fa0-4986-aee8-93e06450da5f,Robinhood hourly last-trade replay; IV inverted from daily final trade
SPY,2026-05-14,2026-05-14 19:00:00+00:00,2026-05-15,1,put,728.0,25.715449253916738,0.07,748.48,3.8,0.0,0.018131033445058314,fe709508-4a04-4ef8-8e52-0f2a94b07f32,Robinhood hourly last-trade replay; IV inverted from daily final trade
SPY,2026-05-14,2026-05-14 19:00:00+00:00,2026-05-15,1,put,730.0,24.038997841179366,0.08,748.48,3.8,0.0,0.021091557684464735,1851fafb-e549-4d0f-a14e-32327eea2a24,Robinhood hourly last-trade replay; IV inverted from daily final trade
SPY,2026-05-14,2026-05-14 19:00:00+00:00,2026-05-15,1,put,732.0,22.634628739506002,0.1,748.48,3.8,0.0,0.026004530966394133,664c3f7f-2bc0-4f57-964c-f325cc364336,Robinhood hourly last-trade replay; IV inverted from daily final trade
SPY,2026-05-14,2026-05-14 19:00:00+00:00,2026-05-15,1,put,734.0,21.304041261821983,0.13,748.48,3.8,0.0,0.03281677963846416,eb3376e1-246c-405e-a865-873dd619cc4e,Robinhood hourly last-trade replay; IV inverted from daily final trade
SPY,2026-05-14,2026-05-14 19:00:00+00:00,2026-05-15,1,put,736.0,19.908482295498253,0.17,748.48,3.8,0.0,0.04148322609668503,03c6db54-3fba-4a9f-8f90-9ffad23bfa71,Robinhood hourly last-trade replay; IV inverted from daily final trade
SPY,2026-05-14,2026-05-14 19:00:00+00:00,2026-05-15,1,put,738.0,18.360450246781117,0.22,748.48,3.8,0.0,0.052053477740406286,d52354f3-9d4a-4bcc-9cb2-6ab3fe5d2845,Robinhood hourly last-trade replay; IV inverted from daily final trade
SPY,2026-05-14,2026-05-14 19:00:00+00:00,2026-05-15,1,put,740.0,17.48532441537828,0.34,748.48,3.8,0.0,0.07058205220654651,0033c1fc-1321-41e3-ae41-f2dd89d24805,Robinhood hourly last-trade replay; IV inverted from daily final trade
SPY,2026-05-14,2026-05-14 19:00:00+00:00,2026-05-15,1,put,742.0,16.42181069612503,0.51,748.48,3.8,0.0,0.0921432764419906,973c98a2-3759-4bd2-8420-4687183f9664,Robinhood hourly last-trade replay; IV inverted from daily final trade
SPY,2026-05-14,2026-05-14 19:00:00+00:00,2026-05-15,1,put,744.0,15.667899661399428,0.81,748.48,3.8,0.0,0.11808009423657469,6dbb5ccb-dc39-4730-9fda-30fbdb6132a9,Robinhood hourly last-trade replay; IV inverted from daily final trade
SPY,2026-05-14,2026-05-14 19:00:00+00:00,2026-05-15,1,put,746.0,14.996158505324274,1.28,748.48,3.8,0.0,0.141873747468533,f775091e-78a3-42d6-b93e-64cb1f8aa834,Robinhood hourly last-trade replay; IV inverted from daily final trade
SPY,2026-05-14,2026-05-14 19:00:00+00:00,2026-05-15,1,put,748.0,14.259402089323846,1.96,748.48,3.8,0.0,0.1554575528243142,41a8f371-4c45-46da-86da-82438726a1cb,Robinhood hourly last-trade replay; IV inverted from daily final trade
SPY,2026-05-15,2026-05-15 19:00:00+00:00,2026-05-15,1,call,742.0,2.4338079302757976,0.03,740.54,3.8,0.0,0.05297480677589954,fb0f9f82-67f9-48de-a778-02c612d92470,Robinhood hourly last-trade replay; IV inverted from daily final trade
SPY,2026-05-15,2026-05-15 19:00:00+00:00,2026-05-15,1,call,744.0,4.594935994148254,0.02,740.54,3.8,0.0,0.025742636268261836,67c1fb7c-56bf-420f-afff-0708472957e0,Robinhood hourly last-trade replay; IV inverted from daily final trade
SPY,2026-05-15,2026-05-15 19:00:00+00:00,2026-05-15,1,call,746.0,6.776325506716967,0.02,740.54,3.8,0.0,0.01930451404815068,7cfdbe04-2edf-4c06-acac-4ec232e1e042,Robinhood hourly last-trade replay; IV inverted from daily final trade
SPY,2026-05-15,2026-05-15 19:00:00+00:00,2026-05-15,1,call,748.0,8.071784199476241,0.01,740.54,3.8,0.0,0.009875314283285143,c3d4a917-9fa0-4986-aee8-93e06450da5f,Robinhood hourly last-trade replay; IV inverted from daily final trade
SPY,2026-05-15,2026-05-15 19:00:00+00:00,2026-05-15,1,put,728.0,13.11429589986801,0.01,740.54,3.8,0.0,0.006682618338481538,fe709508-4a04-4ef8-8e52-0f2a94b07f32,Robinhood hourly last-trade replay; IV inverted from daily final trade
SPY,2026-05-15,2026-05-15 19:00:00+00:00,2026-05-15,1,put,730.0,12.262204940319062,0.02,740.54,3.8,0.0,0.012222897005537383,1851fafb-e549-4d0f-a14e-32327eea2a24,Robinhood hourly last-trade replay; IV inverted from daily final trade
SPY,2026-05-15,2026-05-15 19:00:00+00:00,2026-05-15,1,put,732.0,10.22522714316845,0.02,740.54,3.8,0.0,0.014076371940191852,664c3f7f-2bc0-4f57-964c-f325cc364336,Robinhood hourly last-trade replay; IV inverted from daily final trade
SPY,2026-05-15,2026-05-15 19:00:00+00:00,2026-05-15,1,put,734.0,8.1423621378839,0.02,740.54,3.8,0.0,0.016766582082708373,eb3376e1-246c-405e-a865-873dd619cc4e,Robinhood hourly last-trade replay; IV inverted from daily final trade
SPY,2026-05-15,2026-05-15 19:00:00+00:00,2026-05-15,1,put,736.0,5.992860472500325,0.02,740.54,3.8,0.0,0.021129357877384448,03c6db54-3fba-4a9f-8f90-9ffad23bfa71,Robinhood hourly last-trade replay; IV inverted from daily final trade
SPY,2026-05-15,2026-05-15 19:00:00+00:00,2026-05-15,1,put,738.0,4.6786006156355135,0.06,740.54,3.8,0.0,0.05430058528564565,d52354f3-9d4a-4bcc-9cb2-6ab3fe5d2845,Robinhood hourly last-trade replay; IV inverted from daily final trade
SPY,2026-05-15,2026-05-15 19:00:00+00:00,2026-05-15,1,put,740.0,7.653401488587258,0.9,740.54,3.8,0.0,0.15126141496381695,0033c1fc-1321-41e3-ae41-f2dd89d24805,Robinhood hourly last-trade replay; IV inverted from daily final trade
SPY,2026-05-15,2026-05-15 19:00:00+00:00,2026-05-15,1,put,742.0,14.21250627901405,2.96,740.54,3.8,0.0,0.14998897155217458,973c98a2-3759-4bd2-8420-4687183f9664,Robinhood hourly last-trade replay; IV inverted from daily final trade
SPY,2026-05-15,2026-05-15 19:00:00+00:00,2026-05-15,1,put,744.0,13.861037756800652,4.25,740.54,3.8,0.0,0.12723936840209096,6dbb5ccb-dc39-4730-9fda-30fbdb6132a9,Robinhood hourly last-trade replay; IV inverted from daily final trade
SPY,2026-05-15,2026-05-15 19:00:00+00:00,2026-05-15,1,put,746.0,17.812409537620837,6.25,740.54,3.8,0.0,0.1147813658904356,f775091e-78a3-42d6-b93e-64cb1f8aa834,Robinhood hourly last-trade replay; IV inverted from daily final trade
SPY,2026-05-15,2026-05-15 19:00:00+00:00,2026-05-15,1,put,748.0,27.897554007917638,8.99,740.54,3.8,0.0,0.12338262920476796,41a8f371-4c45-46da-86da-82438726a1cb,Robinhood hourly last-trade replay; IV inverted from daily final trade
SPY,2026-05-18,2026-05-18 19:00:00+00:00,2026-05-22,4,call,726.0,26.811356052747,14.45,736.15,3.8,0.0,0.26806662846915436,9b4d5993-32f9-48e0-b211-a78c621405f4,Robinhood hourly last-trade replay; IV inverted from daily final trade
SPY,2026-05-18,2026-05-18 19:00:00+00:00,2026-05-22,4,call,728.0,24.92643504512497,12.58,736.15,3.8,0.0,0.2771258457889942,b9180236-d5e0-409d-9e7b-23bf2851642d,Robinhood hourly last-trade replay; IV inverted from daily final trade
SPY,2026-05-18,2026-05-18 19:00:00+00:00,2026-05-22,4,call,730.0,24.175030614975842,11.07,736.15,3.8,0.0,0.28808654187903626,eb8094e9-85da-4347-8928-6db0fa513bdb,Robinhood hourly last-trade replay; IV inverted from daily final trade
SPY,2026-05-18,2026-05-18 19:00:00+00:00,2026-05-22,4,call,732.0,23.606646502371877,9.68,736.15,3.8,0.0,0.29737794056788736,c9ad32de-40da-4a17-8093-856806951778,Robinhood hourly last-trade replay; IV inverted from daily final trade
SPY,2026-05-18,2026-05-18 19:00:00+00:00,2026-05-22,4,call,734.0,22.490633316952735,8.2,736.15,3.8,0.0,0.3038301787904824,99f00c2b-c026-46a3-95e6-733bd644c1df,Robinhood hourly last-trade replay; IV inverted from daily final trade
SPY,2026-05-18,2026-05-18 19:00:00+00:00,2026-05-22,4,call,736.0,21.960560254864397,6.98,736.15,3.8,0.0,0.3072122471100657,6e68238c-cdd7-4eb3-9dd3-0f70668ec61c,Robinhood hourly last-trade replay; IV inverted from daily final trade
SPY,2026-05-18,2026-05-18 19:00:00+00:00,2026-05-22,4,call,738.0,20.605731866713608,5.6,736.15,3.8,0.0,0.30629789419447795,2622a582-af89-48d3-8978-3db01bf6a601,Robinhood hourly last-trade replay; IV inverted from daily final trade
SPY,2026-05-18,2026-05-18 19:00:00+00:00,2026-05-22,4,call,740.0,20.12068641921505,4.59,736.15,3.8,0.0,0.300263198402555,a2c3e5a8-500d-4661-af44-8b8b28349534,Robinhood hourly last-trade replay; IV inverted from daily final trade
SPY,2026-05-18,2026-05-18 19:00:00+00:00,2026-05-22,4,call,742.0,19.539858223255724,3.66,736.15,3.8,0.0,0.28852399380506794,bda98276-12ef-4fe9-9028-6a47c433385b,Robinhood hourly last-trade replay; IV inverted from daily final trade
SPY,2026-05-18,2026-05-18 19:00:00+00:00,2026-05-22,4,call,744.0,19.054576690206304,2.87,736.15,3.8,0.0,0.2711912219792217,aff7a081-1853-459d-83b8-45dc2479c4d3,Robinhood hourly last-trade replay; IV inverted from daily final trade
SPY,2026-05-18,2026-05-18 19:00:00+00:00,2026-05-22,4,call,746.0,18.358432111125442,2.14,736.15,3.8,0.0,0.24721531112747389,a8220631-3ffb-4b7d-8e97-43126bfb9600,Robinhood hourly last-trade replay; IV inverted from daily final trade
SPY,2026-05-18,2026-05-18 19:00:00+00:00,2026-05-22,4,put,726.0,17.297886923206974,1.62,736.15,3.8,0.0,0.22346715859256644,e07b772c-c944-4b1e-9ef6-66ccde8468a7,Robinhood hourly last-trade replay; IV inverted from daily final trade
SPY,2026-05-18,2026-05-18 19:00:00+00:00,2026-05-22,4,put,728.0,16.523749829335138,1.91,736.15,3.8,0.0,0.24458769750729228,9ce98dcf-a883-48bf-a25a-67f4dc366568,Robinhood hourly last-trade replay; IV inverted from daily final trade
SPY,2026-05-18,2026-05-18 19:00:00+00:00,2026-05-22,4,put,730.0,16.25425561194308,2.4,736.15,3.8,0.0,0.2677173415582635,436d96a4-fcd0-4ae3-b999-b1f4a79ec6ed,Robinhood hourly last-trade replay; IV inverted from daily final trade
SPY,2026-05-18,2026-05-18 19:00:00+00:00,2026-05-22,4,put,732.0,15.422873592637476,2.83,736.15,3.8,0.0,0.2855859779776424,ff7e7f6c-bfeb-4189-bd3a-eec576bc299f,Robinhood hourly last-trade replay; IV inverted from daily final trade
SPY,2026-05-18,2026-05-18 19:00:00+00:00,2026-05-22,4,put,734.0,14.433316582515834,3.31,736.15,3.8,0.0,0.29950416365443994,cece7c0a-6b6a-4dbc-9b76-5d82edf88802,Robinhood hourly last-trade replay; IV inverted from daily final trade
SPY,2026-05-18,2026-05-18 19:00:00+00:00,2026-05-22,4,put,736.0,14.461051279744131,4.22,736.15,3.8,0.0,0.30707774186835535,e27b84ca-6284-4ecb-8439-8231e7f975b3,Robinhood hourly last-trade replay; IV inverted from daily final trade
SPY,2026-05-18,2026-05-18 19:00:00+00:00,2026-05-22,4,put,738.0,13.330432920157907,4.92,736.15,3.8,0.0,0.30431055601503265,776bedd4-cf3e-41f6-bcb2-6e1ec2b5f90a,Robinhood hourly last-trade replay; IV inverted from daily final trade
SPY,2026-05-18,2026-05-18 19:00:00+00:00,2026-05-22,4,put,740.0,12.328234390243887,5.83,736.15,3.8,0.0,0.2875791035880884,a681672f-34fa-4a48-b54f-b48f2323d3c8,Robinhood hourly last-trade replay; IV inverted from daily final trade
SPY,2026-05-18,2026-05-18 19:00:00+00:00,2026-05-22,4,put,742.0,10.635047445558012,6.77,736.15,3.8,0.0,0.24596101147496768,38132a42-0c50-4ae6-9afd-760e9c535b03,Robinhood hourly last-trade replay; IV inverted from daily final trade
SPY,2026-05-18,2026-05-18 19:00:00+00:00,2026-05-22,4,put,744.0,10.413948437832293,8.3,736.15,3.8,0.0,0.1996292604770072,71e3ced2-f32f-4949-a3fe-be126fc20b5a,Robinhood hourly last-trade replay; IV inverted from daily final trade
SPY,2026-05-18,2026-05-18 19:00:00+00:00,2026-05-22,4,put,746.0,7.206867321953178,9.64,736.15,3.8,0.0,0.07213265541525354,d4090cb6-7a0d-4b33-acbe-f3498f14d1b6,Robinhood hourly last-trade replay; IV inverted from daily final trade
SPY,2026-05-19,2026-05-19 19:00:00+00:00,2026-05-22,3,call,726.0,15.706350407507273,9.9,734.51,3.8,0.0,0.1855103834365299,9b4d5993-32f9-48e0-b211-a78c621405f4,Robinhood hourly last-trade replay; IV inverted from daily final trade
SPY,2026-05-19,2026-05-19 19:00:00+00:00,2026-05-22,3,call,728.0,15.74102564740926,8.37,734.51,3.8,0.0,0.21466931889662078,b9180236-d5e0-409d-9e7b-23bf2851642d,Robinhood hourly last-trade replay; IV inverted from daily final trade
SPY,2026-05-19,2026-05-19 19:00:00+00:00,2026-05-22,3,call,730.0,15.83075212629512,6.98,734.51,3.8,0.0,0.23919749973732035,eb8094e9-85da-4347-8928-6db0fa513bdb,Robinhood hourly last-trade replay; IV inverted from daily final trade
SPY,2026-05-19,2026-05-19 19:00:00+00:00,2026-05-22,3,call,732.0,17.004847945049406,6.01,734.51,3.8,0.0,0.25748349396669024,c9ad32de-40da-4a17-8093-856806951778,Robinhood hourly last-trade replay; IV inverted from daily final trade
SPY,2026-05-19,2026-05-19 19:00:00+00:00,2026-05-22,3,call,734.0,17.93178687160835,5.14,734.51,3.8,0.0,0.2650061478163085,99f00c2b-c026-46a3-95e6-733bd644c1df,Robinhood hourly last-trade replay; IV inverted from daily final trade
SPY,2026-05-19,2026-05-19 19:00:00+00:00,2026-05-22,3,call,736.0,17.53788069108501,4.06,734.51,3.8,0.0,0.2643361181801014,6e68238c-cdd7-4eb3-9dd3-0f70668ec61c,Robinhood hourly last-trade replay; IV inverted from daily final trade
SPY,2026-05-19,2026-05-19 19:00:00+00:00,2026-05-22,3,call,738.0,15.814620079305026,2.78,734.51,3.8,0.0,0.253840732353991,2622a582-af89-48d3-8978-3db01bf6a601,Robinhood hourly last-trade replay; IV inverted from daily final trade
SPY,2026-05-19,2026-05-19 19:00:00+00:00,2026-05-22,3,call,740.0,15.267625224478543,1.97,734.51,3.8,0.0,0.2334390906719731,a2c3e5a8-500d-4661-af44-8b8b28349534,Robinhood hourly last-trade replay; IV inverted from daily final trade
SPY,2026-05-19,2026-05-19 19:00:00+00:00,2026-05-22,3,call,742.0,15.102371858004481,1.4,734.51,3.8,0.0,0.20627320126425988,bda98276-12ef-4fe9-9028-6a47c433385b,Robinhood hourly last-trade replay; IV inverted from daily final trade
SPY,2026-05-19,2026-05-19 19:00:00+00:00,2026-05-22,3,call,744.0,14.993585312515496,0.97,734.51,3.8,0.0,0.174850685343131,aff7a081-1853-459d-83b8-45dc2479c4d3,Robinhood hourly last-trade replay; IV inverted from daily final trade
SPY,2026-05-19,2026-05-19 19:00:00+00:00,2026-05-22,3,call,746.0,15.236386496145276,0.7,734.51,3.8,0.0,0.14599720806392802,a8220631-3ffb-4b7d-8e97-43126bfb9600,Robinhood hourly last-trade replay; IV inverted from daily final trade
SPY,2026-05-19,2026-05-19 19:00:00+00:00,2026-05-22,3,put,726.0,19.368541136775168,1.89,734.51,3.8,0.0,0.2093479830792983,e07b772c-c944-4b1e-9ef6-66ccde8468a7,Robinhood hourly last-trade replay; IV inverted from daily final trade
SPY,2026-05-19,2026-05-19 19:00:00+00:00,2026-05-22,3,put,728.0,20.17760957913473,2.63,734.51,3.8,0.0,0.23291683527403367,9ce98dcf-a883-48bf-a25a-67f4dc366568,Robinhood hourly last-trade replay; IV inverted from daily final trade
SPY,2026-05-19,2026-05-19 19:00:00+00:00,2026-05-22,3,put,730.0,19.270857596956198,3.08,734.51,3.8,0.0,0.24723314493642332,436d96a4-fcd0-4ae3-b999-b1f4a79ec6ed,Robinhood hourly last-trade replay; IV inverted from daily final trade
SPY,2026-05-19,2026-05-19 19:00:00+00:00,2026-05-22,3,put,732.0,18.896847328329457,3.76,734.51,3.8,0.0,0.25892345663303606,ff7e7f6c-bfeb-4189-bd3a-eec576bc299f,Robinhood hourly last-trade replay; IV inverted from daily final trade
SPY,2026-05-19,2026-05-19 19:00:00+00:00,2026-05-22,3,put,734.0,19.588887650910767,4.84,734.51,3.8,0.0,0.2650868302468628,cece7c0a-6b6a-4dbc-9b76-5d82edf88802,Robinhood hourly last-trade replay; IV inverted from daily final trade
SPY,2026-05-19,2026-05-19 19:00:00+00:00,2026-05-22,3,put,736.0,19.125391645468767,5.74,734.51,3.8,0.0,0.2645790956480008,e27b84ca-6284-4ecb-8439-8231e7f975b3,Robinhood hourly last-trade replay; IV inverted from daily final trade
SPY,2026-05-19,2026-05-19 19:00:00+00:00,2026-05-22,3,put,738.0,19.71888371251523,7.04,734.51,3.8,0.0,0.258193080391252,776bedd4-cf3e-41f6-bcb2-6e1ec2b5f90a,Robinhood hourly last-trade replay; IV inverted from daily final trade
SPY,2026-05-19,2026-05-19 19:00:00+00:00,2026-05-22,3,put,740.0,17.04658712539822,7.65,734.51,3.8,0.0,0.23965312260587857,a681672f-34fa-4a48-b54f-b48f2323d3c8,Robinhood hourly last-trade replay; IV inverted from daily final trade
SPY,2026-05-19,2026-05-19 19:00:00+00:00,2026-05-22,3,put,742.0,19.630425669606776,9.65,734.51,3.8,0.0,0.22916452843491272,38132a42-0c50-4ae6-9afd-760e9c535b03,Robinhood hourly last-trade replay; IV inverted from daily final trade
SPY,2026-05-19,2026-05-19 19:00:00+00:00,2026-05-22,3,put,744.0,20.177489440925413,11.24,734.51,3.8,0.0,0.21145706026680433,71e3ced2-f32f-4949-a3fe-be126fc20b5a,Robinhood hourly last-trade replay; IV inverted from daily final trade
SPY,2026-05-19,2026-05-19 19:00:00+00:00,2026-05-22,3,put,746.0,21.6409441902861,13.08,734.51,3.8,0.0,0.19819978856267137,d4090cb6-7a0d-4b33-acbe-f3498f14d1b6,Robinhood hourly last-trade replay; IV inverted from daily final trade
SPY,2026-05-20,2026-05-20 19:00:00+00:00,2026-05-22,2,call,726.0,17.165941176787022,15.64,741.3,3.8,0.0,0.054827929226520494,9b4d5993-32f9-48e0-b211-a78c621405f4,Robinhood hourly last-trade replay; IV inverted from daily final trade
SPY,2026-05-20,2026-05-20 19:00:00+00:00,2026-05-22,2,call,728.0,18.220641035474834,13.85,741.3,3.8,0.0,0.08629456743840234,b9180236-d5e0-409d-9e7b-23bf2851642d,Robinhood hourly last-trade replay; IV inverted from daily final trade
SPY,2026-05-20,2026-05-20 19:00:00+00:00,2026-05-22,2,call,730.0,20.289963018745187,12.31,741.3,3.8,0.0,0.12692408220952428,eb8094e9-85da-4347-8928-6db0fa513bdb,Robinhood hourly last-trade replay; IV inverted from daily final trade
SPY,2026-05-20,2026-05-20 19:00:00+00:00,2026-05-22,2,call,732.0,18.368890654463325,10.38,741.3,3.8,0.0,0.13933168111712954,c9ad32de-40da-4a17-8093-856806951778,Robinhood hourly last-trade replay; IV inverted from daily final trade
SPY,2026-05-20,2026-05-20 19:00:00+00:00,2026-05-22,2,call,734.0,17.36092642180622,8.62,741.3,3.8,0.0,0.15988993492947723,99f00c2b-c026-46a3-95e6-733bd644c1df,Robinhood hourly last-trade replay; IV inverted from daily final trade
SPY,2026-05-20,2026-05-20 19:00:00+00:00,2026-05-22,2,call,736.0,19.373061686139554,7.5,741.3,3.8,0.0,0.19102705865449807,6e68238c-cdd7-4eb3-9dd3-0f70668ec61c,Robinhood hourly last-trade replay; IV inverted from daily final trade
SPY,2026-05-20,2026-05-20 19:00:00+00:00,2026-05-22,2,call,738.0,18.839721609801057,6.07,741.3,3.8,0.0,0.2064904619355753,2622a582-af89-48d3-8978-3db01bf6a601,Robinhood hourly last-trade replay; IV inverted from daily final trade
SPY,2026-05-20,2026-05-20 19:00:00+00:00,2026-05-22,2,call,740.0,17.09236769923009,4.51,741.3,3.8,0.0,0.21607686087022077,a2c3e5a8-500d-4661-af44-8b8b28349534,Robinhood hourly last-trade replay; IV inverted from daily final trade
SPY,2026-05-20,2026-05-20 19:00:00+00:00,2026-05-22,2,call,742.0,16.37568600548431,3.32,741.3,3.8,0.0,0.21858718210137645,bda98276-12ef-4fe9-9028-6a47c433385b,Robinhood hourly last-trade replay; IV inverted from daily final trade
SPY,2026-05-20,2026-05-20 19:00:00+00:00,2026-05-22,2,call,744.0,16.370792934540656,2.46,741.3,3.8,0.0,0.2106873547079579,aff7a081-1853-459d-83b8-45dc2479c4d3,Robinhood hourly last-trade replay; IV inverted from daily final trade
SPY,2026-05-20,2026-05-20 19:00:00+00:00,2026-05-22,2,call,746.0,16.058798661474132,1.71,741.3,3.8,0.0,0.19239176717009215,a8220631-3ffb-4b7d-8e97-43126bfb9600,Robinhood hourly last-trade replay; IV inverted from daily final trade
SPY,2026-05-20,2026-05-20 19:00:00+00:00,2026-05-22,2,put,726.0,21.550043337121608,0.51,741.3,3.8,0.0,0.0905899296887266,e07b772c-c944-4b1e-9ef6-66ccde8468a7,Robinhood hourly last-trade replay; IV inverted from daily final trade
SPY,2026-05-20,2026-05-20 19:00:00+00:00,2026-05-22,2,put,728.0,20.907706240601833,0.66,741.3,3.8,0.0,0.1077115867276568,9ce98dcf-a883-48bf-a25a-67f4dc366568,Robinhood hourly last-trade replay; IV inverted from daily final trade
SPY,2026-05-20,2026-05-20 19:00:00+00:00,2026-05-22,2,put,730.0,20.305590298995376,0.86,741.3,3.8,0.0,0.12702904321364472,436d96a4-fcd0-4ae3-b999-b1f4a79ec6ed,Robinhood hourly last-trade replay; IV inverted from daily final trade
SPY,2026-05-20,2026-05-20 19:00:00+00:00,2026-05-22,2,put,732.0,19.776011759303508,1.13,741.3,3.8,0.0,0.1481135096684174,ff7e7f6c-bfeb-4189-bd3a-eec576bc299f,Robinhood hourly last-trade replay; IV inverted from daily final trade
SPY,2026-05-20,2026-05-20 19:00:00+00:00,2026-05-22,2,put,734.0,19.25841723881662,1.48,741.3,3.8,0.0,0.169422162014733,cece7c0a-6b6a-4dbc-9b76-5d82edf88802,Robinhood hourly last-trade replay; IV inverted from daily final trade
SPY,2026-05-20,2026-05-20 19:00:00+00:00,2026-05-22,2,put,736.0,18.388413579128688,1.86,741.3,3.8,0.0,0.18826354796435857,e27b84ca-6284-4ecb-8439-8231e7f975b3,Robinhood hourly last-trade replay; IV inverted from daily final trade
SPY,2026-05-20,2026-05-20 19:00:00+00:00,2026-05-22,2,put,738.0,18.22667029723525,2.49,741.3,3.8,0.0,0.20570044969311865,776bedd4-cf3e-41f6-bcb2-6e1ec2b5f90a,Robinhood hourly last-trade replay; IV inverted from daily final trade
SPY,2026-05-20,2026-05-20 19:00:00+00:00,2026-05-22,2,put,740.0,17.388805005494508,3.12,741.3,3.8,0.0,0.21616467928737046,a681672f-34fa-4a48-b54f-b48f2323d3c8,Robinhood hourly last-trade replay; IV inverted from daily final trade
SPY,2026-05-20,2026-05-20 19:00:00+00:00,2026-05-22,2,put,742.0,17.494018137734383,4.11,741.3,3.8,0.0,0.21863643685226689,38132a42-0c50-4ae6-9afd-760e9c535b03,Robinhood hourly last-trade replay; IV inverted from daily final trade
SPY,2026-05-20,2026-05-20 19:00:00+00:00,2026-05-22,2,put,744.0,17.577327001113442,5.26,741.3,3.8,0.0,0.2118068858173839,71e3ced2-f32f-4949-a3fe-be126fc20b5a,Robinhood hourly last-trade replay; IV inverted from daily final trade
SPY,2026-05-20,2026-05-20 19:00:00+00:00,2026-05-22,2,put,746.0,17.372637568954378,6.51,741.3,3.8,0.0,0.19612803508150253,d4090cb6-7a0d-4b33-acbe-f3498f14d1b6,Robinhood hourly last-trade replay; IV inverted from daily final trade
SPY,2026-05-21,2026-05-21 19:00:00+00:00,2026-05-22,1,call,726.0,24.67376716181636,16.97,742.75,3.8,0.0,0.03177478933321274,9b4d5993-32f9-48e0-b211-a78c621405f4,Robinhood hourly last-trade replay; IV inverted from daily final trade
SPY,2026-05-21,2026-05-21 19:00:00+00:00,2026-05-22,1,call,728.0,29.09232011780143,15.31,742.75,3.8,0.0,0.06390219837040995,b9180236-d5e0-409d-9e7b-23bf2851642d,Robinhood hourly last-trade replay; IV inverted from daily final trade
SPY,2026-05-21,2026-05-21 19:00:00+00:00,2026-05-22,1,call,730.0,25.970782994776965,13.3,742.75,3.8,0.0,0.06764840195080173,eb8094e9-85da-4347-8928-6db0fa513bdb,Robinhood hourly last-trade replay; IV inverted from daily final trade
SPY,2026-05-21,2026-05-21 19:00:00+00:00,2026-05-22,1,call,732.0,19.68933902606368,11.09,742.75,3.8,0.0,0.055799848012866166,c9ad32de-40da-4a17-8093-856806951778,Robinhood hourly last-trade replay; IV inverted from daily final trade
SPY,2026-05-21,2026-05-21 19:00:00+00:00,2026-05-22,1,call,734.0,22.820254379846155,9.56,742.75,3.8,0.0,0.09343170415863142,99f00c2b-c026-46a3-95e6-733bd644c1df,Robinhood hourly last-trade replay; IV inverted from daily final trade
SPY,2026-05-21,2026-05-21 19:00:00+00:00,2026-05-22,1,call,736.0,20.001456231251368,7.63,742.75,3.8,0.0,0.10463684119759559,6e68238c-cdd7-4eb3-9dd3-0f70668ec61c,Robinhood hourly last-trade replay; IV inverted from daily final trade
SPY,2026-05-21,2026-05-21 19:00:00+00:00,2026-05-22,1,call,738.0,19.872127914577717,6.07,742.75,3.8,0.0,0.12701919924154514,2622a582-af89-48d3-8978-3db01bf6a601,Robinhood hourly last-trade replay; IV inverted from daily final trade
SPY,2026-05-21,2026-05-21 19:00:00+00:00,2026-05-22,1,call,740.0,18.383986160159118,4.48,742.75,3.8,0.0,0.14310984748360706,a2c3e5a8-500d-4661-af44-8b8b28349534,Robinhood hourly last-trade replay; IV inverted from daily final trade
SPY,2026-05-21,2026-05-21 19:00:00+00:00,2026-05-22,1,call,742.0,17.003607448190447,3.07,742.75,3.8,0.0,0.15379976592458855,bda98276-12ef-4fe9-9028-6a47c433385b,Robinhood hourly last-trade replay; IV inverted from daily final trade
SPY,2026-05-21,2026-05-21 19:00:00+00:00,2026-05-22,1,call,744.0,16.647694743536412,2.04,742.75,3.8,0.0,0.1526964083618685,aff7a081-1853-459d-83b8-45dc2479c4d3,Robinhood hourly last-trade replay; IV inverted from daily final trade
SPY,2026-05-21,2026-05-21 19:00:00+00:00,2026-05-22,1,call,746.0,16.029664680063725,1.22,742.75,3.8,0.0,0.1366148729837727,a8220631-3ffb-4b7d-8e97-43126bfb9600,Robinhood hourly last-trade replay; IV inverted from daily final trade
SPY,2026-05-21,2026-05-21 19:00:00+00:00,2026-05-22,1,put,726.0,22.28663398101926,0.08,742.75,3.8,0.0,0.022274804376466225,e07b772c-c944-4b1e-9ef6-66ccde8468a7,Robinhood hourly last-trade replay; IV inverted from daily final trade
SPY,2026-05-21,2026-05-21 19:00:00+00:00,2026-05-22,1,put,728.0,21.145935653150083,0.11,742.75,3.8,0.0,0.02921703279866921,9ce98dcf-a883-48bf-a25a-67f4dc366568,Robinhood hourly last-trade replay; IV inverted from daily final trade
SPY,2026-05-21,2026-05-21 19:00:00+00:00,2026-05-22,1,put,730.0,19.89996272698045,0.15,742.75,3.8,0.0,0.037977946357897224,436d96a4-fcd0-4ae3-b999-b1f4a79ec6ed,Robinhood hourly last-trade replay; IV inverted from daily final trade
SPY,2026-05-21,2026-05-21 19:00:00+00:00,2026-05-22,1,put,732.0,19.063264359086748,0.23,742.75,3.8,0.0,0.052144183220158506,ff7e7f6c-bfeb-4189-bd3a-eec576bc299f,Robinhood hourly last-trade replay; IV inverted from daily final trade
SPY,2026-05-21,2026-05-21 19:00:00+00:00,2026-05-22,1,put,734.0,18.16899650633335,0.35,742.75,3.8,0.0,0.06996459888912085,cece7c0a-6b6a-4dbc-9b76-5d82edf88802,Robinhood hourly last-trade replay; IV inverted from daily final trade
SPY,2026-05-21,2026-05-21 19:00:00+00:00,2026-05-22,1,put,736.0,17.439139189980928,0.55,742.75,3.8,0.0,0.09255583084438027,e27b84ca-6284-4ecb-8439-8231e7f975b3,Robinhood hourly last-trade replay; IV inverted from daily final trade
SPY,2026-05-21,2026-05-21 19:00:00+00:00,2026-05-22,1,put,738.0,16.74356317196041,0.86,742.75,3.8,0.0,0.11722217639017483,776bedd4-cf3e-41f6-bcb2-6e1ec2b5f90a,Robinhood hourly last-trade replay; IV inverted from daily final trade
SPY,2026-05-21,2026-05-21 19:00:00+00:00,2026-05-22,1,put,740.0,15.815258022509514,1.29,742.75,3.8,0.0,0.1392171874213363,a681672f-34fa-4a48-b54f-b48f2323d3c8,Robinhood hourly last-trade replay; IV inverted from daily final trade
SPY,2026-05-21,2026-05-21 19:00:00+00:00,2026-05-22,1,put,742.0,15.033085638172924,1.94,742.75,3.8,0.0,0.15346369391179082,38132a42-0c50-4ae6-9afd-760e9c535b03,Robinhood hourly last-trade replay; IV inverted from daily final trade
SPY,2026-05-21,2026-05-21 19:00:00+00:00,2026-05-22,1,put,744.0,14.20100840047002,2.84,742.75,3.8,0.0,0.1517632904295251,71e3ced2-f32f-4949-a3fe-be126fc20b5a,Robinhood hourly last-trade replay; IV inverted from daily final trade
SPY,2026-05-21,2026-05-21 19:00:00+00:00,2026-05-22,1,put,746.0,13.845991610214114,4.1,742.75,3.8,0.0,0.13074713321581558,d4090cb6-7a0d-4b33-acbe-f3498f14d1b6,Robinhood hourly last-trade replay; IV inverted from daily final trade
SPY,2026-05-22,2026-05-22 19:00:00+00:00,2026-05-22,1,call,746.0,2.462499542310833,0.24,745.59,3.8,0.0,0.146690822319396,a8220631-3ffb-4b7d-8e97-43126bfb9600,Robinhood hourly last-trade replay; IV inverted from daily final trade
SPY,2026-05-22,2026-05-22 19:00:00+00:00,2026-05-22,1,put,726.0,19.429162504673002,0.01,745.59,3.8,0.0,0.004856261293819655,e07b772c-c944-4b1e-9ef6-66ccde8468a7,Robinhood hourly last-trade replay; IV inverted from daily final trade
SPY,2026-05-22,2026-05-22 19:00:00+00:00,2026-05-22,1,put,728.0,19.085608203411102,0.02,745.59,3.8,0.0,0.008628697243201713,9ce98dcf-a883-48bf-a25a-67f4dc366568,Robinhood hourly last-trade replay; IV inverted from daily final trade
SPY,2026-05-22,2026-05-22 19:00:00+00:00,2026-05-22,1,put,730.0,17.15308545708656,0.02,745.59,3.8,0.0,0.009395164727696729,436d96a4-fcd0-4ae3-b999-b1f4a79ec6ed,Robinhood hourly last-trade replay; IV inverted from daily final trade
SPY,2026-05-22,2026-05-22 19:00:00+00:00,2026-05-22,1,put,732.0,15.201698217988014,0.02,745.59,3.8,0.0,0.01033903634759231,ff7e7f6c-bfeb-4189-bd3a-eec576bc299f,Robinhood hourly last-trade replay; IV inverted from daily final trade
SPY,2026-05-22,2026-05-22 19:00:00+00:00,2026-05-22,1,put,734.0,13.227065632343294,0.02,745.59,3.8,0.0,0.01153632492932481,cece7c0a-6b6a-4dbc-9b76-5d82edf88802,Robinhood hourly last-trade replay; IV inverted from daily final trade
SPY,2026-05-22,2026-05-22 19:00:00+00:00,2026-05-22,1,put,736.0,11.222974040210243,0.02,745.59,3.8,0.0,0.01311612987233161,e27b84ca-6284-4ecb-8439-8231e7f975b3,Robinhood hourly last-trade replay; IV inverted from daily final trade
SPY,2026-05-22,2026-05-22 19:00:00+00:00,2026-05-22,1,put,738.0,9.180184906423094,0.02,745.59,3.8,0.0,0.015320100294314427,776bedd4-cf3e-41f6-bcb2-6e1ec2b5f90a,Robinhood hourly last-trade replay; IV inverted from daily final trade
SPY,2026-05-22,2026-05-22 19:00:00+00:00,2026-05-22,1,put,740.0,7.55206444337964,0.03,745.59,3.8,0.0,0.024078165036184224,a681672f-34fa-4a48-b54f-b48f2323d3c8,Robinhood hourly last-trade replay; IV inverted from daily final trade
SPY,2026-05-22,2026-05-22 19:00:00+00:00,2026-05-22,1,put,742.0,5.262904437929391,0.03,745.59,3.8,0.0,0.03129690869628845,38132a42-0c50-4ae6-9afd-760e9c535b03,Robinhood hourly last-trade replay; IV inverted from daily final trade
SPY,2026-05-22,2026-05-22 19:00:00+00:00,2026-05-22,1,put,744.0,3.840939279459417,0.1,745.59,3.8,0.0,0.08365034635365584,71e3ced2-f32f-4949-a3fe-be126fc20b5a,Robinhood hourly last-trade replay; IV inverted from daily final trade
SPY,2026-05-22,2026-05-22 19:00:00+00:00,2026-05-22,1,put,746.0,3.97945025306195,0.8,745.59,3.8,0.0,0.152202105658633,d4090cb6-7a0d-4b33-acbe-f3498f14d1b6,Robinhood hourly last-trade replay; IV inverted from daily final trade
SPY,2026-05-26,2026-05-26 19:00:00+00:00,2026-05-29,3,call,740.0,15.856879858560863,11.9,750.83,3.8,0.0,0.15819429711125305,d7de40b1-3f6c-4fa9-8d07-d71140e72f36,Robinhood hourly last-trade replay; IV inverted from daily final trade
SPY,2026-05-26,2026-05-26 19:00:00+00:00,2026-05-29,3,call,742.0,14.920949192382398,10.08,750.83,3.8,0.0,0.1804095231289506,5cb63033-593a-4f10-8bbc-d054405c945e,Robinhood hourly last-trade replay; IV inverted from daily final trade
SPY,2026-05-26,2026-05-26 19:00:00+00:00,2026-05-29,3,call,744.0,14.106676623560485,8.34,750.83,3.8,0.0,0.20569814608579662,c733f743-5e21-4923-a966-1fffe8cee39c,Robinhood hourly last-trade replay; IV inverted from daily final trade
SPY,2026-05-26,2026-05-26 19:00:00+00:00,2026-05-29,3,call,746.0,14.057732875868679,6.86,750.83,3.8,0.0,0.2350644275310917,baf6d808-bf87-440c-8337-83848d447f31,Robinhood hourly last-trade replay; IV inverted from daily final trade
SPY,2026-05-26,2026-05-26 19:00:00+00:00,2026-05-29,3,call,748.0,13.294527893392372,5.34,750.83,3.8,0.0,0.2558480654452627,2ff71a21-f8d7-4307-a6a3-17f8764f397b,Robinhood hourly last-trade replay; IV inverted from daily final trade
SPY,2026-05-26,2026-05-26 19:00:00+00:00,2026-05-29,3,call,750.0,13.202749286256733,4.14,750.83,3.8,0.0,0.2694640989318699,ba4bbea4-61e2-4074-9497-cf1887f4f8b1,Robinhood hourly last-trade replay; IV inverted from daily final trade
SPY,2026-05-26,2026-05-26 19:00:00+00:00,2026-05-29,3,call,752.0,12.79809585817158,3.03,750.83,3.8,0.0,0.27016540332084227,b200b4ac-2a93-4724-ac5b-679724dbe12b,Robinhood hourly last-trade replay; IV inverted from daily final trade
SPY,2026-05-26,2026-05-26 19:00:00+00:00,2026-05-29,3,call,754.0,12.681707078553735,2.18,750.83,3.8,0.0,0.2568677639132356,e1ec27a3-db7c-4efc-a5ae-7636a07991c8,Robinhood hourly last-trade replay; IV inverted from daily final trade
SPY,2026-05-26,2026-05-26 19:00:00+00:00,2026-05-29,3,call,756.0,12.360191153921186,1.46,750.83,3.8,0.0,0.22966456403785107,027a8795-19b7-4324-9443-1df4c131cab9,Robinhood hourly last-trade replay; IV inverted from daily final trade
SPY,2026-05-26,2026-05-26 19:00:00+00:00,2026-05-29,3,call,758.0,11.99620683794841,0.91,750.83,3.8,0.0,0.19087357337002175,a52de9d8-1020-473f-a73a-5b114e9d2ba6,Robinhood hourly last-trade replay; IV inverted from daily final trade
SPY,2026-05-26,2026-05-26 19:00:00+00:00,2026-05-29,3,call,760.0,11.810852207057174,0.55,750.83,3.8,0.0,0.14842809823191222,fddc53ac-ea5d-40e2-a250-0c423045880f,Robinhood hourly last-trade replay; IV inverted from daily final trade
SPY,2026-05-26,2026-05-26 19:00:00+00:00,2026-05-29,3,put,740.0,16.23822274882346,0.9,750.83,3.8,0.0,0.16215602360874765,49f3d5e8-2c79-49c0-9e14-e9d3be4c8676,Robinhood hourly last-trade replay; IV inverted from daily final trade
SPY,2026-05-26,2026-05-26 19:00:00+00:00,2026-05-29,3,put,742.0,15.530422435179355,1.13,750.83,3.8,0.0,0.18608928374391343,a303b545-c0ee-4dd0-b66e-dc94d99cb278,Robinhood hourly last-trade replay; IV inverted from daily final trade
SPY,2026-05-26,2026-05-26 19:00:00+00:00,2026-05-29,3,put,744.0,14.979080253522842,1.46,750.83,3.8,0.0,0.21214799608725177,285bd807-4dd0-46a6-acbf-0aa06cedf1a1,Robinhood hourly last-trade replay; IV inverted from daily final trade
SPY,2026-05-26,2026-05-26 19:00:00+00:00,2026-05-29,3,put,746.0,14.451684690285472,1.89,750.83,3.8,0.0,0.2368522952426312,0eeb420b-55d9-4276-9831-4ebbee3575b4,Robinhood hourly last-trade replay; IV inverted from daily final trade
SPY,2026-05-26,2026-05-26 19:00:00+00:00,2026-05-29,3,put,748.0,14.048839854467662,2.47,750.83,3.8,0.0,0.25739049221000276,a626d384-6ff9-4368-bd39-44642bd627ac,Robinhood hourly last-trade replay; IV inverted from daily final trade
SPY,2026-05-26,2026-05-26 19:00:00+00:00,2026-05-29,3,put,750.0,13.478107924610377,3.15,750.83,3.8,0.0,0.2695404204942785,04617395-8bb3-4964-ad1a-3ad30f6d58f2,Robinhood hourly last-trade replay; IV inverted from daily final trade
SPY,2026-05-26,2026-05-26 19:00:00+00:00,2026-05-29,3,put,752.0,13.445055947490037,4.14,750.83,3.8,0.0,0.27031098776434104,bc59f008-93b2-434c-839d-4ba5cfad895b,Robinhood hourly last-trade replay; IV inverted from daily final trade
SPY,2026-05-26,2026-05-26 19:00:00+00:00,2026-05-29,3,put,754.0,13.362780831493435,5.29,750.83,3.8,0.0,0.25834013675105993,32f3c407-1c48-4cb7-8389-f5c3d5349f42,Robinhood hourly last-trade replay; IV inverted from daily final trade
SPY,2026-05-26,2026-05-26 19:00:00+00:00,2026-05-29,3,put,756.0,13.033821925707162,6.55,750.83,3.8,0.0,0.23364879876221104,ceb8f77a-67e6-41ec-9b4a-5944b8eecd1b,Robinhood hourly last-trade replay; IV inverted from daily final trade
SPY,2026-05-26,2026-05-26 19:00:00+00:00,2026-05-29,3,put,758.0,13.097802506946024,8.06,750.83,3.8,0.0,0.20218013287830505,20b81589-75b0-4b87-be80-9404105adb5d,Robinhood hourly last-trade replay; IV inverted from daily final trade
SPY,2026-05-26,2026-05-26 19:00:00+00:00,2026-05-29,3,put,760.0,13.53792371459305,9.76,750.83,3.8,0.0,0.17170931530042388,96f91323-42e5-4117-a779-c11a0ed191bf,Robinhood hourly last-trade replay; IV inverted from daily final trade
SPY,2026-05-27,2026-05-27 19:00:00+00:00,2026-05-29,2,call,740.0,18.118659527935087,11.37,750.48,3.8,0.0,0.12492685441222734,d7de40b1-3f6c-4fa9-8d07-d71140e72f36,Robinhood hourly last-trade replay; IV inverted from daily final trade
SPY,2026-05-27,2026-05-27 19:00:00+00:00,2026-05-29,2,call,742.0,16.265034989491113,9.44,750.48,3.8,0.0,0.1388356560364666,5cb63033-593a-4f10-8bbc-d054405c945e,Robinhood hourly last-trade replay; IV inverted from daily final trade
SPY,2026-05-27,2026-05-27 19:00:00+00:00,2026-05-29,2,call,744.0,12.738985996581615,7.29,750.48,3.8,0.0,0.1416163185671806,c733f743-5e21-4923-a966-1fffe8cee39c,Robinhood hourly last-trade replay; IV inverted from daily final trade
SPY,2026-05-27,2026-05-27 19:00:00+00:00,2026-05-29,2,call,746.0,15.34425105072558,6.2,750.48,3.8,0.0,0.19039521392831876,baf6d808-bf87-440c-8337-83848d447f31,Robinhood hourly last-trade replay; IV inverted from daily final trade
SPY,2026-05-27,2026-05-27 19:00:00+00:00,2026-05-29,2,call,748.0,13.028899053037168,4.39,750.48,3.8,0.0,0.20699110565750836,2ff71a21-f8d7-4307-a6a3-17f8764f397b,Robinhood hourly last-trade replay; IV inverted from daily final trade
SPY,2026-05-27,2026-05-27 19:00:00+00:00,2026-05-29,2,call,750.0,13.049249906912445,3.22,750.48,3.8,0.0,0.22067591778426754,ba4bbea4-61e2-4074-9497-cf1887f4f8b1,Robinhood hourly last-trade replay; IV inverted from daily final trade
SPY,2026-05-27,2026-05-27 19:00:00+00:00,2026-05-29,2,call,752.0,12.204502278994767,2.08,750.48,3.8,0.0,0.21739117520412252,b200b4ac-2a93-4724-ac5b-679724dbe12b,Robinhood hourly last-trade replay; IV inverted from daily final trade
SPY,2026-05-27,2026-05-27 19:00:00+00:00,2026-05-29,2,call,754.0,12.332850863914935,1.38,750.48,3.8,0.0,0.19701408389917285,e1ec27a3-db7c-4efc-a5ae-7636a07991c8,Robinhood hourly last-trade replay; IV inverted from daily final trade
SPY,2026-05-27,2026-05-27 19:00:00+00:00,2026-05-29,2,call,756.0,11.987727315500377,0.8,750.48,3.8,0.0,0.1611961638294596,027a8795-19b7-4324-9443-1df4c131cab9,Robinhood hourly last-trade replay; IV inverted from daily final trade
SPY,2026-05-27,2026-05-27 19:00:00+00:00,2026-05-29,2,call,758.0,11.66072787322104,0.42,750.48,3.8,0.0,0.11748460069691116,a52de9d8-1020-473f-a73a-5b114e9d2ba6,Robinhood hourly last-trade replay; IV inverted from daily final trade
SPY,2026-05-27,2026-05-27 19:00:00+00:00,2026-05-29,2,call,760.0,11.26215213470161,0.19,750.48,3.8,0.0,0.0738083747593504,fddc53ac-ea5d-40e2-a250-0c423045880f,Robinhood hourly last-trade replay; IV inverted from daily final trade
SPY,2026-05-27,2026-05-27 19:00:00+00:00,2026-05-29,2,put,740.0,15.419850580021736,0.43,750.48,3.8,0.0,0.10070894382225885,49f3d5e8-2c79-49c0-9e14-e9d3be4c8676,Robinhood hourly last-trade replay; IV inverted from daily final trade
SPY,2026-05-27,2026-05-27 19:00:00+00:00,2026-05-29,2,put,742.0,14.550789399929347,0.58,750.48,3.8,0.0,0.12372387382570127,a303b545-c0ee-4dd0-b66e-dc94d99cb278,Robinhood hourly last-trade replay; IV inverted from daily final trade
SPY,2026-05-27,2026-05-27 19:00:00+00:00,2026-05-29,2,put,744.0,13.729785366170105,0.8,750.48,3.8,0.0,0.15062712698757444,285bd807-4dd0-46a6-acbf-0aa06cedf1a1,Robinhood hourly last-trade replay; IV inverted from daily final trade
SPY,2026-05-27,2026-05-27 19:00:00+00:00,2026-05-29,2,put,746.0,13.221412617377936,1.17,750.48,3.8,0.0,0.18081929815192782,0eeb420b-55d9-4276-9831-4ebbee3575b4,Robinhood hourly last-trade replay; IV inverted from daily final trade
SPY,2026-05-27,2026-05-27 19:00:00+00:00,2026-05-29,2,put,748.0,12.377957639340309,1.62,750.48,3.8,0.0,0.20550999091164407,a626d384-6ff9-4368-bd39-44642bd627ac,Robinhood hourly last-trade replay; IV inverted from daily final trade
SPY,2026-05-27,2026-05-27 19:00:00+00:00,2026-05-29,2,put,750.0,11.898486977275464,2.33,750.48,3.8,0.0,0.22050397128682683,04617395-8bb3-4964-ad1a-3ad30f6d58f2,Robinhood hourly last-trade replay; IV inverted from daily final trade
SPY,2026-05-27,2026-05-27 19:00:00+00:00,2026-05-29,2,put,752.0,11.497819530088456,3.29,750.48,3.8,0.0,0.2168362023378075,bc59f008-93b2-434c-839d-4ba5cfad895b,Robinhood hourly last-trade replay; IV inverted from daily final trade
SPY,2026-05-27,2026-05-27 19:00:00+00:00,2026-05-29,2,put,754.0,11.030317055061458,4.49,750.48,3.8,0.0,0.19119226810723888,32f3c407-1c48-4cb7-8389-f5c3d5349f42,Robinhood hourly last-trade replay; IV inverted from daily final trade
SPY,2026-05-27,2026-05-27 19:00:00+00:00,2026-05-29,2,put,756.0,12.522485767751931,6.25,750.48,3.8,0.0,0.16559216279111236,ceb8f77a-67e6-41ec-9b4a-5944b8eecd1b,Robinhood hourly last-trade replay; IV inverted from daily final trade
SPY,2026-05-27,2026-05-27 19:00:00+00:00,2026-05-29,2,put,758.0,12.059171366579832,7.83,750.48,3.8,0.0,0.12247056639238124,20b81589-75b0-4b87-be80-9404105adb5d,Robinhood hourly last-trade replay; IV inverted from daily final trade
SPY,2026-05-27,2026-05-27 19:00:00+00:00,2026-05-29,2,put,760.0,11.878835532665253,9.6,750.48,3.8,0.0,0.08254099775146172,96f91323-42e5-4117-a779-c11a0ed191bf,Robinhood hourly last-trade replay; IV inverted from daily final trade
SPY,2026-05-28,2026-05-28 19:00:00+00:00,2026-05-29,1,call,740.0,28.452687527947134,15.2,754.64,3.8,0.0,0.0650821583889735,d7de40b1-3f6c-4fa9-8d07-d71140e72f36,Robinhood hourly last-trade replay; IV inverted from daily final trade
SPY,2026-05-28,2026-05-28 19:00:00+00:00,2026-05-29,1,call,742.0,26.902917666062713,13.3,754.64,3.8,0.0,0.07541937540965693,5cb63033-593a-4f10-8bbc-d054405c945e,Robinhood hourly last-trade replay; IV inverted from daily final trade
SPY,2026-05-28,2026-05-28 19:00:00+00:00,2026-05-29,1,call,744.0,21.84563548505306,11.15,754.64,3.8,0.0,0.0715464661606806,c733f743-5e21-4923-a966-1fffe8cee39c,Robinhood hourly last-trade replay; IV inverted from daily final trade
SPY,2026-05-28,2026-05-28 19:00:00+00:00,2026-05-29,1,call,746.0,22.985281439460806,9.52,754.64,3.8,0.0,0.09827277663953388,baf6d808-bf87-440c-8337-83848d447f31,Robinhood hourly last-trade replay; IV inverted from daily final trade
SPY,2026-05-28,2026-05-28 19:00:00+00:00,2026-05-29,1,call,748.0,17.62620835144073,7.33,754.64,3.8,0.0,0.09807862208715035,2ff71a21-f8d7-4307-a6a3-17f8764f397b,Robinhood hourly last-trade replay; IV inverted from daily final trade
SPY,2026-05-28,2026-05-28 19:00:00+00:00,2026-05-29,1,call,750.0,15.523672344163062,5.49,754.64,3.8,0.0,0.11661883296533619,ba4bbea4-61e2-4074-9497-cf1887f4f8b1,Robinhood hourly last-trade replay; IV inverted from daily final trade
SPY,2026-05-28,2026-05-28 19:00:00+00:00,2026-05-29,1,call,752.0,13.978154816105958,3.82,754.64,3.8,0.0,0.13928159103528792,b200b4ac-2a93-4724-ac5b-679724dbe12b,Robinhood hourly last-trade replay; IV inverted from daily final trade
SPY,2026-05-28,2026-05-28 19:00:00+00:00,2026-05-29,1,call,754.0,12.57127771290019,2.36,754.64,3.8,0.0,0.15586322315159185,e1ec27a3-db7c-4efc-a5ae-7636a07991c8,Robinhood hourly last-trade replay; IV inverted from daily final trade
SPY,2026-05-28,2026-05-28 19:00:00+00:00,2026-05-29,1,call,756.0,11.930703574754297,1.31,754.64,3.8,0.0,0.1520003914634697,027a8795-19b7-4324-9443-1df4c131cab9,Robinhood hourly last-trade replay; IV inverted from daily final trade
SPY,2026-05-28,2026-05-28 19:00:00+00:00,2026-05-29,1,call,758.0,11.352697229757903,0.61,754.64,3.8,0.0,0.12097446991542561,a52de9d8-1020-473f-a73a-5b114e9d2ba6,Robinhood hourly last-trade replay; IV inverted from daily final trade
SPY,2026-05-28,2026-05-28 19:00:00+00:00,2026-05-29,1,call,760.0,11.01235033929348,0.24,754.64,3.8,0.0,0.07606582287630022,fddc53ac-ea5d-40e2-a250-0c423045880f,Robinhood hourly last-trade replay; IV inverted from daily final trade
SPY,2026-05-28,2026-05-28 19:00:00+00:00,2026-05-29,1,put,740.0,19.579854933917524,0.08,754.64,3.8,0.0,0.024620990934869576,49f3d5e8-2c79-49c0-9e14-e9d3be4c8676,Robinhood hourly last-trade replay; IV inverted from daily final trade
SPY,2026-05-28,2026-05-28 19:00:00+00:00,2026-05-29,1,put,742.0,18.01115911319852,0.1,754.64,3.8,0.0,0.030766221108701416,a303b545-c0ee-4dd0-b66e-dc94d99cb278,Robinhood hourly last-trade replay; IV inverted from daily final trade
SPY,2026-05-28,2026-05-28 19:00:00+00:00,2026-05-29,1,put,744.0,16.708831122517587,0.14,754.64,3.8,0.0,0.04107184078997813,285bd807-4dd0-46a6-acbf-0aa06cedf1a1,Robinhood hourly last-trade replay; IV inverted from daily final trade
SPY,2026-05-28,2026-05-28 19:00:00+00:00,2026-05-29,1,put,746.0,15.175290163233877,0.19,754.64,3.8,0.0,0.05374243833329986,0eeb420b-55d9-4276-9831-4ebbee3575b4,Robinhood hourly last-trade replay; IV inverted from daily final trade
SPY,2026-05-28,2026-05-28 19:00:00+00:00,2026-05-29,1,put,748.0,14.050274993851781,0.3,754.64,3.8,0.0,0.07490861394266299,a626d384-6ff9-4368-bd39-44642bd627ac,Robinhood hourly last-trade replay; IV inverted from daily final trade
SPY,2026-05-28,2026-05-28 19:00:00+00:00,2026-05-29,1,put,750.0,12.66563649762422,0.46,754.64,3.8,0.0,0.10041473252285284,04617395-8bb3-4964-ad1a-3ad30f6d58f2,Robinhood hourly last-trade replay; IV inverted from daily final trade
SPY,2026-05-28,2026-05-28 19:00:00+00:00,2026-05-29,1,put,752.0,11.686390884816646,0.79,754.64,3.8,0.0,0.1321737816927149,bc59f008-93b2-434c-839d-4ba5cfad895b,Robinhood hourly last-trade replay; IV inverted from daily final trade
SPY,2026-05-28,2026-05-28 19:00:00+00:00,2026-05-29,1,put,754.0,10.82638477301225,1.37,754.64,3.8,0.0,0.15529562026093224,32f3c407-1c48-4cb7-8389-f5c3d5349f42,Robinhood hourly last-trade replay; IV inverted from daily final trade
SPY,2026-05-28,2026-05-28 19:00:00+00:00,2026-05-29,1,put,756.0,9.799902492649856,2.27,754.64,3.8,0.0,0.1493203950799834,ceb8f77a-67e6-41ec-9b4a-5944b8eecd1b,Robinhood hourly last-trade replay; IV inverted from daily final trade
SPY,2026-05-28,2026-05-28 19:00:00+00:00,2026-05-29,1,put,758.0,8.85033567406237,3.61,754.64,3.8,0.0,0.10185594193393097,20b81589-75b0-4b87-be80-9404105adb5d,Robinhood hourly last-trade replay; IV inverted from daily final trade
SPY,2026-05-29,2026-05-29 19:00:00+00:00,2026-05-29,1,call,740.0,24.64606645718217,16.66,756.41,3.8,0.0,0.03631097981363904,d7de40b1-3f6c-4fa9-8d07-d71140e72f36,Robinhood hourly last-trade replay; IV inverted from daily final trade
SPY,2026-05-29,2026-05-29 19:00:00+00:00,2026-05-29,1,call,742.0,17.483571701347827,14.53,756.41,3.8,0.0,0.01677396780118347,5cb63033-593a-4f10-8bbc-d054405c945e,Robinhood hourly last-trade replay; IV inverted from daily final trade
SPY,2026-05-29,2026-05-29 19:00:00+00:00,2026-05-29,1,call,744.0,13.060861404538155,12.5,756.41,3.8,0.0,0.008079355879889661,c733f743-5e21-4923-a966-1fffe8cee39c,Robinhood hourly last-trade replay; IV inverted from daily final trade
SPY,2026-05-29,2026-05-29 19:00:00+00:00,2026-05-29,1,call,748.0,11.052537967264652,8.53,756.41,3.8,0.0,0.02343343970404104,2ff71a21-f8d7-4307-a6a3-17f8764f397b,Robinhood hourly last-trade replay; IV inverted from daily final trade
SPY,2026-05-29,2026-05-29 19:00:00+00:00,2026-05-29,1,call,750.0,13.69653967782855,6.79,756.41,3.8,0.0,0.07640392894783705,ba4bbea4-61e2-4074-9497-cf1887f4f8b1,Robinhood hourly last-trade replay; IV inverted from daily final trade
SPY,2026-05-29,2026-05-29 19:00:00+00:00,2026-05-29,1,call,752.0,11.960080626495184,4.92,756.41,3.8,0.0,0.10022516805717842,b200b4ac-2a93-4724-ac5b-679724dbe12b,Robinhood hourly last-trade replay; IV inverted from daily final trade
SPY,2026-05-29,2026-05-29 19:00:00+00:00,2026-05-29,1,call,754.0,7.031377993784845,2.77,756.41,3.8,0.0,0.10561407138071319,e1ec27a3-db7c-4efc-a5ae-7636a07991c8,Robinhood hourly last-trade replay; IV inverted from daily final trade
SPY,2026-05-29,2026-05-29 19:00:00+00:00,2026-05-29,1,call,756.0,3.425510664694011,0.82,756.41,3.8,0.0,0.14796778997620932,027a8795-19b7-4324-9443-1df4c131cab9,Robinhood hourly last-trade replay; IV inverted from daily final trade
SPY,2026-05-29,2026-05-29 19:00:00+00:00,2026-05-29,1,call,758.0,3.2957725742831823,0.08,756.41,3.8,0.0,0.08097111769704089,a52de9d8-1020-473f-a73a-5b114e9d2ba6,Robinhood hourly last-trade replay; IV inverted from daily final trade
SPY,2026-05-29,2026-05-29 19:00:00+00:00,2026-05-29,1,call,760.0,4.982328634858131,0.03,756.41,3.8,0.0,0.03272240407677488,fddc53ac-ea5d-40e2-a250-0c423045880f,Robinhood hourly last-trade replay; IV inverted from daily final trade
SPY,2026-05-29,2026-05-29 19:00:00+00:00,2026-05-29,1,put,740.0,16.324865680336956,0.01,756.41,3.8,0.0,0.0056154374132069826,49f3d5e8-2c79-49c0-9e14-e9d3be4c8676,Robinhood hourly last-trade replay; IV inverted from daily final trade
SPY,2026-05-29,2026-05-29 19:00:00+00:00,2026-05-29,1,put,742.0,14.531159375309944,0.01,756.41,3.8,0.0,0.0061740713234983155,a303b545-c0ee-4dd0-b66e-dc94d99cb278,Robinhood hourly last-trade replay; IV inverted from daily final trade
SPY,2026-05-29,2026-05-29 19:00:00+00:00,2026-05-29,1,put,744.0,13.838418246507644,0.02,756.41,3.8,0.0,0.011168616317836338,285bd807-4dd0-46a6-acbf-0aa06cedf1a1,Robinhood hourly last-trade replay; IV inverted from daily final trade
SPY,2026-05-29,2026-05-29 19:00:00+00:00,2026-05-29,1,put,746.0,11.876272584199906,0.02,756.41,3.8,0.0,0.012590785378106616,0eeb420b-55d9-4276-9831-4ebbee3575b4,Robinhood hourly last-trade replay; IV inverted from daily final trade
SPY,2026-05-29,2026-05-29 19:00:00+00:00,2026-05-29,1,put,748.0,9.880138052999971,0.02,756.41,3.8,0.0,0.01452503263187195,a626d384-6ff9-4368-bd39-44642bd627ac,Robinhood hourly last-trade replay; IV inverted from daily final trade
SPY,2026-05-29,2026-05-29 19:00:00+00:00,2026-05-29,1,put,750.0,7.838004557192326,0.02,756.41,3.8,0.0,0.0173480972104974,04617395-8bb3-4964-ad1a-3ad30f6d58f2,Robinhood hourly last-trade replay; IV inverted from daily final trade
SPY,2026-05-29,2026-05-29 19:00:00+00:00,2026-05-29,1,put,752.0,6.127996400594711,0.03,756.41,3.8,0.0,0.028162956156437272,bc59f008-93b2-434c-839d-4ba5cfad895b,Robinhood hourly last-trade replay; IV inverted from daily final trade
SPY,2026-05-29,2026-05-29 19:00:00+00:00,2026-05-29,1,put,754.0,3.7874433180689806,0.03,756.41,3.8,0.0,0.039610876192160326,32f3c407-1c48-4cb7-8389-f5c3d5349f42,Robinhood hourly last-trade replay; IV inverted from daily final trade
SPY,2026-05-29,2026-05-29 19:00:00+00:00,2026-05-29,1,put,756.0,2.227030514664947,0.16,756.41,3.8,0.0,0.13540371842722418,ceb8f77a-67e6-41ec-9b4a-5944b8eecd1b,Robinhood hourly last-trade replay; IV inverted from daily final trade
SPY,2026-06-01,2026-06-01 19:00:00+00:00,2026-06-05,4,call,748.0,10.742000253573059,12.03,759.395,3.8,0.0,0.1211809358613794,4b4eb0ff-cebc-4f87-94e4-fd61f6dbc537,Robinhood hourly last-trade replay; IV inverted from daily final trade
SPY,2026-06-01,2026-06-01 19:00:00+00:00,2026-06-05,4,call,750.0,11.214059598818421,10.32,759.395,3.8,0.0,0.1728479267227279,c34029e2-ccad-47da-9743-887c3b00d50b,Robinhood hourly last-trade replay; IV inverted from daily final trade
SPY,2026-06-01,2026-06-01 19:00:00+00:00,2026-06-05,4,call,752.0,10.597262581773101,8.52,759.395,3.8,0.0,0.20672431630818164,bddeee71-710c-48ec-9631-b4577326b89b,Robinhood hourly last-trade replay; IV inverted from daily final trade
SPY,2026-06-01,2026-06-01 19:00:00+00:00,2026-06-05,4,call,754.0,11.34845514027402,7.14,759.395,3.8,0.0,0.258227954236977,f5608786-a312-4929-9f3a-d97e01ebce3d,Robinhood hourly last-trade replay; IV inverted from daily final trade
SPY,2026-06-01,2026-06-01 19:00:00+00:00,2026-06-05,4,call,756.0,11.327846315205097,5.74,759.395,3.8,0.0,0.29050827980388894,6cfceeb1-9369-4fd0-a74a-1ce79819d806,Robinhood hourly last-trade replay; IV inverted from daily final trade
SPY,2026-06-01,2026-06-01 19:00:00+00:00,2026-06-05,4,call,758.0,11.171868270402776,4.46,759.395,3.8,0.0,0.31094997682134484,2d979045-be23-449d-892b-3e6db2c42a02,Robinhood hourly last-trade replay; IV inverted from daily final trade
SPY,2026-06-01,2026-06-01 19:00:00+00:00,2026-06-05,4,call,760.0,10.599755682442336,3.22,759.395,3.8,0.0,0.3170170426871599,4bcdfc24-24cc-478d-9a2a-2815b66b99d2,Robinhood hourly last-trade replay; IV inverted from daily final trade
SPY,2026-06-01,2026-06-01 19:00:00+00:00,2026-06-05,4,call,762.0,10.450039259735494,2.3,759.395,3.8,0.0,0.30583696186623516,9d0d9057-c1e1-4561-bc49-1e3563f1cb65,Robinhood hourly last-trade replay; IV inverted from daily final trade
SPY,2026-06-01,2026-06-01 19:00:00+00:00,2026-06-05,4,call,764.0,10.26780310011469,1.56,759.395,3.8,0.0,0.27728069578479664,7cc9389c-2bb0-4088-bc9f-af5c4ae9c6ff,Robinhood hourly last-trade replay; IV inverted from daily final trade
SPY,2026-06-01,2026-06-01 19:00:00+00:00,2026-06-05,4,call,766.0,9.996087257154286,0.98,759.395,3.8,0.0,0.23349808013258896,ff5cb9a1-3e09-4171-ba60-24c606fc49d6,Robinhood hourly last-trade replay; IV inverted from daily final trade
SPY,2026-06-01,2026-06-01 19:00:00+00:00,2026-06-05,4,call,768.0,9.778142575901004,0.58,759.395,3.8,0.0,0.18179754714165824,872dc5d2-39b8-4abb-ab09-697c149b1952,Robinhood hourly last-trade replay; IV inverted from daily final trade
SPY,2026-06-01,2026-06-01 19:00:00+00:00,2026-06-05,4,put,748.0,15.4298620974645,1.09,759.395,3.8,0.0,0.19815442709724151,6c955cd2-728a-42d7-973f-3820963da78c,Robinhood hourly last-trade replay; IV inverted from daily final trade
SPY,2026-06-01,2026-06-01 19:00:00+00:00,2026-06-05,4,put,750.0,15.016053951568903,1.38,759.395,3.8,0.0,0.22542591021792166,84b6f219-e28c-4540-a84c-060d9fcb9641,Robinhood hourly last-trade replay; IV inverted from daily final trade
SPY,2026-06-01,2026-06-01 19:00:00+00:00,2026-06-05,4,put,752.0,14.74786169709638,1.78,759.395,3.8,0.0,0.25363535457928166,ea728742-5ed6-4696-8bf1-43955cae489b,Robinhood hourly last-trade replay; IV inverted from daily final trade
SPY,2026-06-01,2026-06-01 19:00:00+00:00,2026-06-05,4,put,754.0,14.207096334379166,2.2,759.395,3.8,0.0,0.2777851095797618,c9fad05f-f666-4513-a425-9d2f21d979f3,Robinhood hourly last-trade replay; IV inverted from daily final trade
SPY,2026-06-01,2026-06-01 19:00:00+00:00,2026-06-05,4,put,756.0,13.868639990929513,2.78,759.395,3.8,0.0,0.29886877916734644,2864bbd1-bca6-4b6a-bcb3-522e7a95b401,Robinhood hourly last-trade replay; IV inverted from daily final trade
SPY,2026-06-01,2026-06-01 19:00:00+00:00,2026-06-05,4,put,758.0,13.929347970094533,3.61,759.395,3.8,0.0,0.31301603560301444,9fe515c2-0319-4185-8deb-7c5e5dc7b21a,Robinhood hourly last-trade replay; IV inverted from daily final trade
SPY,2026-06-01,2026-06-01 19:00:00+00:00,2026-06-05,4,put,760.0,13.348254352509976,4.38,759.395,3.8,0.0,0.31708283784391106,f7abeca6-e351-478d-b169-9027ab39702a,Robinhood hourly last-trade replay; IV inverted from daily final trade
SPY,2026-06-01,2026-06-01 19:00:00+00:00,2026-06-05,4,put,762.0,13.79444253972731,5.62,759.395,3.8,0.0,0.31080005126704924,ed56deef-9f96-434f-87f1-46af5c285d6b,Robinhood hourly last-trade replay; IV inverted from daily final trade
SPY,2026-06-01,2026-06-01 19:00:00+00:00,2026-06-05,4,put,764.0,13.421095825163649,6.75,759.395,3.8,0.0,0.29350383500866156,f1cac350-0210-47a5-a07b-283721ffee05,Robinhood hourly last-trade replay; IV inverted from daily final trade
SPY,2026-06-01,2026-06-01 19:00:00+00:00,2026-06-05,4,put,766.0,13.598308531288058,8.18,759.395,3.8,0.0,0.26928933968988844,f57a1417-e90d-48c9-932d-7fa90f10122e,Robinhood hourly last-trade replay; IV inverted from daily final trade
SPY,2026-06-01,2026-06-01 19:00:00+00:00,2026-06-05,4,put,768.0,14.942624826123941,10.01,759.395,3.8,0.0,0.2506746254138755,081778c5-e33a-460b-b6c2-ef564bcd1f9e,Robinhood hourly last-trade replay; IV inverted from daily final trade
SPY,2026-06-02,2026-06-02 19:00:00+00:00,2026-06-05,3,call,748.0,16.387048844955864,12.55,759.46,3.8,0.0,0.1579651366345198,4b4eb0ff-cebc-4f87-94e4-fd61f6dbc537,Robinhood hourly last-trade replay; IV inverted from daily final trade
SPY,2026-06-02,2026-06-02 19:00:00+00:00,2026-06-05,3,call,750.0,15.378947710618375,10.71,759.46,3.8,0.0,0.17851362797815504,c34029e2-ccad-47da-9743-887c3b00d50b,Robinhood hourly last-trade replay; IV inverted from daily final trade
SPY,2026-06-02,2026-06-02 19:00:00+00:00,2026-06-05,3,call,752.0,14.974436772037297,9.04,759.46,3.8,0.0,0.20626172973524595,bddeee71-710c-48ec-9631-b4577326b89b,Robinhood hourly last-trade replay; IV inverted from daily final trade
SPY,2026-06-02,2026-06-02 19:00:00+00:00,2026-06-05,3,call,754.0,14.288605918530372,7.4,759.46,3.8,0.0,0.23113139650573658,f5608786-a312-4929-9f3a-d97e01ebce3d,Robinhood hourly last-trade replay; IV inverted from daily final trade
SPY,2026-06-02,2026-06-02 19:00:00+00:00,2026-06-05,3,call,756.0,13.51090053358115,5.84,759.46,3.8,0.0,0.25311322385868007,6cfceeb1-9369-4fd0-a74a-1ce79819d806,Robinhood hourly last-trade replay; IV inverted from daily final trade
SPY,2026-06-02,2026-06-02 19:00:00+00:00,2026-06-05,3,call,758.0,12.891516819819808,4.45,759.46,3.8,0.0,0.26939142314253695,2d979045-be23-449d-892b-3e6db2c42a02,Robinhood hourly last-trade replay; IV inverted from daily final trade
SPY,2026-06-02,2026-06-02 19:00:00+00:00,2026-06-05,3,call,760.0,12.409022213835271,3.26,759.46,3.8,0.0,0.27455946687394844,4bcdfc24-24cc-478d-9a2a-2815b66b99d2,Robinhood hourly last-trade replay; IV inverted from daily final trade
SPY,2026-06-02,2026-06-02 19:00:00+00:00,2026-06-05,3,call,762.0,11.784244853258134,2.22,759.46,3.8,0.0,0.26427318793234433,9d0d9057-c1e1-4561-bc49-1e3563f1cb65,Robinhood hourly last-trade replay; IV inverted from daily final trade
SPY,2026-06-02,2026-06-02 19:00:00+00:00,2026-06-05,3,call,764.0,11.454540904313326,1.46,759.46,3.8,0.0,0.23758601631419174,7cc9389c-2bb0-4088-bc9f-af5c4ae9c6ff,Robinhood hourly last-trade replay; IV inverted from daily final trade
SPY,2026-06-02,2026-06-02 19:00:00+00:00,2026-06-05,3,call,766.0,11.004271277543157,0.87,759.46,3.8,0.0,0.19574201245815712,ff5cb9a1-3e09-4171-ba60-24c606fc49d6,Robinhood hourly last-trade replay; IV inverted from daily final trade
SPY,2026-06-02,2026-06-02 19:00:00+00:00,2026-06-05,3,call,768.0,10.36783212892711,0.44,759.46,3.8,0.0,0.14151084217333854,872dc5d2-39b8-4abb-ab09-697c149b1952,Robinhood hourly last-trade replay; IV inverted from daily final trade
SPY,2026-06-02,2026-06-02 19:00:00+00:00,2026-06-05,3,put,748.0,14.72951966583729,0.61,759.46,3.8,0.0,0.13875530737905223,6c955cd2-728a-42d7-973f-3820963da78c,Robinhood hourly last-trade replay; IV inverted from daily final trade
SPY,2026-06-02,2026-06-02 19:00:00+00:00,2026-06-05,3,put,750.0,14.123993289172645,0.8,759.46,3.8,0.0,0.16498947334732283,84b6f219-e28c-4540-a84c-060d9fcb9641,Robinhood hourly last-trade replay; IV inverted from daily final trade
SPY,2026-06-02,2026-06-02 19:00:00+00:00,2026-06-05,3,put,752.0,13.498993346951899,1.05,759.46,3.8,0.0,0.19330815713489222,ea728742-5ed6-4696-8bf1-43955cae489b,Robinhood hourly last-trade replay; IV inverted from daily final trade
SPY,2026-06-02,2026-06-02 19:00:00+00:00,2026-06-05,3,put,754.0,12.947843013908713,1.4,759.46,3.8,0.0,0.22278617082034266,c9fad05f-f666-4513-a425-9d2f21d979f3,Robinhood hourly last-trade replay; IV inverted from daily final trade
SPY,2026-06-02,2026-06-02 19:00:00+00:00,2026-06-05,3,put,756.0,12.340942963920533,1.85,759.46,3.8,0.0,0.24915825115933715,2864bbd1-bca6-4b6a-bcb3-522e7a95b401,Robinhood hourly last-trade replay; IV inverted from daily final trade
SPY,2026-06-02,2026-06-02 19:00:00+00:00,2026-06-05,3,put,758.0,11.875445120641965,2.48,759.46,3.8,0.0,0.2685133356679838,9fe515c2-0319-4185-8deb-7c5e5dc7b21a,Robinhood hourly last-trade replay; IV inverted from daily final trade
SPY,2026-06-02,2026-06-02 19:00:00+00:00,2026-06-05,3,put,760.0,11.561569147948173,3.33,759.46,3.8,0.0,0.2745338706106749,f7abeca6-e351-478d-b169-9027ab39702a,Robinhood hourly last-trade replay; IV inverted from daily final trade
SPY,2026-06-02,2026-06-02 19:00:00+00:00,2026-06-05,3,put,762.0,10.941440856680275,4.3,759.46,3.8,0.0,0.26258250618203055,ed56deef-9f96-434f-87f1-46af5c285d6b,Robinhood hourly last-trade replay; IV inverted from daily final trade
SPY,2026-06-02,2026-06-02 19:00:00+00:00,2026-06-05,3,put,764.0,10.466853952519596,5.53,759.46,3.8,0.0,0.23074283726182224,f1cac350-0210-47a5-a07b-283721ffee05,Robinhood hourly last-trade replay; IV inverted from daily final trade
SPY,2026-06-02,2026-06-02 19:00:00+00:00,2026-06-05,3,put,766.0,10.320795691721141,7.04,759.46,3.8,0.0,0.18676943961299267,f57a1417-e90d-48c9-932d-7fa90f10122e,Robinhood hourly last-trade replay; IV inverted from daily final trade
SPY,2026-06-02,2026-06-02 19:00:00+00:00,2026-06-05,3,put,768.0,10.223959638494996,8.72,759.46,3.8,0.0,0.13885432551825752,081778c5-e33a-460b-b6c2-ef564bcd1f9e,Robinhood hourly last-trade replay; IV inverted from daily final trade
SPY,2026-06-03,2026-06-03 19:00:00+00:00,2026-06-05,2,call,748.0,18.429317379835997,8.02,754.19,3.8,0.0,0.18306704329700418,4b4eb0ff-cebc-4f87-94e4-fd61f6dbc537,Robinhood hourly last-trade replay; IV inverted from daily final trade
SPY,2026-06-03,2026-06-03 19:00:00+00:00,2026-06-05,2,call,750.0,15.280074895657602,6.0,754.19,3.8,0.0,0.19489711054920314,c34029e2-ccad-47da-9743-887c3b00d50b,Robinhood hourly last-trade replay; IV inverted from daily final trade
SPY,2026-06-03,2026-06-03 19:00:00+00:00,2026-06-05,2,call,752.0,16.12248308805749,4.88,754.19,3.8,0.0,0.2149165910320198,bddeee71-710c-48ec-9631-b4577326b89b,Robinhood hourly last-trade replay; IV inverted from daily final trade
SPY,2026-06-03,2026-06-03 19:00:00+00:00,2026-06-05,2,call,754.0,15.285961667913945,3.58,754.19,3.8,0.0,0.22248122653075217,f5608786-a312-4929-9f3a-d97e01ebce3d,Robinhood hourly last-trade replay; IV inverted from daily final trade
SPY,2026-06-03,2026-06-03 19:00:00+00:00,2026-06-05,2,call,756.0,14.437496274635196,2.46,754.19,3.8,0.0,0.21833319272556095,6cfceeb1-9369-4fd0-a74a-1ce79819d806,Robinhood hourly last-trade replay; IV inverted from daily final trade
SPY,2026-06-03,2026-06-03 19:00:00+00:00,2026-06-05,2,call,758.0,13.684144022278488,1.57,754.19,3.8,0.0,0.1992572631580434,2d979045-be23-449d-892b-3e6db2c42a02,Robinhood hourly last-trade replay; IV inverted from daily final trade
SPY,2026-06-03,2026-06-03 19:00:00+00:00,2026-06-05,2,call,760.0,13.098988988175988,0.93,754.19,3.8,0.0,0.16620271997069072,4bcdfc24-24cc-478d-9a2a-2815b66b99d2,Robinhood hourly last-trade replay; IV inverted from daily final trade
SPY,2026-06-03,2026-06-03 19:00:00+00:00,2026-06-05,2,call,762.0,12.254115634225307,0.46,754.19,3.8,0.0,0.12051830968200539,9d0d9057-c1e1-4561-bc49-1e3563f1cb65,Robinhood hourly last-trade replay; IV inverted from daily final trade
SPY,2026-06-03,2026-06-03 19:00:00+00:00,2026-06-05,2,call,764.0,12.236517714820803,0.25,754.19,3.8,0.0,0.0836772739166633,7cc9389c-2bb0-4088-bc9f-af5c4ae9c6ff,Robinhood hourly last-trade replay; IV inverted from daily final trade
SPY,2026-06-03,2026-06-03 19:00:00+00:00,2026-06-05,2,call,766.0,11.881402206346394,0.11,754.19,3.8,0.0,0.049134492659931084,ff5cb9a1-3e09-4171-ba60-24c606fc49d6,Robinhood hourly last-trade replay; IV inverted from daily final trade
SPY,2026-06-03,2026-06-03 19:00:00+00:00,2026-06-05,2,call,768.0,11.842283715307712,0.05,754.19,3.8,0.0,0.02769870824588223,872dc5d2-39b8-4abb-ab09-697c149b1952,Robinhood hourly last-trade replay; IV inverted from daily final trade
SPY,2026-06-03,2026-06-03 19:00:00+00:00,2026-06-05,2,put,748.0,13.80718324339017,0.88,754.19,3.8,0.0,0.15758126341801906,6c955cd2-728a-42d7-973f-3820963da78c,Robinhood hourly last-trade replay; IV inverted from daily final trade
SPY,2026-06-03,2026-06-03 19:00:00+00:00,2026-06-05,2,put,750.0,13.110476622376591,1.24,754.19,3.8,0.0,0.18599069274714863,84b6f219-e28c-4540-a84c-060d9fcb9641,Robinhood hourly last-trade replay; IV inverted from daily final trade
SPY,2026-06-03,2026-06-03 19:00:00+00:00,2026-06-05,2,put,752.0,12.44028981259093,1.75,754.19,3.8,0.0,0.20999634393567906,ea728742-5ed6-4696-8bf1-43955cae489b,Robinhood hourly last-trade replay; IV inverted from daily final trade
SPY,2026-06-03,2026-06-03 19:00:00+00:00,2026-06-05,2,put,754.0,11.63071567218751,2.42,754.19,3.8,0.0,0.22234894687710105,c9fad05f-f666-4513-a425-9d2f21d979f3,Robinhood hourly last-trade replay; IV inverted from daily final trade
SPY,2026-06-03,2026-06-03 19:00:00+00:00,2026-06-05,2,put,756.0,12.033848280925305,3.59,754.19,3.8,0.0,0.21633136253308674,2864bbd1-bca6-4b6a-bcb3-522e7a95b401,Robinhood hourly last-trade replay; IV inverted from daily final trade
SPY,2026-06-03,2026-06-03 19:00:00+00:00,2026-06-05,2,put,758.0,10.989835135042668,4.7,754.19,3.8,0.0,0.1871677405080239,9fe515c2-0319-4185-8deb-7c5e5dc7b21a,Robinhood hourly last-trade replay; IV inverted from daily final trade
SPY,2026-06-03,2026-06-03 19:00:00+00:00,2026-06-05,2,put,760.0,5.447183412760497,5.69,754.19,3.8,0.0,0.04026508388164962,f7abeca6-e351-478d-b169-9027ab39702a,Robinhood hourly last-trade replay; IV inverted from daily final trade
SPY,2026-06-03,2026-06-03 19:00:00+00:00,2026-06-05,2,put,764.0,8.524800241589546,9.69,754.19,3.8,0.0,0.029435018962720313,f1cac350-0210-47a5-a07b-283721ffee05,Robinhood hourly last-trade replay; IV inverted from daily final trade
SPY,2026-06-04,2026-06-04 19:00:00+00:00,2026-06-05,1,call,748.0,23.624897265844048,9.94,757.06,3.8,0.0,0.09701410912993311,4b4eb0ff-cebc-4f87-94e4-fd61f6dbc537,Robinhood hourly last-trade replay; IV inverted from daily final trade
SPY,2026-06-04,2026-06-04 19:00:00+00:00,2026-06-05,1,call,750.0,17.53693355496972,7.68,757.06,3.8,0.0,0.09237285367766995,c34029e2-ccad-47da-9743-887c3b00d50b,Robinhood hourly last-trade replay; IV inverted from daily final trade
SPY,2026-06-04,2026-06-04 19:00:00+00:00,2026-06-05,1,call,752.0,18.12148510411382,6.13,757.06,3.8,0.0,0.12174989296606537,bddeee71-710c-48ec-9631-b4577326b89b,Robinhood hourly last-trade replay; IV inverted from daily final trade
SPY,2026-06-04,2026-06-04 19:00:00+00:00,2026-06-05,1,call,754.0,15.801085439026355,4.37,757.06,3.8,0.0,0.13906039794956535,f5608786-a312-4929-9f3a-d97e01ebce3d,Robinhood hourly last-trade replay; IV inverted from daily final trade
SPY,2026-06-04,2026-06-04 19:00:00+00:00,2026-06-05,1,call,756.0,14.34005766775459,2.88,757.06,3.8,0.0,0.15482143996073428,6cfceeb1-9369-4fd0-a74a-1ce79819d806,Robinhood hourly last-trade replay; IV inverted from daily final trade
SPY,2026-06-04,2026-06-04 19:00:00+00:00,2026-06-05,1,call,758.0,12.972020595706997,1.65,757.06,3.8,0.0,0.1559738138442475,2d979045-be23-449d-892b-3e6db2c42a02,Robinhood hourly last-trade replay; IV inverted from daily final trade
SPY,2026-06-04,2026-06-04 19:00:00+00:00,2026-06-05,1,call,760.0,11.977896471023557,0.8,757.06,3.8,0.0,0.13216527937370828,4bcdfc24-24cc-478d-9a2a-2815b66b99d2,Robinhood hourly last-trade replay; IV inverted from daily final trade
SPY,2026-06-04,2026-06-04 19:00:00+00:00,2026-06-05,1,call,762.0,10.60176450505853,0.26,757.06,3.8,0.0,0.08155529056443657,9d0d9057-c1e1-4561-bc49-1e3563f1cb65,Robinhood hourly last-trade replay; IV inverted from daily final trade
SPY,2026-06-04,2026-06-04 19:00:00+00:00,2026-06-05,1,call,764.0,10.999911843761803,0.11,757.06,3.8,0.0,0.04653380572895404,7cc9389c-2bb0-4088-bc9f-af5c4ae9c6ff,Robinhood hourly last-trade replay; IV inverted from daily final trade
SPY,2026-06-04,2026-06-04 19:00:00+00:00,2026-06-05,1,call,766.0,11.640011948198083,0.05,757.06,3.8,0.0,0.02567075815381895,ff5cb9a1-3e09-4171-ba60-24c606fc49d6,Robinhood hourly last-trade replay; IV inverted from daily final trade
SPY,2026-06-04,2026-06-04 19:00:00+00:00,2026-06-05,1,call,768.0,12.75427614480257,0.03,757.06,3.8,0.0,0.01635142361932983,872dc5d2-39b8-4abb-ab09-697c149b1952,Robinhood hourly last-trade replay; IV inverted from daily final trade
SPY,2026-06-04,2026-06-04 19:00:00+00:00,2026-06-05,1,put,748.0,14.664086250439285,0.14,757.06,3.8,0.0,0.044947888827027056,6c955cd2-728a-42d7-973f-3820963da78c,Robinhood hourly last-trade replay; IV inverted from daily final trade
SPY,2026-06-04,2026-06-04 19:00:00+00:00,2026-06-05,1,put,750.0,13.62100720241666,0.23,757.06,3.8,0.0,0.06507935047804062,84b6f219-e28c-4540-a84c-060d9fcb9641,Robinhood hourly last-trade replay; IV inverted from daily final trade
SPY,2026-06-04,2026-06-04 19:00:00+00:00,2026-06-05,1,put,752.0,12.60596040323377,0.39,757.06,3.8,0.0,0.09248796283306039,ea728742-5ed6-4696-8bf1-43955cae489b,Robinhood hourly last-trade replay; IV inverted from daily final trade
SPY,2026-06-04,2026-06-04 19:00:00+00:00,2026-06-05,1,put,754.0,11.574973405674099,0.67,757.06,3.8,0.0,0.12470893870501122,c9fad05f-f666-4513-a425-9d2f21d979f3,Robinhood hourly last-trade replay; IV inverted from daily final trade
SPY,2026-06-04,2026-06-04 19:00:00+00:00,2026-06-05,1,put,756.0,10.426862829681486,1.14,757.06,3.8,0.0,0.15207142057717138,2864bbd1-bca6-4b6a-bcb3-522e7a95b401,Robinhood hourly last-trade replay; IV inverted from daily final trade
SPY,2026-06-04,2026-06-04 19:00:00+00:00,2026-06-05,1,put,758.0,9.095169894210994,1.91,757.06,3.8,0.0,0.15372985524251498,9fe515c2-0319-4185-8deb-7c5e5dc7b21a,Robinhood hourly last-trade replay; IV inverted from daily final trade
SPY,2026-06-04,2026-06-04 19:00:00+00:00,2026-06-05,1,put,760.0,9.259641896672548,3.32,757.06,3.8,0.0,0.11700423676659404,f7abeca6-e351-478d-b169-9027ab39702a,Robinhood hourly last-trade replay; IV inverted from daily final trade
SPY,2026-06-05,2026-06-05 19:00:00+00:00,2026-06-05,1,call,748.0,12.714028913378716,0.03,737.43,3.8,0.0,0.016289514015243575,4b4eb0ff-cebc-4f87-94e4-fd61f6dbc537,Robinhood hourly last-trade replay; IV inverted from daily final trade
SPY,2026-06-05,2026-06-05 19:00:00+00:00,2026-06-05,1,call,750.0,14.74629803776741,0.03,737.43,3.8,0.0,0.014543082625721937,c34029e2-ccad-47da-9743-887c3b00d50b,Robinhood hourly last-trade replay; IV inverted from daily final trade
SPY,2026-06-05,2026-06-05 19:00:00+00:00,2026-06-05,1,call,752.0,16.7379921117425,0.03,737.43,3.8,0.0,0.013190277792286232,bddeee71-710c-48ec-9631-b4577326b89b,Robinhood hourly last-trade replay; IV inverted from daily final trade
SPY,2026-06-05,2026-06-05 19:00:00+00:00,2026-06-05,1,call,754.0,18.695250290930268,0.03,737.43,3.8,0.0,0.012106077173304577,f5608786-a312-4929-9f3a-d97e01ebce3d,Robinhood hourly last-trade replay; IV inverted from daily final trade
SPY,2026-06-05,2026-06-05 19:00:00+00:00,2026-06-05,1,call,756.0,19.603562207221987,0.02,737.43,3.8,0.0,0.008469372614932146,6cfceeb1-9369-4fd0-a74a-1ce79819d806,Robinhood hourly last-trade replay; IV inverted from daily final trade
SPY,2026-06-05,2026-06-05 19:00:00+00:00,2026-06-05,1,call,758.0,21.43055704057216,0.02,737.43,3.8,0.0,0.0078891673952197,2d979045-be23-449d-892b-3e6db2c42a02,Robinhood hourly last-trade replay; IV inverted from daily final trade
SPY,2026-06-05,2026-06-05 19:00:00+00:00,2026-06-05,1,call,760.0,23.23567740678787,0.02,737.43,3.8,0.0,0.007395447698378877,4bcdfc24-24cc-478d-9a2a-2815b66b99d2,Robinhood hourly last-trade replay; IV inverted from daily final trade
SPY,2026-06-05,2026-06-05 19:00:00+00:00,2026-06-05,1,call,762.0,23.211239991188048,0.01,737.43,3.8,0.0,0.004209887889393299,9d0d9057-c1e1-4561-bc49-1e3563f1cb65,Robinhood hourly last-trade replay; IV inverted from daily final trade
SPY,2026-06-05,2026-06-05 19:00:00+00:00,2026-06-05,1,call,764.0,24.874116717576975,0.01,737.43,3.8,0.0,0.003977084812508883,7cc9389c-2bb0-4088-bc9f-af5c4ae9c6ff,Robinhood hourly last-trade replay; IV inverted from daily final trade
SPY,2026-06-05,2026-06-05 19:00:00+00:00,2026-06-05,1,call,766.0,26.522032977342604,0.01,737.43,3.8,0.0,0.0037724143416546113,ff5cb9a1-3e09-4171-ba60-24c606fc49d6,Robinhood hourly last-trade replay; IV inverted from daily final trade
SPY,2026-06-05,2026-06-05 19:00:00+00:00,2026-06-05,1,call,768.0,28.155942425727844,0.01,737.43,3.8,0.0,0.0035908764937863176,872dc5d2-39b8-4abb-ab09-697c149b1952,Robinhood hourly last-trade replay; IV inverted from daily final trade
SPY,2026-06-08,2026-06-08 19:00:00+00:00,2026-06-12,4,call,730.0,19.629392853528262,12.01,739.31,3.8,0.0,0.25040896293582326,34eacd2b-208a-4525-98c5-39f439b7061e,Robinhood hourly last-trade replay; IV inverted from daily final trade
SPY,2026-06-08,2026-06-08 19:00:00+00:00,2026-06-12,4,call,732.0,19.235485741700973,10.48,739.31,3.8,0.0,0.26912072029002415,1f0af757-cd31-438b-ac9c-9a259a8f4efe,Robinhood hourly last-trade replay; IV inverted from daily final trade
SPY,2026-06-08,2026-06-08 19:00:00+00:00,2026-06-12,4,call,734.0,18.908790835812688,9.05,739.31,3.8,0.0,0.28557784895291205,56f2ebb6-e6f3-45fe-8689-41c0046c3c50,Robinhood hourly last-trade replay; IV inverted from daily final trade
SPY,2026-06-08,2026-06-08 19:00:00+00:00,2026-06-12,4,call,736.0,18.23879494333639,7.61,739.31,3.8,0.0,0.2979975412300241,ae77ac15-fb35-4f10-9e95-8da048e91ce1,Robinhood hourly last-trade replay; IV inverted from daily final trade
SPY,2026-06-08,2026-06-08 19:00:00+00:00,2026-06-12,4,call,738.0,17.714070825474344,6.31,739.31,3.8,0.0,0.3062651726674538,46625de8-1d47-45eb-983b-34184ec78a17,Robinhood hourly last-trade replay; IV inverted from daily final trade
SPY,2026-06-08,2026-06-08 19:00:00+00:00,2026-06-12,4,call,740.0,17.578318374166265,5.24,739.31,3.8,0.0,0.3087044893125907,068910af-7d81-4a8a-9237-b0fc711c6b3f,Robinhood hourly last-trade replay; IV inverted from daily final trade
SPY,2026-06-08,2026-06-08 19:00:00+00:00,2026-06-12,4,call,742.0,17.452325988234954,4.29,739.31,3.8,0.0,0.30449071980835496,bd5a80f2-30c6-4759-879c-2e8db05fe09e,Robinhood hourly last-trade replay; IV inverted from daily final trade
SPY,2026-06-08,2026-06-08 19:00:00+00:00,2026-06-12,4,call,744.0,16.994365187808874,3.36,739.31,3.8,0.0,0.29305169497148187,394a8f01-f866-408e-a961-d60ed49ce47d,Robinhood hourly last-trade replay; IV inverted from daily final trade
SPY,2026-06-08,2026-06-08 19:00:00+00:00,2026-06-12,4,call,746.0,15.924589380808175,2.39,739.31,3.8,0.0,0.271513274377449,b80a7b1b-5ec0-45d0-8d3d-3f9ad525c26b,Robinhood hourly last-trade replay; IV inverted from daily final trade
SPY,2026-06-08,2026-06-08 19:00:00+00:00,2026-06-12,4,call,748.0,15.989330837372687,1.86,739.31,3.8,0.0,0.2475284076235749,a06c4afe-d871-4ba8-b2c6-64cf0f8d44fa,Robinhood hourly last-trade replay; IV inverted from daily final trade
SPY,2026-06-08,2026-06-08 19:00:00+00:00,2026-06-12,4,call,750.0,15.60715349877253,1.33,739.31,3.8,0.0,0.2160574961755387,509d5013-4f70-4d5d-8460-67d905d372c6,Robinhood hourly last-trade replay; IV inverted from daily final trade
SPY,2026-06-08,2026-06-08 19:00:00+00:00,2026-06-12,4,put,730.0,20.397964475005868,2.59,739.31,3.8,0.0,0.2541922790085202,3c55591f-8aee-4f4a-9af7-6b59486bea85,Robinhood hourly last-trade replay; IV inverted from daily final trade
SPY,2026-06-08,2026-06-08 19:00:00+00:00,2026-06-12,4,put,732.0,19.771494935154912,3.01,739.31,3.8,0.0,0.2710292173295613,14a0dd86-9821-4458-b9f3-6a28d6a6a441,Robinhood hourly last-trade replay; IV inverted from daily final trade
SPY,2026-06-08,2026-06-08 19:00:00+00:00,2026-06-12,4,put,734.0,19.522262632111087,3.61,739.31,3.8,0.0,0.28689051943781263,80402e62-8a33-4125-b59d-d08c45ab9f1a,Robinhood hourly last-trade replay; IV inverted from daily final trade
SPY,2026-06-08,2026-06-08 19:00:00+00:00,2026-06-12,4,put,736.0,18.897224972080437,4.19,739.31,3.8,0.0,0.2986702299245813,0fe946a4-b4d4-4aef-96fd-c7736875dd5d,Robinhood hourly last-trade replay; IV inverted from daily final trade
SPY,2026-06-08,2026-06-08 19:00:00+00:00,2026-06-12,4,put,738.0,18.586453966749836,4.96,739.31,3.8,0.0,0.30645967857835626,b1a3ccce-ebb3-47db-9138-c57ca5b27c9e,Robinhood hourly last-trade replay; IV inverted from daily final trade
SPY,2026-06-08,2026-06-08 19:00:00+00:00,2026-06-12,4,put,740.0,17.442591068064793,5.58,739.31,3.8,0.0,0.3087027910626355,2f7fd8a3-048e-4b05-abcb-a47ace0919a2,Robinhood hourly last-trade replay; IV inverted from daily final trade
SPY,2026-06-08,2026-06-08 19:00:00+00:00,2026-06-12,4,put,742.0,17.41597859209403,6.66,739.31,3.8,0.0,0.30447106851050587,8468776e-795b-475c-8a36-3e911a8dc63a,Robinhood hourly last-trade replay; IV inverted from daily final trade
SPY,2026-06-08,2026-06-08 19:00:00+00:00,2026-06-12,4,put,744.0,16.993565663369377,7.74,739.31,3.8,0.0,0.29305017587081683,528b8e8d-017c-416d-8020-64c0868a9254,Robinhood hourly last-trade replay; IV inverted from daily final trade
SPY,2026-06-08,2026-06-08 19:00:00+00:00,2026-06-12,4,put,746.0,15.816202830364928,8.74,739.31,3.8,0.0,0.2710179265034838,0bb4a247-a98d-4a03-85ee-70467e8c4cc9,Robinhood hourly last-trade replay; IV inverted from daily final trade
SPY,2026-06-08,2026-06-08 19:00:00+00:00,2026-06-12,4,put,748.0,16.83382235670462,10.45,739.31,3.8,0.0,0.25307610527236274,5eb3dfcb-0c3f-49da-8aca-36a7e9221204,Robinhood hourly last-trade replay; IV inverted from daily final trade
SPY,2026-06-08,2026-06-08 19:00:00+00:00,2026-06-12,4,put,750.0,15.244234594516453,11.63,739.31,3.8,0.0,0.2123021566030373,c3a902da-89ac-440d-bc6e-08d5ae2f7ad3,Robinhood hourly last-trade replay; IV inverted from daily final trade
SPY,2026-06-09,2026-06-09 19:00:00+00:00,2026-06-12,3,call,730.0,19.563426266619935,9.62,737.05,3.8,0.0,0.2268147505266434,34eacd2b-208a-4525-98c5-39f439b7061e,Robinhood hourly last-trade replay; IV inverted from daily final trade
SPY,2026-06-09,2026-06-09 19:00:00+00:00,2026-06-12,3,call,732.0,23.766252441704268,9.3,737.05,3.8,0.0,0.2512299507669724,1f0af757-cd31-438b-ac9c-9a259a8f4efe,Robinhood hourly last-trade replay; IV inverted from daily final trade
SPY,2026-06-09,2026-06-09 19:00:00+00:00,2026-06-12,3,call,734.0,19.304659273754808,6.94,737.05,3.8,0.0,0.257478361442611,56f2ebb6-e6f3-45fe-8689-41c0046c3c50,Robinhood hourly last-trade replay; IV inverted from daily final trade
SPY,2026-06-09,2026-06-09 19:00:00+00:00,2026-06-12,3,call,736.0,19.391941079776732,5.83,737.05,3.8,0.0,0.2650360803405532,ae77ac15-fb35-4f10-9e95-8da048e91ce1,Robinhood hourly last-trade replay; IV inverted from daily final trade
SPY,2026-06-09,2026-06-09 19:00:00+00:00,2026-06-12,3,call,738.0,18.678072855258357,4.63,737.05,3.8,0.0,0.2662542223379727,46625de8-1d47-45eb-983b-34184ec78a17,Robinhood hourly last-trade replay; IV inverted from daily final trade
SPY,2026-06-09,2026-06-09 19:00:00+00:00,2026-06-12,3,call,740.0,18.42397448908538,3.68,737.05,3.8,0.0,0.26064722513860195,068910af-7d81-4a8a-9237-b0fc711c6b3f,Robinhood hourly last-trade replay; IV inverted from daily final trade
SPY,2026-06-09,2026-06-09 19:00:00+00:00,2026-06-12,3,call,742.0,18.048709288388498,2.83,737.05,3.8,0.0,0.24783798018192782,bd5a80f2-30c6-4759-879c-2e8db05fe09e,Robinhood hourly last-trade replay; IV inverted from daily final trade
SPY,2026-06-09,2026-06-09 19:00:00+00:00,2026-06-12,3,call,744.0,19.303786641955377,2.49,737.05,3.8,0.0,0.2341053871154194,394a8f01-f866-408e-a961-d60ed49ce47d,Robinhood hourly last-trade replay; IV inverted from daily final trade
SPY,2026-06-09,2026-06-09 19:00:00+00:00,2026-06-12,3,call,746.0,17.515919612683355,1.57,737.05,3.8,0.0,0.2038546614500272,b80a7b1b-5ec0-45d0-8d3d-3f9ad525c26b,Robinhood hourly last-trade replay; IV inverted from daily final trade
SPY,2026-06-09,2026-06-09 19:00:00+00:00,2026-06-12,3,call,748.0,17.206571174133565,1.11,737.05,3.8,0.0,0.17498688631983647,a06c4afe-d871-4ba8-b2c6-64cf0f8d44fa,Robinhood hourly last-trade replay; IV inverted from daily final trade
SPY,2026-06-09,2026-06-09 19:00:00+00:00,2026-06-12,3,call,750.0,16.92422496225685,0.76,737.05,3.8,0.0,0.1444269526745955,509d5013-4f70-4d5d-8460-67d905d372c6,Robinhood hourly last-trade replay; IV inverted from daily final trade
SPY,2026-06-09,2026-06-09 19:00:00+00:00,2026-06-12,3,put,730.0,24.59268923704513,3.52,737.05,3.8,0.0,0.24022697710995672,3c55591f-8aee-4f4a-9af7-6b59486bea85,Robinhood hourly last-trade replay; IV inverted from daily final trade
SPY,2026-06-09,2026-06-09 19:00:00+00:00,2026-06-12,3,put,732.0,24.4759693788737,4.2,737.05,3.8,0.0,0.25202922342455764,14a0dd86-9821-4458-b9f3-6a28d6a6a441,Robinhood hourly last-trade replay; IV inverted from daily final trade
SPY,2026-06-09,2026-06-09 19:00:00+00:00,2026-06-12,3,put,734.0,24.04828573545441,4.89,737.05,3.8,0.0,0.2604617405353991,80402e62-8a33-4125-b59d-d08c45ab9f1a,Robinhood hourly last-trade replay; IV inverted from daily final trade
SPY,2026-06-09,2026-06-09 19:00:00+00:00,2026-06-12,3,put,736.0,23.425147935478012,5.62,737.05,3.8,0.0,0.26543923145591575,0fe946a4-b4d4-4aef-96fd-c7736875dd5d,Robinhood hourly last-trade replay; IV inverted from daily final trade
SPY,2026-06-09,2026-06-09 19:00:00+00:00,2026-06-12,3,put,738.0,23.448101318236436,6.62,737.05,3.8,0.0,0.26641032638357953,b1a3ccce-ebb3-47db-9138-c57ca5b27c9e,Robinhood hourly last-trade replay; IV inverted from daily final trade
SPY,2026-06-09,2026-06-09 19:00:00+00:00,2026-06-12,3,put,740.0,22.857705836817622,7.56,737.05,3.8,0.0,0.26287038997981516,2f7fd8a3-048e-4b05-abcb-a47ace0919a2,Robinhood hourly last-trade replay; IV inverted from daily final trade
SPY,2026-06-09,2026-06-09 19:00:00+00:00,2026-06-12,3,put,742.0,23.525807457063355,8.93,737.05,3.8,0.0,0.2557082446069125,8468776e-795b-475c-8a36-3e911a8dc63a,Robinhood hourly last-trade replay; IV inverted from daily final trade
SPY,2026-06-09,2026-06-09 19:00:00+00:00,2026-06-12,3,put,744.0,18.454220447409902,9.01,737.05,3.8,0.0,0.23116148060355557,528b8e8d-017c-416d-8020-64c0868a9254,Robinhood hourly last-trade replay; IV inverted from daily final trade
SPY,2026-06-09,2026-06-09 19:00:00+00:00,2026-06-12,3,put,746.0,17.920366291292005,10.37,737.05,3.8,0.0,0.206363376573703,0bb4a247-a98d-4a03-85ee-70467e8c4cc9,Robinhood hourly last-trade replay; IV inverted from daily final trade
SPY,2026-06-09,2026-06-09 19:00:00+00:00,2026-06-12,3,put,748.0,24.27472577132285,13.23,737.05,3.8,0.0,0.21652504561874816,5eb3dfcb-0c3f-49da-8aca-36a7e9221204,Robinhood hourly last-trade replay; IV inverted from daily final trade
SPY,2026-06-09,2026-06-09 19:00:00+00:00,2026-06-12,3,put,750.0,16.814452165886756,13.46,737.05,3.8,0.0,0.1432561154819408,c3a902da-89ac-440d-bc6e-08d5ae2f7ad3,Robinhood hourly last-trade replay; IV inverted from daily final trade
SPY,2026-06-10,2026-06-10 19:00:00+00:00,2026-06-12,2,call,730.0,26.79426988486201,4.43,726.95,3.8,0.0,0.21080847119916832,34eacd2b-208a-4525-98c5-39f439b7061e,Robinhood hourly last-trade replay; IV inverted from daily final trade
SPY,2026-06-10,2026-06-10 19:00:00+00:00,2026-06-12,2,call,732.0,26.15343870682642,3.52,726.95,3.8,0.0,0.20281464477502265,1f0af757-cd31-438b-ac9c-9a259a8f4efe,Robinhood hourly last-trade replay; IV inverted from daily final trade
SPY,2026-06-10,2026-06-10 19:00:00+00:00,2026-06-12,2,call,734.0,24.99549542374909,2.63,726.95,3.8,0.0,0.18934474616807223,56f2ebb6-e6f3-45fe-8689-41c0046c3c50,Robinhood hourly last-trade replay; IV inverted from daily final trade
SPY,2026-06-10,2026-06-10 19:00:00+00:00,2026-06-12,2,call,736.0,23.024465121775865,1.74,726.95,3.8,0.0,0.16741565744967274,ae77ac15-fb35-4f10-9e95-8da048e91ce1,Robinhood hourly last-trade replay; IV inverted from daily final trade
SPY,2026-06-10,2026-06-10 19:00:00+00:00,2026-06-12,2,call,738.0,24.10905052416026,1.48,726.95,3.8,0.0,0.15278430190046097,46625de8-1d47-45eb-983b-34184ec78a17,Robinhood hourly last-trade replay; IV inverted from daily final trade
SPY,2026-06-10,2026-06-10 19:00:00+00:00,2026-06-12,2,call,740.0,23.721626219116146,1.07,726.95,3.8,0.0,0.13116725969299728,068910af-7d81-4a8a-9237-b0fc711c6b3f,Robinhood hourly last-trade replay; IV inverted from daily final trade
SPY,2026-06-10,2026-06-10 19:00:00+00:00,2026-06-12,2,call,742.0,23.14992293924093,0.73,726.95,3.8,0.0,0.10763305587164737,bd5a80f2-30c6-4759-879c-2e8db05fe09e,Robinhood hourly last-trade replay; IV inverted from daily final trade
SPY,2026-06-10,2026-06-10 19:00:00+00:00,2026-06-12,2,call,744.0,22.85491192497313,0.5,726.95,3.8,0.0,0.08635417982496438,394a8f01-f866-408e-a961-d60ed49ce47d,Robinhood hourly last-trade replay; IV inverted from daily final trade
SPY,2026-06-10,2026-06-10 19:00:00+00:00,2026-06-12,2,call,746.0,22.834652338884766,0.35,726.95,3.8,0.0,0.0686948083945142,b80a7b1b-5ec0-45d0-8d3d-3f9ad525c26b,Robinhood hourly last-trade replay; IV inverted from daily final trade
SPY,2026-06-10,2026-06-10 19:00:00+00:00,2026-06-12,2,call,748.0,21.591151093393567,0.18,726.95,3.8,0.0,0.045217722017956305,a06c4afe-d871-4ba8-b2c6-64cf0f8d44fa,Robinhood hourly last-trade replay; IV inverted from daily final trade
SPY,2026-06-10,2026-06-10 19:00:00+00:00,2026-06-12,2,call,750.0,22.753068250417712,0.16,726.95,3.8,0.0,0.04004266340438241,509d5013-4f70-4d5d-8460-67d905d372c6,Robinhood hourly last-trade replay; IV inverted from daily final trade
SPY,2026-06-10,2026-06-10 19:00:00+00:00,2026-06-12,2,put,730.0,23.187254258003083,6.57,726.95,3.8,0.0,0.20939364592012624,3c55591f-8aee-4f4a-9af7-6b59486bea85,Robinhood hourly last-trade replay; IV inverted from daily final trade
SPY,2026-06-10,2026-06-10 19:00:00+00:00,2026-06-12,2,put,732.0,23.634589346032588,7.91,726.95,3.8,0.0,0.20009606641938288,14a0dd86-9821-4458-b9f3-6a28d6a6a441,Robinhood hourly last-trade replay; IV inverted from daily final trade
SPY,2026-06-10,2026-06-10 19:00:00+00:00,2026-06-12,2,put,734.0,24.74597767604515,9.48,726.95,3.8,0.0,0.18884575734816006,80402e62-8a33-4125-b59d-d08c45ab9f1a,Robinhood hourly last-trade replay; IV inverted from daily final trade
SPY,2026-06-10,2026-06-10 19:00:00+00:00,2026-06-12,2,put,736.0,23.75480485357344,10.76,726.95,3.8,0.0,0.1700168876223995,0fe946a4-b4d4-4aef-96fd-c7736875dd5d,Robinhood hourly last-trade replay; IV inverted from daily final trade
SPY,2026-06-10,2026-06-10 19:00:00+00:00,2026-06-12,2,put,738.0,24.001869546677913,12.36,726.95,3.8,0.0,0.1523098614017201,b1a3ccce-ebb3-47db-9138-c57ca5b27c9e,Robinhood hourly last-trade replay; IV inverted from daily final trade
SPY,2026-06-10,2026-06-10 19:00:00+00:00,2026-06-12,2,put,740.0,24.428422587104137,14.06,726.95,3.8,0.0,0.13497183698708823,2f7fd8a3-048e-4b05-abcb-a47ace0919a2,Robinhood hourly last-trade replay; IV inverted from daily final trade
SPY,2026-06-10,2026-06-10 19:00:00+00:00,2026-06-12,2,put,742.0,17.09438350662589,15.11,726.95,3.8,0.0,0.06001192489920671,8468776e-795b-475c-8a36-3e911a8dc63a,Robinhood hourly last-trade replay; IV inverted from daily final trade
SPY,2026-06-10,2026-06-10 19:00:00+00:00,2026-06-12,2,put,744.0,18.31875763162971,17.08,726.95,3.8,0.0,0.0516891982681132,528b8e8d-017c-416d-8020-64c0868a9254,Robinhood hourly last-trade replay; IV inverted from daily final trade
SPY,2026-06-10,2026-06-10 19:00:00+00:00,2026-06-12,2,put,746.0,34.21574350520969,20.41,726.95,3.8,0.0,0.13014934783456414,0bb4a247-a98d-4a03-85ee-70467e8c4cc9,Robinhood hourly last-trade replay; IV inverted from daily final trade
SPY,2026-06-11,2026-06-11 19:00:00+00:00,2026-06-12,1,call,730.0,25.225812477953724,8.89,737.6425,3.8,0.0,0.1115582115259363,34eacd2b-208a-4525-98c5-39f439b7061e,Robinhood hourly last-trade replay; IV inverted from daily final trade
SPY,2026-06-11,2026-06-11 19:00:00+00:00,2026-06-12,1,call,732.0,29.435541012249885,7.94,737.6425,3.8,0.0,0.13505078772684953,1f0af757-cd31-438b-ac9c-9a259a8f4efe,Robinhood hourly last-trade replay; IV inverted from daily final trade
SPY,2026-06-11,2026-06-11 19:00:00+00:00,2026-06-12,1,call,734.0,25.045392826683816,5.99,737.6425,3.8,0.0,0.1426340699402433,56f2ebb6-e6f3-45fe-8689-41c0046c3c50,Robinhood hourly last-trade replay; IV inverted from daily final trade
SPY,2026-06-11,2026-06-11 19:00:00+00:00,2026-06-12,1,call,736.0,24.162093871831885,4.64,737.6425,3.8,0.0,0.15125267555024677,ae77ac15-fb35-4f10-9e95-8da048e91ce1,Robinhood hourly last-trade replay; IV inverted from daily final trade
SPY,2026-06-11,2026-06-11 19:00:00+00:00,2026-06-12,1,call,738.0,23.618119235709308,3.5,737.6425,3.8,0.0,0.1539849379909064,46625de8-1d47-45eb-983b-34184ec78a17,Robinhood hourly last-trade replay; IV inverted from daily final trade
SPY,2026-06-11,2026-06-11 19:00:00+00:00,2026-06-12,1,call,740.0,24.311054075732827,2.72,737.6425,3.8,0.0,0.1497936339466436,068910af-7d81-4a8a-9237-b0fc711c6b3f,Robinhood hourly last-trade replay; IV inverted from daily final trade
SPY,2026-06-11,2026-06-11 19:00:00+00:00,2026-06-12,1,call,742.0,22.23062908679247,1.71,737.6425,3.8,0.0,0.13651193223964447,bd5a80f2-30c6-4759-879c-2e8db05fe09e,Robinhood hourly last-trade replay; IV inverted from daily final trade
SPY,2026-06-11,2026-06-11 19:00:00+00:00,2026-06-12,1,call,744.0,22.03564197916537,1.15,737.6425,3.8,0.0,0.1180675316766628,394a8f01-f866-408e-a961-d60ed49ce47d,Robinhood hourly last-trade replay; IV inverted from daily final trade
SPY,2026-06-11,2026-06-11 19:00:00+00:00,2026-06-12,1,call,746.0,21.748845065720374,0.73,737.6425,3.8,0.0,0.09577525566359953,b80a7b1b-5ec0-45d0-8d3d-3f9ad525c26b,Robinhood hourly last-trade replay; IV inverted from daily final trade
SPY,2026-06-11,2026-06-11 19:00:00+00:00,2026-06-12,1,call,748.0,21.892901023030284,0.47,737.6425,3.8,0.0,0.07479624453819744,a06c4afe-d871-4ba8-b2c6-64cf0f8d44fa,Robinhood hourly last-trade replay; IV inverted from daily final trade
SPY,2026-06-11,2026-06-11 19:00:00+00:00,2026-06-12,1,call,750.0,22.152984414026136,0.3,737.6425,3.8,0.0,0.05635992991234355,509d5013-4f70-4d5d-8460-67d905d372c6,Robinhood hourly last-trade replay; IV inverted from daily final trade
SPY,2026-06-11,2026-06-11 19:00:00+00:00,2026-06-12,1,put,730.0,25.569417069628834,1.21,737.6425,3.8,0.0,0.11250720265814257,3c55591f-8aee-4f4a-9af7-6b59486bea85,Robinhood hourly last-trade replay; IV inverted from daily final trade
SPY,2026-06-11,2026-06-11 19:00:00+00:00,2026-06-12,1,put,732.0,23.221136026941238,1.41,737.6425,3.8,0.0,0.12499031239186748,14a0dd86-9821-4458-b9f3-6a28d6a6a441,Robinhood hourly last-trade replay; IV inverted from daily final trade
SPY,2026-06-11,2026-06-11 19:00:00+00:00,2026-06-12,1,put,734.0,23.416860727295273,2.04,737.6425,3.8,0.0,0.14111674983052253,80402e62-8a33-4125-b59d-d08c45ab9f1a,Robinhood hourly last-trade replay; IV inverted from daily final trade
SPY,2026-06-11,2026-06-11 19:00:00+00:00,2026-06-12,1,put,736.0,23.49481086775661,2.82,737.6425,3.8,0.0,0.1511046190568314,0fe946a4-b4d4-4aef-96fd-c7736875dd5d,Robinhood hourly last-trade replay; IV inverted from daily final trade
SPY,2026-06-11,2026-06-11 19:00:00+00:00,2026-06-12,1,put,738.0,22.899398451969027,3.67,737.6425,3.8,0.0,0.15398046581442762,b1a3ccce-ebb3-47db-9138-c57ca5b27c9e,Robinhood hourly last-trade replay; IV inverted from daily final trade
SPY,2026-06-11,2026-06-11 19:00:00+00:00,2026-06-12,1,put,740.0,21.69511441573501,4.61,737.6425,3.8,0.0,0.1486715841758484,2f7fd8a3-048e-4b05-abcb-a47ace0919a2,Robinhood hourly last-trade replay; IV inverted from daily final trade
SPY,2026-06-11,2026-06-11 19:00:00+00:00,2026-06-12,1,put,742.0,22.00872729506343,5.96,737.6425,3.8,0.0,0.13617039269773673,8468776e-795b-475c-8a36-3e911a8dc63a,Robinhood hourly last-trade replay; IV inverted from daily final trade
SPY,2026-06-11,2026-06-11 19:00:00+00:00,2026-06-12,1,put,744.0,21.52379360403866,7.37,737.6425,3.8,0.0,0.11654266415115483,528b8e8d-017c-416d-8020-64c0868a9254,Robinhood hourly last-trade replay; IV inverted from daily final trade
SPY,2026-06-11,2026-06-11 19:00:00+00:00,2026-06-12,1,put,746.0,19.429941074773666,8.8,737.6425,3.8,0.0,0.08481022046222701,0bb4a247-a98d-4a03-85ee-70467e8c4cc9,Robinhood hourly last-trade replay; IV inverted from daily final trade
SPY,2026-06-11,2026-06-11 19:00:00+00:00,2026-06-12,1,put,748.0,21.763589469827707,10.74,737.6425,3.8,0.0,0.07414893630234871,5eb3dfcb-0c3f-49da-8aca-36a7e9221204,Robinhood hourly last-trade replay; IV inverted from daily final trade
SPY,2026-06-12,2026-06-12 19:00:00+00:00,2026-06-12,1,call,742.0,1.610986922513693,0.13,741.63,3.8,0.0,0.13882493705987933,bd5a80f2-30c6-4759-879c-2e8db05fe09e,Robinhood hourly last-trade replay; IV inverted from daily final trade
SPY,2026-06-12,2026-06-12 19:00:00+00:00,2026-06-12,1,call,744.0,3.606680946946144,0.03,741.63,3.8,0.0,0.04075558824812634,394a8f01-f866-408e-a961-d60ed49ce47d,Robinhood hourly last-trade replay; IV inverted from daily final trade
SPY,2026-06-12,2026-06-12 19:00:00+00:00,2026-06-12,1,call,746.0,5.9888521403074275,0.03,741.63,3.8,0.0,0.02852488838515159,b80a7b1b-5ec0-45d0-8d3d-3f9ad525c26b,Robinhood hourly last-trade replay; IV inverted from daily final trade
SPY,2026-06-12,2026-06-12 19:00:00+00:00,2026-06-12,1,call,748.0,7.72177782446146,0.02,741.63,3.8,0.0,0.017498987438219232,a06c4afe-d871-4ba8-b2c6-64cf0f8d44fa,Robinhood hourly last-trade replay; IV inverted from daily final trade
SPY,2026-06-12,2026-06-12 19:00:00+00:00,2026-06-12,1,call,750.0,8.918227731883526,0.01,741.63,3.8,0.0,0.00912883448638566,509d5013-4f70-4d5d-8460-67d905d372c6,Robinhood hourly last-trade replay; IV inverted from daily final trade
SPY,2026-06-12,2026-06-12 19:00:00+00:00,2026-06-12,1,put,730.0,12.247780904769899,0.01,741.63,3.8,0.0,0.007064016440745882,3c55591f-8aee-4f4a-9af7-6b59486bea85,Robinhood hourly last-trade replay; IV inverted from daily final trade
SPY,2026-06-12,2026-06-12 19:00:00+00:00,2026-06-12,1,put,732.0,11.323525064885615,0.02,741.63,3.8,0.0,0.013009993903345824,14a0dd86-9821-4458-b9f3-6a28d6a6a441,Robinhood hourly last-trade replay; IV inverted from daily final trade
SPY,2026-06-12,2026-06-12 19:00:00+00:00,2026-06-12,1,put,734.0,9.270573542416095,0.02,741.63,3.8,0.0,0.015186351423972606,80402e62-8a33-4125-b59d-d08c45ab9f1a,Robinhood hourly last-trade replay; IV inverted from daily final trade
SPY,2026-06-12,2026-06-12 19:00:00+00:00,2026-06-12,1,put,736.0,7.163949110805989,0.02,741.63,3.8,0.0,0.018484566622887732,0fe946a4-b4d4-4aef-96fd-c7736875dd5d,Robinhood hourly last-trade replay; IV inverted from daily final trade
SPY,2026-06-12,2026-06-12 19:00:00+00:00,2026-06-12,1,put,738.0,5.634569217562675,0.04,741.63,3.8,0.0,0.0364803329041899,b1a3ccce-ebb3-47db-9138-c57ca5b27c9e,Robinhood hourly last-trade replay; IV inverted from daily final trade
SPY,2026-06-12,2026-06-12 19:00:00+00:00,2026-06-12,1,put,740.0,2.866458217650652,0.03,741.63,3.8,0.0,0.0475572825709257,2f7fd8a3-048e-4b05-abcb-a47ace0919a2,Robinhood hourly last-trade replay; IV inverted from daily final trade
SPY,2026-06-12,2026-06-12 19:00:00+00:00,2026-06-12,1,put,742.0,5.589337647408245,1.02,741.63,3.8,0.0,0.15349153170101684,8468776e-795b-475c-8a36-3e911a8dc63a,Robinhood hourly last-trade replay; IV inverted from daily final trade
SPY,2026-06-12,2026-06-12 19:00:00+00:00,2026-06-12,1,put,744.0,9.61832616187632,2.91,741.63,3.8,0.0,0.1285301231402607,528b8e8d-017c-416d-8020-64c0868a9254,Robinhood hourly last-trade replay; IV inverted from daily final trade
SPY,2026-06-12,2026-06-12 19:00:00+00:00,2026-06-12,1,put,748.0,11.231374401822682,6.44,741.63,3.8,0.0,0.05537536296633033,5eb3dfcb-0c3f-49da-8aca-36a7e9221204,Robinhood hourly last-trade replay; IV inverted from daily final trade
SPY,2026-06-15,2026-06-15 19:00:00+00:00,2026-06-18,3,call,744.0,8.741380562558769,10.97,754.66,3.8,0.0,0.05036084974941967,68fd9b74-5522-4778-b956-6f6f5dd860c2,Robinhood hourly last-trade replay; IV inverted from daily final trade
SPY,2026-06-15,2026-06-15 19:00:00+00:00,2026-06-18,3,call,746.0,9.754961489327254,9.17,754.66,3.8,0.0,0.1105015860748264,6d942dc9-dcd2-4445-bc47-93e7a88b0aeb,Robinhood hourly last-trade replay; IV inverted from daily final trade
SPY,2026-06-15,2026-06-15 19:00:00+00:00,2026-06-18,3,call,748.0,15.200638394095005,8.46,754.66,3.8,0.0,0.21766298136265813,4eda5ede-312b-483a-9527-17eb05f81580,Robinhood hourly last-trade replay; IV inverted from daily final trade
SPY,2026-06-15,2026-06-15 19:00:00+00:00,2026-06-18,3,call,750.0,14.268900458291172,6.81,754.66,3.8,0.0,0.23972916158492882,4a0a7e56-49db-4eff-896e-2091218cf42a,Robinhood hourly last-trade replay; IV inverted from daily final trade
SPY,2026-06-15,2026-06-15 19:00:00+00:00,2026-06-18,3,call,752.0,12.084520528744907,4.94,754.66,3.8,0.0,0.25616028559608867,6dcc02d2-44b0-4493-8e06-9304cb62135e,Robinhood hourly last-trade replay; IV inverted from daily final trade
SPY,2026-06-15,2026-06-15 19:00:00+00:00,2026-06-18,3,call,754.0,11.887213542982936,3.71,754.66,3.8,0.0,0.27112897325127294,b8b50caf-2b22-457e-93df-5fe549bdec0d,Robinhood hourly last-trade replay; IV inverted from daily final trade
SPY,2026-06-15,2026-06-15 19:00:00+00:00,2026-06-18,3,call,756.0,12.755826765876261,2.96,754.66,3.8,0.0,0.27096701693470804,d012c628-5264-44d3-9aa1-cce2767f3b7f,Robinhood hourly last-trade replay; IV inverted from daily final trade
SPY,2026-06-15,2026-06-15 19:00:00+00:00,2026-06-18,3,call,758.0,11.60178750894964,1.86,754.66,3.8,0.0,0.25345788350449927,c1d87698-f2fb-4824-b49f-840d641b2c51,Robinhood hourly last-trade replay; IV inverted from daily final trade
SPY,2026-06-15,2026-06-15 19:00:00+00:00,2026-06-18,3,call,760.0,12.325175988078119,1.42,754.66,3.8,0.0,0.22832562267166828,046f6502-754f-40af-ac04-bc1629e47673,Robinhood hourly last-trade replay; IV inverted from daily final trade
SPY,2026-06-15,2026-06-15 19:00:00+00:00,2026-06-18,3,call,762.0,11.52085626455024,0.8,754.66,3.8,0.0,0.18342625382449704,b09a5a08-4564-4605-b2b5-455352e1ecac,Robinhood hourly last-trade replay; IV inverted from daily final trade
SPY,2026-06-15,2026-06-15 19:00:00+00:00,2026-06-18,3,call,764.0,11.628061455935242,0.51,754.66,3.8,0.0,0.1438338384650214,e1316bbd-2140-4c23-b756-5f2864d72e43,Robinhood hourly last-trade replay; IV inverted from daily final trade
SPY,2026-06-15,2026-06-15 19:00:00+00:00,2026-06-18,3,put,744.0,20.31575455028564,1.69,754.66,3.8,0.0,0.19842557937557764,6d4123b2-0436-420b-9ec2-c3f57ae3f1f9,Robinhood hourly last-trade replay; IV inverted from daily final trade
SPY,2026-06-15,2026-06-15 19:00:00+00:00,2026-06-18,3,put,746.0,19.72423917586915,2.04,754.66,3.8,0.0,0.21780104110974524,b26878f8-318e-49bb-8104-813f27c7e62d,Robinhood hourly last-trade replay; IV inverted from daily final trade
SPY,2026-06-15,2026-06-15 19:00:00+00:00,2026-06-18,3,put,748.0,19.880541314445438,2.64,754.66,3.8,0.0,0.23865701193988417,338f2f8f-980b-47b3-9930-7089d605f852,Robinhood hourly last-trade replay; IV inverted from daily final trade
SPY,2026-06-15,2026-06-15 19:00:00+00:00,2026-06-18,3,put,750.0,19.68362081982196,3.26,754.66,3.8,0.0,0.2545530953560952,e9ce10b5-5428-4d43-9682-1cbf9c2c4b35,Robinhood hourly last-trade replay; IV inverted from daily final trade
SPY,2026-06-15,2026-06-15 19:00:00+00:00,2026-06-18,3,put,752.0,18.823732983618978,3.81,754.66,3.8,0.0,0.2655899591768463,6efea2f3-3d57-4bc1-a68d-6c9a2ca52398,Robinhood hourly last-trade replay; IV inverted from daily final trade
SPY,2026-06-15,2026-06-15 19:00:00+00:00,2026-06-18,3,put,754.0,19.744459181539717,4.95,754.66,3.8,0.0,0.2721730270209158,8a6f88f1-2db3-4ac8-b558-8c55d0c25d94,Robinhood hourly last-trade replay; IV inverted from daily final trade
SPY,2026-06-15,2026-06-15 19:00:00+00:00,2026-06-18,3,put,756.0,19.182551822243255,5.81,754.66,3.8,0.0,0.27217141098394665,78d31a4b-8056-4754-b299-bb6d2e02d306,Robinhood hourly last-trade replay; IV inverted from daily final trade
SPY,2026-06-15,2026-06-15 19:00:00+00:00,2026-06-18,3,put,758.0,19.620216715727008,7.06,754.66,3.8,0.0,0.26631256376615037,020b4018-ffb8-42d2-bef2-322f679f2be2,Robinhood hourly last-trade replay; IV inverted from daily final trade
SPY,2026-06-15,2026-06-15 19:00:00+00:00,2026-06-18,3,put,760.0,18.652846159562465,8.06,754.66,3.8,0.0,0.252953582828233,a9c6c583-80b5-4f90-a3c1-ba3efb78c356,Robinhood hourly last-trade replay; IV inverted from daily final trade
SPY,2026-06-15,2026-06-15 19:00:00+00:00,2026-06-18,3,put,762.0,22.902927628280594,10.46,754.66,3.8,0.0,0.2476822590813601,98c9ecdb-c601-41ff-bfad-8d736e323261,Robinhood hourly last-trade replay; IV inverted from daily final trade
SPY,2026-06-15,2026-06-15 19:00:00+00:00,2026-06-18,3,put,764.0,22.819009226467454,11.84,754.66,3.8,0.0,0.2321332227334287,cd3d95e3-033a-4a88-83ec-27ad57eb5d6f,Robinhood hourly last-trade replay; IV inverted from daily final trade
SPY,2026-06-16,2026-06-16 19:00:00+00:00,2026-06-18,2,call,744.0,16.376474819928408,7.79,750.39,3.8,0.0,0.16992459664955206,68fd9b74-5522-4778-b956-6f6f5dd860c2,Robinhood hourly last-trade replay; IV inverted from daily final trade
SPY,2026-06-16,2026-06-16 19:00:00+00:00,2026-06-18,2,call,746.0,17.66930537294597,6.59,750.39,3.8,0.0,0.19832643291422422,6d942dc9-dcd2-4445-bc47-93e7a88b0aeb,Robinhood hourly last-trade replay; IV inverted from daily final trade
SPY,2026-06-16,2026-06-16 19:00:00+00:00,2026-06-18,2,call,748.0,16.625025874134156,5.09,750.39,3.8,0.0,0.21294187945381574,4eda5ede-312b-483a-9527-17eb05f81580,Robinhood hourly last-trade replay; IV inverted from daily final trade
SPY,2026-06-16,2026-06-16 19:00:00+00:00,2026-06-18,2,call,750.0,14.534183319229633,3.5,750.39,3.8,0.0,0.22100739091961139,4a0a7e56-49db-4eff-896e-2091218cf42a,Robinhood hourly last-trade replay; IV inverted from daily final trade
SPY,2026-06-16,2026-06-16 19:00:00+00:00,2026-06-18,2,call,752.0,15.179207227639854,2.69,750.39,3.8,0.0,0.21854398273634856,6dcc02d2-44b0-4493-8e06-9304cb62135e,Robinhood hourly last-trade replay; IV inverted from daily final trade
SPY,2026-06-16,2026-06-16 19:00:00+00:00,2026-06-18,2,call,754.0,14.18239629106596,1.72,750.39,3.8,0.0,0.2018496661578388,b8b50caf-2b22-457e-93df-5fe549bdec0d,Robinhood hourly last-trade replay; IV inverted from daily final trade
SPY,2026-06-16,2026-06-16 19:00:00+00:00,2026-06-18,2,call,756.0,14.581358520723882,1.22,750.39,3.8,0.0,0.17759402444286057,d012c628-5264-44d3-9aa1-cce2767f3b7f,Robinhood hourly last-trade replay; IV inverted from daily final trade
SPY,2026-06-16,2026-06-16 19:00:00+00:00,2026-06-18,2,call,758.0,14.344730950966474,0.76,750.39,3.8,0.0,0.14442111599204083,c1d87698-f2fb-4824-b49f-840d641b2c51,Robinhood hourly last-trade replay; IV inverted from daily final trade
SPY,2026-06-16,2026-06-16 19:00:00+00:00,2026-06-18,2,call,760.0,14.436633887179195,0.48,750.39,3.8,0.0,0.11229495457715916,046f6502-754f-40af-ac04-bc1629e47673,Robinhood hourly last-trade replay; IV inverted from daily final trade
SPY,2026-06-16,2026-06-16 19:00:00+00:00,2026-06-18,2,call,762.0,14.248218060210347,0.27,750.39,3.8,0.0,0.07963128002720211,b09a5a08-4564-4605-b2b5-455352e1ecac,Robinhood hourly last-trade replay; IV inverted from daily final trade
SPY,2026-06-16,2026-06-16 19:00:00+00:00,2026-06-18,2,call,764.0,14.576934826970103,0.17,750.39,3.8,0.0,0.05764011817614649,e1316bbd-2140-4c23-b756-5f2864d72e43,Robinhood hourly last-trade replay; IV inverted from daily final trade
SPY,2026-06-16,2026-06-16 19:00:00+00:00,2026-06-18,2,put,744.0,20.479403280057014,1.98,750.39,3.8,0.0,0.1866972327990965,6d4123b2-0436-420b-9ec2-c3f57ae3f1f9,Robinhood hourly last-trade replay; IV inverted from daily final trade
SPY,2026-06-16,2026-06-16 19:00:00+00:00,2026-06-18,2,put,746.0,19.739808249622584,2.46,750.39,3.8,0.0,0.20262466548118419,b26878f8-318e-49bb-8104-813f27c7e62d,Robinhood hourly last-trade replay; IV inverted from daily final trade
SPY,2026-06-16,2026-06-16 19:00:00+00:00,2026-06-18,2,put,748.0,19.500377454981205,3.16,750.39,3.8,0.0,0.21516969257706461,338f2f8f-980b-47b3-9930-7089d605f852,Robinhood hourly last-trade replay; IV inverted from daily final trade
SPY,2026-06-16,2026-06-16 19:00:00+00:00,2026-06-18,2,put,750.0,19.62668555295095,4.08,750.39,3.8,0.0,0.2212334264091589,e9ce10b5-5428-4d43-9682-1cbf9c2c4b35,Robinhood hourly last-trade replay; IV inverted from daily final trade
SPY,2026-06-16,2026-06-16 19:00:00+00:00,2026-06-18,2,put,752.0,19.541754358094185,5.1,750.39,3.8,0.0,0.21983094007000248,6efea2f3-3d57-4bc1-a68d-6c9a2ca52398,Robinhood hourly last-trade replay; IV inverted from daily final trade
SPY,2026-06-16,2026-06-16 19:00:00+00:00,2026-06-18,2,put,754.0,19.145347626470027,6.2,750.39,3.8,0.0,0.21074776951300933,8a6f88f1-2db3-4ac8-b558-8c55d0c25d94,Robinhood hourly last-trade replay; IV inverted from daily final trade
SPY,2026-06-16,2026-06-16 19:00:00+00:00,2026-06-18,2,put,756.0,21.2786706796661,7.95,750.39,3.8,0.0,0.20009912522247947,78d31a4b-8056-4754-b299-bb6d2e02d306,Robinhood hourly last-trade replay; IV inverted from daily final trade
SPY,2026-06-16,2026-06-16 19:00:00+00:00,2026-06-18,2,put,758.0,20.519101973455395,9.23,750.39,3.8,0.0,0.18021106086002792,020b4018-ffb8-42d2-bef2-322f679f2be2,Robinhood hourly last-trade replay; IV inverted from daily final trade
SPY,2026-06-16,2026-06-16 19:00:00+00:00,2026-06-18,2,put,760.0,25.060055276043705,11.54,750.39,3.8,0.0,0.17758050101066536,a9c6c583-80b5-4f90-a3c1-ba3efb78c356,Robinhood hourly last-trade replay; IV inverted from daily final trade
SPY,2026-06-16,2026-06-16 19:00:00+00:00,2026-06-18,2,put,762.0,26.417922508977355,13.31,750.39,3.8,0.0,0.1654188108617627,98c9ecdb-c601-41ff-bfad-8d736e323261,Robinhood hourly last-trade replay; IV inverted from daily final trade
SPY,2026-06-16,2026-06-16 19:00:00+00:00,2026-06-18,2,put,764.0,24.50081098038703,14.64,750.39,3.8,0.0,0.13836424461023392,cd3d95e3-033a-4a88-83ec-27ad57eb5d6f,Robinhood hourly last-trade replay; IV inverted from daily final trade
SPY,2026-06-17,2026-06-17 19:00:00+00:00,2026-06-18,1,call,744.0,17.561734179109333,1.6,741.27,3.8,0.0,0.14378768626274074,68fd9b74-5522-4778-b956-6f6f5dd860c2,Robinhood hourly last-trade replay; IV inverted from daily final trade
SPY,2026-06-17,2026-06-17 19:00:00+00:00,2026-06-18,1,call,746.0,17.24338282529265,0.97,741.27,3.8,0.0,0.12210932145151716,6d942dc9-dcd2-4445-bc47-93e7a88b0aeb,Robinhood hourly last-trade replay; IV inverted from daily final trade
SPY,2026-06-17,2026-06-17 19:00:00+00:00,2026-06-18,1,call,748.0,17.752470815517007,0.62,741.27,3.8,0.0,0.09793635584850767,4eda5ede-312b-483a-9527-17eb05f81580,Robinhood hourly last-trade replay; IV inverted from daily final trade
SPY,2026-06-17,2026-06-17 19:00:00+00:00,2026-06-18,1,call,750.0,18.415408355370168,0.4,741.27,3.8,0.0,0.07542990313157152,4a0a7e56-49db-4eff-896e-2091218cf42a,Robinhood hourly last-trade replay; IV inverted from daily final trade
SPY,2026-06-17,2026-06-17 19:00:00+00:00,2026-06-18,1,call,752.0,18.20899414829909,0.21,741.27,3.8,0.0,0.050845115212975536,6dcc02d2-44b0-4493-8e06-9304cb62135e,Robinhood hourly last-trade replay; IV inverted from daily final trade
SPY,2026-06-17,2026-06-17 19:00:00+00:00,2026-06-18,1,call,754.0,18.56575806476176,0.12,741.27,3.8,0.0,0.03426517006426078,b8b50caf-2b22-457e-93df-5fe549bdec0d,Robinhood hourly last-trade replay; IV inverted from daily final trade
SPY,2026-06-17,2026-06-17 19:00:00+00:00,2026-06-18,1,call,756.0,20.570278056710958,0.11,741.27,3.8,0.0,0.029952555527607116,d012c628-5264-44d3-9aa1-cce2767f3b7f,Robinhood hourly last-trade replay; IV inverted from daily final trade
SPY,2026-06-17,2026-06-17 19:00:00+00:00,2026-06-18,1,call,758.0,21.642864539027215,0.08,741.27,3.8,0.0,0.022885492927555356,c1d87698-f2fb-4824-b49f-840d641b2c51,Robinhood hourly last-trade replay; IV inverted from daily final trade
SPY,2026-06-17,2026-06-17 19:00:00+00:00,2026-06-18,1,call,760.0,22.75275533229113,0.06,741.27,3.8,0.0,0.01777210741194689,046f6502-754f-40af-ac04-bc1629e47673,Robinhood hourly last-trade replay; IV inverted from daily final trade
SPY,2026-06-17,2026-06-17 19:00:00+00:00,2026-06-18,1,call,762.0,24.1492046251893,0.05,741.27,3.8,0.0,0.014776859902558781,b09a5a08-4564-4605-b2b5-455352e1ecac,Robinhood hourly last-trade replay; IV inverted from daily final trade
SPY,2026-06-17,2026-06-17 19:00:00+00:00,2026-06-18,1,call,764.0,25.342599855661398,0.04,741.27,3.8,0.0,0.01197475386648205,e1316bbd-2140-4c23-b756-5f2864d72e43,Robinhood hourly last-trade replay; IV inverted from daily final trade
SPY,2026-06-17,2026-06-17 19:00:00+00:00,2026-06-18,1,put,744.0,36.20649230567737,7.04,741.27,3.8,0.0,0.152328766033158,6d4123b2-0436-420b-9ec2-c3f57ae3f1f9,Robinhood hourly last-trade replay; IV inverted from daily final trade
SPY,2026-06-17,2026-06-17 19:00:00+00:00,2026-06-18,1,put,746.0,40.38844469971956,8.87,741.27,3.8,0.0,0.1486122721976841,b26878f8-318e-49bb-8104-813f27c7e62d,Robinhood hourly last-trade replay; IV inverted from daily final trade
SPY,2026-06-17,2026-06-17 19:00:00+00:00,2026-06-18,1,put,748.0,40.04908871665597,10.11,741.27,3.8,0.0,0.1419760876091822,338f2f8f-980b-47b3-9930-7089d605f852,Robinhood hourly last-trade replay; IV inverted from daily final trade
SPY,2026-06-17,2026-06-17 19:00:00+00:00,2026-06-18,1,put,750.0,43.065088613666596,11.9,741.27,3.8,0.0,0.13635939641028882,e9ce10b5-5428-4d43-9682-1cbf9c2c4b35,Robinhood hourly last-trade replay; IV inverted from daily final trade
SPY,2026-06-17,2026-06-17 19:00:00+00:00,2026-06-18,1,put,752.0,46.14921153187751,13.74,741.27,3.8,0.0,0.13093424619366323,6efea2f3-3d57-4bc1-a68d-6c9a2ca52398,Robinhood hourly last-trade replay; IV inverted from daily final trade
SPY,2026-06-17,2026-06-17 19:00:00+00:00,2026-06-18,1,put,754.0,44.255071546472614,15.0,741.27,3.8,0.0,0.11953176774569796,8a6f88f1-2db3-4ac8-b558-8c55d0c25d94,Robinhood hourly last-trade replay; IV inverted from daily final trade
SPY,2026-06-17,2026-06-17 19:00:00+00:00,2026-06-18,1,put,756.0,53.65022223461418,17.67,741.27,3.8,0.0,0.12259214365534707,78d31a4b-8056-4754-b299-bb6d2e02d306,Robinhood hourly last-trade replay; IV inverted from daily final trade
SPY,2026-06-17,2026-06-17 19:00:00+00:00,2026-06-18,1,put,758.0,57.48953207395971,19.67,741.27,3.8,0.0,0.11917174568203658,020b4018-ffb8-42d2-bef2-322f679f2be2,Robinhood hourly last-trade replay; IV inverted from daily final trade
SPY,2026-06-17,2026-06-17 19:00:00+00:00,2026-06-18,1,put,760.0,61.0584918275848,21.65,741.27,3.8,0.0,0.11582550695544773,a9c6c583-80b5-4f90-a3c1-ba3efb78c356,Robinhood hourly last-trade replay; IV inverted from daily final trade
SPY,2026-06-17,2026-06-17 19:00:00+00:00,2026-06-18,1,put,762.0,57.802651362195604,22.9,741.27,3.8,0.0,0.10388491908989961,98c9ecdb-c601-41ff-bfad-8d736e323261,Robinhood hourly last-trade replay; IV inverted from daily final trade
SPY,2026-06-17,2026-06-17 19:00:00+00:00,2026-06-18,1,put,764.0,67.64621372573079,25.58,741.27,3.8,0.0,0.10947010443130777,cd3d95e3-033a-4a88-83ec-27ad57eb5d6f,Robinhood hourly last-trade replay; IV inverted from daily final trade
SPY,2026-06-18,2026-06-18 19:00:00+00:00,2026-06-18,1,call,744.0,14.83637934345752,3.87,746.57,3.8,0.0,0.14015814464464002,68fd9b74-5522-4778-b956-6f6f5dd860c2,Robinhood hourly last-trade replay; IV inverted from daily final trade
SPY,2026-06-18,2026-06-18 19:00:00+00:00,2026-06-18,1,call,746.0,9.78211458723992,1.87,746.57,3.8,0.0,0.15360498100185274,6d942dc9-dcd2-4445-bc47-93e7a88b0aeb,Robinhood hourly last-trade replay; IV inverted from daily final trade
SPY,2026-06-18,2026-06-18 19:00:00+00:00,2026-06-18,1,call,748.0,4.971391401290893,0.28,746.57,3.8,0.0,0.12252475778682274,4eda5ede-312b-483a-9527-17eb05f81580,Robinhood hourly last-trade replay; IV inverted from daily final trade
SPY,2026-06-18,2026-06-18 19:00:00+00:00,2026-06-18,1,call,750.0,4.523687516897917,0.02,746.57,3.8,0.0,0.026094774227953955,4a0a7e56-49db-4eff-896e-2091218cf42a,Robinhood hourly last-trade replay; IV inverted from daily final trade
SPY,2026-06-18,2026-06-18 19:00:00+00:00,2026-06-18,1,call,752.0,6.059258718788625,0.01,746.57,3.8,0.0,0.012387250325290209,6dcc02d2-44b0-4493-8e06-9304cb62135e,Robinhood hourly last-trade replay; IV inverted from daily final trade
SPY,2026-06-18,2026-06-18 19:00:00+00:00,2026-06-18,1,call,754.0,7.9780279684066775,0.01,746.57,3.8,0.0,0.009983867863041097,b8b50caf-2b22-457e-93df-5fe549bdec0d,Robinhood hourly last-trade replay; IV inverted from daily final trade
SPY,2026-06-18,2026-06-18 19:00:00+00:00,2026-06-18,1,call,756.0,9.839622606039047,0.01,746.57,3.8,0.0,0.008454005906070268,d012c628-5264-44d3-9aa1-cce2767f3b7f,Robinhood hourly last-trade replay; IV inverted from daily final trade
SPY,2026-06-18,2026-06-18 19:00:00+00:00,2026-06-18,1,call,758.0,11.657945137023926,0.01,746.57,3.8,0.0,0.007382067755072095,c1d87698-f2fb-4824-b49f-840d641b2c51,Robinhood hourly last-trade replay; IV inverted from daily final trade
SPY,2026-06-18,2026-06-18 19:00:00+00:00,2026-06-18,1,call,760.0,13.441429449915887,0.01,746.57,3.8,0.0,0.0065832040541660706,046f6502-754f-40af-ac04-bc1629e47673,Robinhood hourly last-trade replay; IV inverted from daily final trade
SPY,2026-06-18,2026-06-18 19:00:00+00:00,2026-06-18,1,call,762.0,15.19567826926708,0.01,746.57,3.8,0.0,0.005961541732995692,b09a5a08-4564-4605-b2b5-455352e1ecac,Robinhood hourly last-trade replay; IV inverted from daily final trade
SPY,2026-06-18,2026-06-18 19:00:00+00:00,2026-06-18,1,call,764.0,16.924744629859926,0.01,746.57,3.8,0.0,0.005462185902192824,e1316bbd-2140-4c23-b756-5f2864d72e43,Robinhood hourly last-trade replay; IV inverted from daily final trade
SPY,2026-06-18,2026-06-18 19:00:00+00:00,2026-06-18,1,put,744.0,3.7376967863738537,0.02,746.57,3.8,0.0,0.02992877505549762,6d4123b2-0436-420b-9ec2-c3f57ae3f1f9,Robinhood hourly last-trade replay; IV inverted from daily final trade
SPY,2026-06-18,2026-06-18 19:00:00+00:00,2026-06-18,1,put,746.0,1.6156555492058398,0.05,746.57,3.8,0.0,0.0920316871218328,b26878f8-318e-49bb-8104-813f27c7e62d,Robinhood hourly last-trade replay; IV inverted from daily final trade
SPY,2026-06-22,2026-06-22 19:00:00+00:00,2026-06-26,4,call,734.0,19.235993302352725,12.74,744.37,3.8,0.0,0.23860408635759875,1a724242-3a79-426e-bbcd-b186af094eaa,Robinhood hourly last-trade replay; IV inverted from daily final trade
SPY,2026-06-22,2026-06-22 19:00:00+00:00,2026-06-26,4,call,736.0,18.722589183980602,11.13,744.37,3.8,0.0,0.2584110026343442,25e23d55-3c5a-420f-ac15-bbf7f7dcf955,Robinhood hourly last-trade replay; IV inverted from daily final trade
SPY,2026-06-22,2026-06-22 19:00:00+00:00,2026-06-26,4,call,738.0,18.885734543967992,9.78,744.37,3.8,0.0,0.2789311376253087,ecfd938c-71cb-4090-ad3d-e3ed8d816f48,Robinhood hourly last-trade replay; IV inverted from daily final trade
SPY,2026-06-22,2026-06-22 19:00:00+00:00,2026-06-26,4,call,740.0,18.114611149672417,8.26,744.37,3.8,0.0,0.2932196673680053,51794262-ff6b-4a62-a3ba-f5474f1b61ca,Robinhood hourly last-trade replay; IV inverted from daily final trade
SPY,2026-06-22,2026-06-22 19:00:00+00:00,2026-06-26,4,call,742.0,16.596510278545324,6.6,744.37,3.8,0.0,0.3036910893719841,d59befc1-aa25-4e72-88e0-c7c07d4f5ca4,Robinhood hourly last-trade replay; IV inverted from daily final trade
SPY,2026-06-22,2026-06-22 19:00:00+00:00,2026-06-26,4,call,744.0,16.551406297031793,5.49,744.37,3.8,0.0,0.31028733885795057,0b179188-d41d-432a-aecd-230d7c3dd3f2,Robinhood hourly last-trade replay; IV inverted from daily final trade
SPY,2026-06-22,2026-06-22 19:00:00+00:00,2026-06-26,4,call,746.0,15.203388069001958,4.1,744.37,3.8,0.0,0.30921800401251465,bd11b4db-0a99-42e0-b584-324445b953f4,Robinhood hourly last-trade replay; IV inverted from daily final trade
SPY,2026-06-22,2026-06-22 19:00:00+00:00,2026-06-26,4,call,748.0,14.630696209985764,3.09,744.37,3.8,0.0,0.29868880066521614,d01eafb7-7256-4600-800d-b59dbfbe7b73,Robinhood hourly last-trade replay; IV inverted from daily final trade
SPY,2026-06-22,2026-06-22 19:00:00+00:00,2026-06-26,4,call,750.0,14.48797387992963,2.35,744.37,3.8,0.0,0.27943437470358967,8feecbaf-4506-4faa-a30d-b7b50b8d5546,Robinhood hourly last-trade replay; IV inverted from daily final trade
SPY,2026-06-22,2026-06-22 19:00:00+00:00,2026-06-26,4,call,752.0,13.861335774064063,1.62,744.37,3.8,0.0,0.2488978831890368,39f36bf9-ee6f-4f85-ac53-e54c8f6a07fc,Robinhood hourly last-trade replay; IV inverted from daily final trade
SPY,2026-06-22,2026-06-22 19:00:00+00:00,2026-06-26,4,call,754.0,13.29892225107178,1.06,744.37,3.8,0.0,0.20987382501626745,505ee4a8-074b-4ab3-bbc5-3ab8e78f9b3d,Robinhood hourly last-trade replay; IV inverted from daily final trade
SPY,2026-06-22,2026-06-22 19:00:00+00:00,2026-06-26,4,put,734.0,18.32592215290293,1.85,744.37,3.8,0.0,0.2324372175454722,6c7720ea-6a85-4c7d-b722-7cf6ff5a9b4b,Robinhood hourly last-trade replay; IV inverted from daily final trade
SPY,2026-06-22,2026-06-22 19:00:00+00:00,2026-06-26,4,put,736.0,18.085631764717398,2.29,744.37,3.8,0.0,0.25511891207105053,1c5ef157-79ed-4854-a4d3-a9ca8c789a25,Robinhood hourly last-trade replay; IV inverted from daily final trade
SPY,2026-06-22,2026-06-22 19:00:00+00:00,2026-06-26,4,put,738.0,17.13668519455939,2.62,744.37,3.8,0.0,0.2727866249599567,474fa19c-a4a9-457a-9da5-70522dd21116,Robinhood hourly last-trade replay; IV inverted from daily final trade
SPY,2026-06-22,2026-06-22 19:00:00+00:00,2026-06-26,4,put,740.0,16.39297286937013,3.08,744.37,3.8,0.0,0.2896613971873166,fdcfe07b-a54d-4e84-a3c5-50477df50944,Robinhood hourly last-trade replay; IV inverted from daily final trade
SPY,2026-06-22,2026-06-22 19:00:00+00:00,2026-06-26,4,put,742.0,15.768854871988296,3.67,744.37,3.8,0.0,0.30298858012651747,c09e62b7-2620-4e7f-8380-eecb972b51c5,Robinhood hourly last-trade replay; IV inverted from daily final trade
SPY,2026-06-22,2026-06-22 19:00:00+00:00,2026-06-26,4,put,744.0,15.615961771514268,4.52,744.37,3.8,0.0,0.3102353953811692,0a5977f5-faa8-4a71-a9b1-be09a9835628,Robinhood hourly last-trade replay; IV inverted from daily final trade
SPY,2026-06-22,2026-06-22 19:00:00+00:00,2026-06-26,4,put,746.0,15.011269843187186,5.36,744.37,3.8,0.0,0.30916894260938504,f9833b18-2de1-4fe2-9e1d-36832d81ac44,Robinhood hourly last-trade replay; IV inverted from daily final trade
SPY,2026-06-22,2026-06-22 19:00:00+00:00,2026-06-26,4,put,748.0,14.434495613314212,6.35,744.37,3.8,0.0,0.2983444435755525,fbe7bbd3-5cb3-4c89-b1ec-1db99cb40995,Robinhood hourly last-trade replay; IV inverted from daily final trade
SPY,2026-06-22,2026-06-22 19:00:00+00:00,2026-06-26,4,put,750.0,13.01050952527672,7.26,744.37,3.8,0.0,0.27214536069260103,8e5b33a9-0856-411d-a03e-056508a37ef9,Robinhood hourly last-trade replay; IV inverted from daily final trade
SPY,2026-06-22,2026-06-22 19:00:00+00:00,2026-06-26,4,put,752.0,12.303093840163204,8.56,744.37,3.8,0.0,0.23412391501321841,35141b54-e6d0-40bb-b6db-072fb92e48fa,Robinhood hourly last-trade replay; IV inverted from daily final trade
SPY,2026-06-22,2026-06-22 19:00:00+00:00,2026-06-26,4,put,754.0,11.493973244782541,10.02,744.37,3.8,0.0,0.18333879238428927,dc8ed5e5-ba72-4c8c-931f-c02dedce734a,Robinhood hourly last-trade replay; IV inverted from daily final trade
SPY,2026-06-23,2026-06-23 19:00:00+00:00,2026-06-26,3,call,734.0,20.57443912275135,6.15,735.09,3.8,0.0,0.2643882312356391,1a724242-3a79-426e-bbcd-b186af094eaa,Robinhood hourly last-trade replay; IV inverted from daily final trade
SPY,2026-06-23,2026-06-23 19:00:00+00:00,2026-06-26,3,call,736.0,20.012899162862457,4.99,735.09,3.8,0.0,0.2656339095992733,25e23d55-3c5a-420f-ac15-bbf7f7dcf955,Robinhood hourly last-trade replay; IV inverted from daily final trade
SPY,2026-06-23,2026-06-23 19:00:00+00:00,2026-06-26,3,call,738.0,19.14078982494771,3.87,735.09,3.8,0.0,0.2605503086503817,ecfd938c-71cb-4090-ad3d-e3ed8d816f48,Robinhood hourly last-trade replay; IV inverted from daily final trade
SPY,2026-06-23,2026-06-23 19:00:00+00:00,2026-06-26,3,call,740.0,18.80736811064184,3.02,735.09,3.8,0.0,0.2488614253532695,51794262-ff6b-4a62-a3ba-f5474f1b61ca,Robinhood hourly last-trade replay; IV inverted from daily final trade
SPY,2026-06-23,2026-06-23 19:00:00+00:00,2026-06-26,3,call,742.0,18.22627356175333,2.24,735.09,3.8,0.0,0.22991304424813047,d59befc1-aa25-4e72-88e0-c7c07d4f5ca4,Robinhood hourly last-trade replay; IV inverted from daily final trade
SPY,2026-06-23,2026-06-23 19:00:00+00:00,2026-06-26,3,call,744.0,17.665405072011055,1.6,735.09,3.8,0.0,0.20445532788764031,0b179188-d41d-432a-aecd-230d7c3dd3f2,Robinhood hourly last-trade replay; IV inverted from daily final trade
SPY,2026-06-23,2026-06-23 19:00:00+00:00,2026-06-26,3,call,746.0,17.097745513878763,1.09,735.09,3.8,0.0,0.17372085596721573,bd11b4db-0a99-42e0-b584-324445b953f4,Robinhood hourly last-trade replay; IV inverted from daily final trade
SPY,2026-06-23,2026-06-23 19:00:00+00:00,2026-06-26,3,call,748.0,16.6529249465093,0.72,735.09,3.8,0.0,0.14121083194194045,d01eafb7-7256-4600-800d-b59dbfbe7b73,Robinhood hourly last-trade replay; IV inverted from daily final trade
SPY,2026-06-23,2026-06-23 19:00:00+00:00,2026-06-26,3,call,750.0,16.10898383732885,0.44,735.09,3.8,0.0,0.10742421508502009,8feecbaf-4506-4faa-a30d-b7b50b8d5546,Robinhood hourly last-trade replay; IV inverted from daily final trade
SPY,2026-06-23,2026-06-23 19:00:00+00:00,2026-06-26,3,call,752.0,15.824647428914906,0.27,735.09,3.8,0.0,0.0791940021395618,39f36bf9-ee6f-4f85-ac53-e54c8f6a07fc,Robinhood hourly last-trade replay; IV inverted from daily final trade
SPY,2026-06-23,2026-06-23 19:00:00+00:00,2026-06-26,3,call,754.0,15.408674932643772,0.15,735.09,3.8,0.0,0.05367626522407105,505ee4a8-074b-4ab3-bbc5-3ab8e78f9b3d,Robinhood hourly last-trade replay; IV inverted from daily final trade
SPY,2026-06-23,2026-06-23 19:00:00+00:00,2026-06-26,3,put,734.0,20.571464072288947,4.83,735.09,3.8,0.0,0.264387879953874,6c7720ea-6a85-4c7d-b722-7cf6ff5a9b4b,Robinhood hourly last-trade replay; IV inverted from daily final trade
SPY,2026-06-23,2026-06-23 19:00:00+00:00,2026-06-26,3,put,736.0,20.049935258273035,5.68,735.09,3.8,0.0,0.26563514286930023,1c5ef157-79ed-4854-a4d3-a9ca8c789a25,Robinhood hourly last-trade replay; IV inverted from daily final trade
SPY,2026-06-23,2026-06-23 19:00:00+00:00,2026-06-26,3,put,738.0,21.630996001511814,7.2,735.09,3.8,0.0,0.26179338157931886,474fa19c-a4a9-457a-9da5-70522dd21116,Robinhood hourly last-trade replay; IV inverted from daily final trade
SPY,2026-06-23,2026-06-23 19:00:00+00:00,2026-06-26,3,put,740.0,18.44960863025859,7.61,735.09,3.8,0.0,0.24818796546753005,fdcfe07b-a54d-4e84-a3c5-50477df50944,Robinhood hourly last-trade replay; IV inverted from daily final trade
SPY,2026-06-23,2026-06-23 19:00:00+00:00,2026-06-26,3,put,742.0,18.23371840551496,8.92,735.09,3.8,0.0,0.22994115530714182,c09e62b7-2620-4e7f-8380-eecb972b51c5,Robinhood hourly last-trade replay; IV inverted from daily final trade
SPY,2026-06-23,2026-06-23 19:00:00+00:00,2026-06-26,3,put,744.0,17.332753546070315,10.21,735.09,3.8,0.0,0.20233936388346568,0a5977f5-faa8-4a71-a9b1-be09a9835628,Robinhood hourly last-trade replay; IV inverted from daily final trade
SPY,2026-06-23,2026-06-23 19:00:00+00:00,2026-06-26,3,put,746.0,18.070365830399098,11.94,735.09,3.8,0.0,0.18177594872751335,f9833b18-2de1-4fe2-9e1d-36832d81ac44,Robinhood hourly last-trade replay; IV inverted from daily final trade
SPY,2026-06-23,2026-06-23 19:00:00+00:00,2026-06-26,3,put,748.0,16.958035020790994,13.44,735.09,3.8,0.0,0.14447705384606752,fbe7bbd3-5cb3-4c89-b1ec-1db99cb40995,Robinhood hourly last-trade replay; IV inverted from daily final trade
SPY,2026-06-23,2026-06-23 19:00:00+00:00,2026-06-26,3,put,750.0,23.41538181662559,16.17,735.09,3.8,0.0,0.1740342309238618,8e5b33a9-0856-411d-a03e-056508a37ef9,Robinhood hourly last-trade replay; IV inverted from daily final trade
SPY,2026-06-23,2026-06-23 19:00:00+00:00,2026-06-26,3,put,752.0,18.86547588918358,17.24,735.09,3.8,0.0,0.11376808577534117,35141b54-e6d0-40bb-b6db-072fb92e48fa,Robinhood hourly last-trade replay; IV inverted from daily final trade
SPY,2026-06-23,2026-06-23 19:00:00+00:00,2026-06-26,3,put,754.0,26.091952157560737,19.98,735.09,3.8,0.0,0.15340649954381008,dc8ed5e5-ba72-4c8c-931f-c02dedce734a,Robinhood hourly last-trade replay; IV inverted from daily final trade
SPY,2026-06-24,2026-06-24 19:00:00+00:00,2026-06-26,2,call,734.0,20.81266481008381,4.13,733.07,3.8,0.0,0.21607975567011464,1a724242-3a79-426e-bbcd-b186af094eaa,Robinhood hourly last-trade replay; IV inverted from daily final trade
SPY,2026-06-24,2026-06-24 19:00:00+00:00,2026-06-26,2,call,736.0,20.047085468191657,3.1,733.07,3.8,0.0,0.209960817159903,25e23d55-3c5a-420f-ac15-bbf7f7dcf955,Robinhood hourly last-trade replay; IV inverted from daily final trade
SPY,2026-06-24,2026-06-24 19:00:00+00:00,2026-06-26,2,call,738.0,19.711064484566453,2.31,733.07,3.8,0.0,0.19669900613667368,ecfd938c-71cb-4090-ad3d-e3ed8d816f48,Robinhood hourly last-trade replay; IV inverted from daily final trade
SPY,2026-06-24,2026-06-24 19:00:00+00:00,2026-06-26,2,call,740.0,19.010615884289145,1.6,733.07,3.8,0.0,0.17562424168344193,51794262-ff6b-4a62-a3ba-f5474f1b61ca,Robinhood hourly last-trade replay; IV inverted from daily final trade
SPY,2026-06-24,2026-06-24 19:00:00+00:00,2026-06-26,2,call,742.0,18.34398851819337,1.05,733.07,3.8,0.0,0.14833058838171412,d59befc1-aa25-4e72-88e0-c7c07d4f5ca4,Robinhood hourly last-trade replay; IV inverted from daily final trade
SPY,2026-06-24,2026-06-24 19:00:00+00:00,2026-06-26,2,call,744.0,18.069358159527184,0.69,733.07,3.8,0.0,0.12026946150863195,0b179188-d41d-432a-aecd-230d7c3dd3f2,Robinhood hourly last-trade replay; IV inverted from daily final trade
SPY,2026-06-24,2026-06-24 19:00:00+00:00,2026-06-26,2,call,746.0,17.32223074276,0.39,733.07,3.8,0.0,0.08810020644044034,bd11b4db-0a99-42e0-b584-324445b953f4,Robinhood hourly last-trade replay; IV inverted from daily final trade
SPY,2026-06-24,2026-06-24 19:00:00+00:00,2026-06-26,2,call,748.0,16.602461310774093,0.2,733.07,3.8,0.0,0.05852358105310741,d01eafb7-7256-4600-800d-b59dbfbe7b73,Robinhood hourly last-trade replay; IV inverted from daily final trade
SPY,2026-06-24,2026-06-24 19:00:00+00:00,2026-06-26,2,call,750.0,16.669630676731465,0.12,733.07,3.8,0.0,0.04077308793102635,8feecbaf-4506-4faa-a30d-b7b50b8d5546,Robinhood hourly last-trade replay; IV inverted from daily final trade
SPY,2026-06-24,2026-06-24 19:00:00+00:00,2026-06-26,2,call,752.0,16.356008484363556,0.06,733.07,3.8,0.0,0.02475598265817867,39f36bf9-ee6f-4f85-ac53-e54c8f6a07fc,Robinhood hourly last-trade replay; IV inverted from daily final trade
SPY,2026-06-24,2026-06-24 19:00:00+00:00,2026-06-26,2,call,754.0,16.82881287276745,0.04,733.07,3.8,0.0,0.017737784798628628,505ee4a8-074b-4ab3-bbc5-3ab8e78f9b3d,Robinhood hourly last-trade replay; IV inverted from daily final trade
SPY,2026-06-24,2026-06-24 19:00:00+00:00,2026-06-26,2,put,734.0,21.84372724326327,5.13,733.07,3.8,0.0,0.21612621860886158,6c7720ea-6a85-4c7d-b722-7cf6ff5a9b4b,Robinhood hourly last-trade replay; IV inverted from daily final trade
SPY,2026-06-24,2026-06-24 19:00:00+00:00,2026-06-26,2,put,736.0,21.25097649415955,6.13,733.07,3.8,0.0,0.21071163463657622,1c5ef157-79ed-4854-a4d3-a9ca8c789a25,Robinhood hourly last-trade replay; IV inverted from daily final trade
SPY,2026-06-24,2026-06-24 19:00:00+00:00,2026-06-26,2,put,738.0,20.791661112140865,7.3,733.07,3.8,0.0,0.19868104840922998,474fa19c-a4a9-457a-9da5-70522dd21116,Robinhood hourly last-trade replay; IV inverted from daily final trade
SPY,2026-06-24,2026-06-24 19:00:00+00:00,2026-06-26,2,put,740.0,20.821749680098147,8.7,733.07,3.8,0.0,0.18198209209112953,fdcfe07b-a54d-4e84-a3c5-50477df50944,Robinhood hourly last-trade replay; IV inverted from daily final trade
SPY,2026-06-24,2026-06-24 19:00:00+00:00,2026-06-26,2,put,742.0,20.819599299281837,10.21,733.07,3.8,0.0,0.16163289582197557,c09e62b7-2620-4e7f-8380-eecb972b51c5,Robinhood hourly last-trade replay; IV inverted from daily final trade
SPY,2026-06-24,2026-06-24 19:00:00+00:00,2026-06-26,2,put,744.0,20.21395185310393,11.74,733.07,3.8,0.0,0.13554379364271457,0a5977f5-faa8-4a71-a9b1-be09a9835628,Robinhood hourly last-trade replay; IV inverted from daily final trade
SPY,2026-06-24,2026-06-24 19:00:00+00:00,2026-06-26,2,put,746.0,22.104690716490147,13.68,733.07,3.8,0.0,0.12505161799471826,f9833b18-2de1-4fe2-9e1d-36832d81ac44,Robinhood hourly last-trade replay; IV inverted from daily final trade
SPY,2026-06-24,2026-06-24 19:00:00+00:00,2026-06-26,2,put,748.0,23.421303047128013,15.57,733.07,3.8,0.0,0.11274814591278566,fbe7bbd3-5cb3-4c89-b1ec-1db99cb40995,Robinhood hourly last-trade replay; IV inverted from daily final trade
SPY,2026-06-24,2026-06-24 19:00:00+00:00,2026-06-26,2,put,750.0,23.707814981564873,17.38,733.07,3.8,0.0,0.09537582273394365,8e5b33a9-0856-411d-a03e-056508a37ef9,Robinhood hourly last-trade replay; IV inverted from daily final trade
SPY,2026-06-24,2026-06-24 19:00:00+00:00,2026-06-26,2,put,752.0,27.396817951500417,19.54,733.07,3.8,0.0,0.10075997809050218,35141b54-e6d0-40bb-b6db-072fb92e48fa,Robinhood hourly last-trade replay; IV inverted from daily final trade
SPY,2026-06-24,2026-06-24 19:00:00+00:00,2026-06-26,2,put,754.0,29.45185559481382,21.54,733.07,3.8,0.0,0.09654696014618715,dc8ed5e5-ba72-4c8c-931f-c02dedce734a,Robinhood hourly last-trade replay; IV inverted from daily final trade
SPY,2026-06-25,2026-06-25 19:00:00+00:00,2026-06-26,1,call,734.0,18.869816696885973,2.1,732.18,3.8,0.0,0.14869612676463947,1a724242-3a79-426e-bbcd-b186af094eaa,Robinhood hourly last-trade replay; IV inverted from daily final trade
SPY,2026-06-25,2026-06-25 19:00:00+00:00,2026-06-26,1,call,736.0,18.28676920361817,1.32,732.18,3.8,0.0,0.13299819789186906,25e23d55-3c5a-420f-ac15-bbf7f7dcf955,Robinhood hourly last-trade replay; IV inverted from daily final trade
SPY,2026-06-25,2026-06-25 19:00:00+00:00,2026-06-26,1,call,738.0,18.180051084198055,0.81,732.18,3.8,0.0,0.10956635154586487,ecfd938c-71cb-4090-ad3d-e3ed8d816f48,Robinhood hourly last-trade replay; IV inverted from daily final trade
SPY,2026-06-25,2026-06-25 19:00:00+00:00,2026-06-26,1,call,740.0,17.625074023231868,0.43,732.18,3.8,0.0,0.08022485444771578,51794262-ff6b-4a62-a3ba-f5474f1b61ca,Robinhood hourly last-trade replay; IV inverted from daily final trade
SPY,2026-06-25,2026-06-25 19:00:00+00:00,2026-06-26,1,call,742.0,17.02694219991565,0.2,732.18,3.8,0.0,0.05123283575046506,d59befc1-aa25-4e72-88e0-c7c07d4f5ca4,Robinhood hourly last-trade replay; IV inverted from daily final trade
SPY,2026-06-25,2026-06-25 19:00:00+00:00,2026-06-26,1,call,744.0,17.107865062579506,0.1,732.18,3.8,0.0,0.031790970361262806,0b179188-d41d-432a-aecd-230d7c3dd3f2,Robinhood hourly last-trade replay; IV inverted from daily final trade
SPY,2026-06-25,2026-06-25 19:00:00+00:00,2026-06-26,1,call,746.0,17.344002766460182,0.05,732.18,3.8,0.0,0.018939014886233948,bd11b4db-0a99-42e0-b584-324445b953f4,Robinhood hourly last-trade replay; IV inverted from daily final trade
SPY,2026-06-25,2026-06-25 19:00:00+00:00,2026-06-26,1,call,748.0,18.092987203299998,0.03,732.18,3.8,0.0,0.012398472953270935,d01eafb7-7256-4600-800d-b59dbfbe7b73,Robinhood hourly last-trade replay; IV inverted from daily final trade
SPY,2026-06-25,2026-06-25 19:00:00+00:00,2026-06-26,1,call,750.0,20.04467245966196,0.03,732.18,3.8,0.0,0.0114484914363067,8feecbaf-4506-4faa-a30d-b7b50b8d5546,Robinhood hourly last-trade replay; IV inverted from daily final trade
SPY,2026-06-25,2026-06-25 19:00:00+00:00,2026-06-26,1,call,752.0,20.895437242388724,0.02,732.18,3.8,0.0,0.008038370448904665,39f36bf9-ee6f-4f85-ac53-e54c8f6a07fc,Robinhood hourly last-trade replay; IV inverted from daily final trade
SPY,2026-06-25,2026-06-25 19:00:00+00:00,2026-06-26,1,call,754.0,21.046323382854457,0.01,732.18,3.8,0.0,0.004556037585888163,505ee4a8-074b-4ab3-bbc5-3ab8e78f9b3d,Robinhood hourly last-trade replay; IV inverted from daily final trade
SPY,2026-06-25,2026-06-25 19:00:00+00:00,2026-06-26,1,put,734.0,19.450452112928033,3.93,732.18,3.8,0.0,0.1489498116198362,6c7720ea-6a85-4c7d-b722-7cf6ff5a9b4b,Robinhood hourly last-trade replay; IV inverted from daily final trade
SPY,2026-06-25,2026-06-25 19:00:00+00:00,2026-06-26,1,put,736.0,18.110739719159902,5.04,732.18,3.8,0.0,0.1326300185362415,1c5ef157-79ed-4854-a4d3-a9ca8c789a25,Robinhood hourly last-trade replay; IV inverted from daily final trade
SPY,2026-06-25,2026-06-25 19:00:00+00:00,2026-06-26,1,put,738.0,6.256173625588418,5.75,732.18,3.8,0.0,0.008909229090471846,474fa19c-a4a9-457a-9da5-70522dd21116,Robinhood hourly last-trade replay; IV inverted from daily final trade
SPY,2026-06-25,2026-06-25 19:00:00+00:00,2026-06-26,1,put,740.0,11.018601251393555,7.8,732.18,3.8,0.0,0.029122361737802548,fdcfe07b-a54d-4e84-a3c5-50477df50944,Robinhood hourly last-trade replay; IV inverted from daily final trade
SPY,2026-06-25,2026-06-25 19:00:00+00:00,2026-06-26,1,put,742.0,16.972982449159026,9.94,732.18,3.8,0.0,0.05087521222703756,c09e62b7-2620-4e7f-8380-eecb972b51c5,Robinhood hourly last-trade replay; IV inverted from daily final trade
SPY,2026-06-25,2026-06-25 19:00:00+00:00,2026-06-26,1,put,746.0,29.540962756574153,14.38,732.18,3.8,0.0,0.07487882385210058,f9833b18-2de1-4fe2-9e1d-36832d81ac44,Robinhood hourly last-trade replay; IV inverted from daily final trade
SPY,2026-06-25,2026-06-25 19:00:00+00:00,2026-06-26,1,put,748.0,25.61254389286041,15.98,732.18,3.8,0.0,0.04387876893953851,fbe7bbd3-5cb3-4c89-b1ec-1db99cb40995,Robinhood hourly last-trade replay; IV inverted from daily final trade
SPY,2026-06-25,2026-06-25 19:00:00+00:00,2026-06-26,1,put,750.0,35.28803197026254,18.37,732.18,3.8,0.0,0.06678691514834816,8e5b33a9-0856-411d-a03e-056508a37ef9,Robinhood hourly last-trade replay; IV inverted from daily final trade
SPY,2026-06-25,2026-06-25 19:00:00+00:00,2026-06-26,1,put,752.0,41.075620356127615,20.57,732.18,3.8,0.0,0.0720447768291266,35141b54-e6d0-40bb-b6db-072fb92e48fa,Robinhood hourly last-trade replay; IV inverted from daily final trade
SPY,2026-06-25,2026-06-25 19:00:00+00:00,2026-06-26,1,put,754.0,32.45655504971743,21.96,732.18,3.8,0.0,0.035195051342101706,dc8ed5e5-ba72-4c8c-931f-c02dedce734a,Robinhood hourly last-trade replay; IV inverted from daily final trade
SPY,2026-06-26,2026-06-26 19:00:00+00:00,2026-06-26,1,call,734.0,6.2866533412039285,0.02,729.09,3.8,0.0,0.020340559264708135,1a724242-3a79-426e-bbcd-b186af094eaa,Robinhood hourly last-trade replay; IV inverted from daily final trade
SPY,2026-06-26,2026-06-26 19:00:00+00:00,2026-06-26,1,call,736.0,8.423831992745399,0.02,729.09,3.8,0.0,0.016313018629370835,25e23d55-3c5a-420f-ac15-bbf7f7dcf955,Robinhood hourly last-trade replay; IV inverted from daily final trade
SPY,2026-06-26,2026-06-26 19:00:00+00:00,2026-06-26,1,call,738.0,10.485455817580224,0.02,729.09,3.8,0.0,0.0137941843106741,ecfd938c-71cb-4090-ad3d-e3ed8d816f48,Robinhood hourly last-trade replay; IV inverted from daily final trade
SPY,2026-06-26,2026-06-26 19:00:00+00:00,2026-06-26,1,call,740.0,12.491499422788621,0.02,729.09,3.8,0.0,0.012045071381304819,51794262-ff6b-4a62-a3ba-f5474f1b61ca,Robinhood hourly last-trade replay; IV inverted from daily final trade
SPY,2026-06-26,2026-06-26 19:00:00+00:00,2026-06-26,1,call,742.0,14.453585481643676,0.02,729.09,3.8,0.0,0.0107478753721191,d59befc1-aa25-4e72-88e0-c7c07d4f5ca4,Robinhood hourly last-trade replay; IV inverted from daily final trade
SPY,2026-06-26,2026-06-26 19:00:00+00:00,2026-06-26,1,call,744.0,16.37931343436241,0.02,729.09,3.8,0.0,0.009741352074427428,0b179188-d41d-432a-aecd-230d7c3dd3f2,Robinhood hourly last-trade replay; IV inverted from daily final trade
SPY,2026-06-26,2026-06-26 19:00:00+00:00,2026-06-26,1,call,746.0,16.869611436128622,0.01,729.09,3.8,0.0,0.005452730562339593,bd11b4db-0a99-42e0-b584-324445b953f4,Robinhood hourly last-trade replay; IV inverted from daily final trade
SPY,2026-06-26,2026-06-26 19:00:00+00:00,2026-06-26,1,call,748.0,18.62192314326763,0.01,729.09,3.8,0.0,0.005031255510376016,d01eafb7-7256-4600-800d-b59dbfbe7b73,Robinhood hourly last-trade replay; IV inverted from daily final trade
SPY,2026-06-26,2026-06-26 19:00:00+00:00,2026-06-26,1,call,750.0,20.353194831609727,0.01,729.09,3.8,0.0,0.0046790338354166395,8feecbaf-4506-4faa-a30d-b7b50b8d5546,Robinhood hourly last-trade replay; IV inverted from daily final trade
SPY,2026-06-26,2026-06-26 19:00:00+00:00,2026-06-26,1,call,752.0,22.065363613367083,0.01,729.09,3.8,0.0,0.004379624099493706,39f36bf9-ee6f-4f85-ac53-e54c8f6a07fc,Robinhood hourly last-trade replay; IV inverted from daily final trade
SPY,2026-06-26,2026-06-26 19:00:00+00:00,2026-06-26,1,call,754.0,23.76006858348846,0.01,729.09,3.8,0.0,0.004121588350807923,505ee4a8-074b-4ab3-bbc5-3ab8e78f9b3d,Robinhood hourly last-trade replay; IV inverted from daily final trade
SPY,2026-06-29,2026-06-29 19:00:00+00:00,2026-07-02,3,call,732.0,18.19877681268379,10.87,741.095,3.8,0.0,0.19841242336094436,b1e6b23d-6b55-49a6-a837-9b67a3fc1272,Robinhood hourly last-trade replay; IV inverted from daily final trade
SPY,2026-06-29,2026-06-29 19:00:00+00:00,2026-07-02,3,call,734.0,17.566552745737134,9.23,741.095,3.8,0.0,0.21956867839953226,0428302b-7b16-4cf8-ab6c-05ebb3e868f6,Robinhood hourly last-trade replay; IV inverted from daily final trade
SPY,2026-06-29,2026-06-29 19:00:00+00:00,2026-07-02,3,call,736.0,16.577952650422233,7.59,741.095,3.8,0.0,0.2380306062369118,680a13b2-6e3b-4df6-9ca4-6a6785721f3c,Robinhood hourly last-trade replay; IV inverted from daily final trade
SPY,2026-06-29,2026-06-29 19:00:00+00:00,2026-07-02,3,call,738.0,16.095230340622365,6.17,741.095,3.8,0.0,0.25502502578162684,962daf79-c5ff-40b3-9599-e31189ee4790,Robinhood hourly last-trade replay; IV inverted from daily final trade
SPY,2026-06-29,2026-06-29 19:00:00+00:00,2026-07-02,3,call,740.0,15.471553315659985,4.84,741.095,3.8,0.0,0.26561850310917484,62407b17-2f0e-42bb-8687-c9695f90c999,Robinhood hourly last-trade replay; IV inverted from daily final trade
SPY,2026-06-29,2026-06-29 19:00:00+00:00,2026-07-02,3,call,742.0,16.028781803920864,3.97,741.095,3.8,0.0,0.26763067646289324,aca6747c-852b-4452-8051-e44350f0503d,Robinhood hourly last-trade replay; IV inverted from daily final trade
SPY,2026-06-29,2026-06-29 19:00:00+00:00,2026-07-02,3,call,744.0,14.452451153434811,2.69,741.095,3.8,0.0,0.2585705054828538,8dbbde9e-0867-4465-a909-cb7d54141408,Robinhood hourly last-trade replay; IV inverted from daily final trade
SPY,2026-06-29,2026-06-29 19:00:00+00:00,2026-07-02,3,call,746.0,13.91348926081322,1.86,741.095,3.8,0.0,0.23749486317259166,5b8f4803-9eed-4f71-a76a-db709f6242c1,Robinhood hourly last-trade replay; IV inverted from daily final trade
SPY,2026-06-29,2026-06-29 19:00:00+00:00,2026-07-02,3,call,748.0,14.018427192736418,1.34,741.095,3.8,0.0,0.20997186076145294,03497011-128c-4135-bcf1-bbd348168b16,Robinhood hourly last-trade replay; IV inverted from daily final trade
SPY,2026-06-29,2026-06-29 19:00:00+00:00,2026-07-02,3,call,750.0,13.29677745807916,0.8,741.095,3.8,0.0,0.16925147455372044,945af1ae-6c85-4dce-841a-723cdd4cd224,Robinhood hourly last-trade replay; IV inverted from daily final trade
SPY,2026-06-29,2026-06-29 19:00:00+00:00,2026-07-02,3,call,752.0,12.599728117212655,0.43,741.095,3.8,0.0,0.12337131333388561,c3f7d262-ee7e-4817-b220-f1a22dd10c78,Robinhood hourly last-trade replay; IV inverted from daily final trade
SPY,2026-06-29,2026-06-29 19:00:00+00:00,2026-07-02,3,put,732.0,18.06537590384484,1.52,741.095,3.8,0.0,0.1975484848892869,cc8181c8-da13-47a2-8e4c-b63a39417efc,Robinhood hourly last-trade replay; IV inverted from daily final trade
SPY,2026-06-29,2026-06-29 19:00:00+00:00,2026-07-02,3,put,734.0,17.6766962010786,1.93,741.095,3.8,0.0,0.2200996953799222,014d66a6-38c8-4fd4-9353-5ad09bb8930a,Robinhood hourly last-trade replay; IV inverted from daily final trade
SPY,2026-06-29,2026-06-29 19:00:00+00:00,2026-07-02,3,put,736.0,17.225638691168275,2.42,741.095,3.8,0.0,0.24006022364463017,3c0c4892-c42b-4320-b8d7-993a7acf27ef,Robinhood hourly last-trade replay; IV inverted from daily final trade
SPY,2026-06-29,2026-06-29 19:00:00+00:00,2026-07-02,3,put,738.0,16.664694765806196,2.99,741.095,3.8,0.0,0.25583951479307987,596cd98d-c69e-4c5e-abce-4d29f6e407e4,Robinhood hourly last-trade replay; IV inverted from daily final trade
SPY,2026-06-29,2026-06-29 19:00:00+00:00,2026-07-02,3,put,740.0,15.682686905488373,3.57,741.095,3.8,0.0,0.2656762380370849,7d3515ae-b9a9-4eae-9a8b-3daddc78f77f,Robinhood hourly last-trade replay; IV inverted from daily final trade
SPY,2026-06-29,2026-06-29 19:00:00+00:00,2026-07-02,3,put,742.0,15.792300448883324,4.58,741.095,3.8,0.0,0.26761511652451103,00240b1f-8025-4fe7-a156-eddce283a645,Robinhood hourly last-trade replay; IV inverted from daily final trade
SPY,2026-06-29,2026-06-29 19:00:00+00:00,2026-07-02,3,put,744.0,14.519486411623653,5.38,741.095,3.8,0.0,0.2586603763727927,81d9b8ba-6ae9-47aa-886e-14fab5398988,Robinhood hourly last-trade replay; IV inverted from daily final trade
SPY,2026-06-29,2026-06-29 19:00:00+00:00,2026-07-02,3,put,746.0,14.865735906511546,6.76,741.095,3.8,0.0,0.24117768036033818,326a632e-08ae-4fe3-a9c2-01b4ec8248d0,Robinhood hourly last-trade replay; IV inverted from daily final trade
SPY,2026-06-29,2026-06-29 19:00:00+00:00,2026-07-02,3,put,748.0,14.43728114342317,8.1,741.095,3.8,0.0,0.21297801680555548,6a06bc95-991a-4fbb-96cd-a7075197664a,Robinhood hourly last-trade replay; IV inverted from daily final trade
SPY,2026-06-29,2026-06-29 19:00:00+00:00,2026-07-02,3,put,750.0,14.486242585889993,9.68,741.095,3.8,0.0,0.18212537056464057,b7f45160-287b-430f-9335-b84e4ed143d4,Robinhood hourly last-trade replay; IV inverted from daily final trade
SPY,2026-06-29,2026-06-29 19:00:00+00:00,2026-07-02,3,put,752.0,15.08628544490784,11.45,741.095,3.8,0.0,0.15634293379829736,3a71ccba-3d14-4396-a238-9f420cd01e4a,Robinhood hourly last-trade replay; IV inverted from daily final trade
SPY,2026-06-30,2026-06-30 19:00:00+00:00,2026-07-02,2,call,732.0,27.517649982254948,15.83,746.33,3.8,0.0,0.13739522285886172,b1e6b23d-6b55-49a6-a837-9b67a3fc1272,Robinhood hourly last-trade replay; IV inverted from daily final trade
SPY,2026-06-30,2026-06-30 19:00:00+00:00,2026-07-02,2,call,734.0,30.708965984899553,14.72,746.33,3.8,0.0,0.16594514532619636,0428302b-7b16-4cf8-ab6c-05ebb3e868f6,Robinhood hourly last-trade replay; IV inverted from daily final trade
SPY,2026-06-30,2026-06-30 19:00:00+00:00,2026-07-02,2,call,736.0,25.136381222419438,12.26,746.33,3.8,0.0,0.1639115144643865,680a13b2-6e3b-4df6-9ca4-6a6785721f3c,Robinhood hourly last-trade replay; IV inverted from daily final trade
SPY,2026-06-30,2026-06-30 19:00:00+00:00,2026-07-02,2,call,738.0,24.424420774038882,10.63,746.33,3.8,0.0,0.17942656900730838,962daf79-c5ff-40b3-9599-e31189ee4790,Robinhood hourly last-trade replay; IV inverted from daily final trade
SPY,2026-06-30,2026-06-30 19:00:00+00:00,2026-07-02,2,call,740.0,20.260715418253096,8.42,746.33,3.8,0.0,0.18526599310204672,62407b17-2f0e-42bb-8687-c9695f90c999,Robinhood hourly last-trade replay; IV inverted from daily final trade
SPY,2026-06-30,2026-06-30 19:00:00+00:00,2026-07-02,2,call,742.0,17.21330915819854,6.44,746.33,3.8,0.0,0.1964766279234683,aca6747c-852b-4452-8051-e44350f0503d,Robinhood hourly last-trade replay; IV inverted from daily final trade
SPY,2026-06-30,2026-06-30 19:00:00+00:00,2026-07-02,2,call,744.0,19.607145864814523,5.67,746.33,3.8,0.0,0.2142932163320008,8dbbde9e-0867-4465-a909-cb7d54141408,Robinhood hourly last-trade replay; IV inverted from daily final trade
SPY,2026-06-30,2026-06-30 19:00:00+00:00,2026-07-02,2,call,746.0,16.303678515516218,3.84,746.33,3.8,0.0,0.22000347480871002,5b8f4803-9eed-4f71-a76a-db709f6242c1,Robinhood hourly last-trade replay; IV inverted from daily final trade
SPY,2026-06-30,2026-06-30 19:00:00+00:00,2026-07-02,2,call,748.0,15.243443917464461,2.66,746.33,3.8,0.0,0.21708811089119906,03497011-128c-4135-bcf1-bbd348168b16,Robinhood hourly last-trade replay; IV inverted from daily final trade
SPY,2026-06-30,2026-06-30 19:00:00+00:00,2026-07-02,2,call,750.0,13.150305698327717,1.48,746.33,3.8,0.0,0.19663645216220854,945af1ae-6c85-4dce-841a-723cdd4cd224,Robinhood hourly last-trade replay; IV inverted from daily final trade
SPY,2026-06-30,2026-06-30 19:00:00+00:00,2026-07-02,2,call,752.0,14.288945844471453,1.14,746.33,3.8,0.0,0.1736415633892538,c3f7d262-ee7e-4817-b220-f1a22dd10c78,Robinhood hourly last-trade replay; IV inverted from daily final trade
SPY,2026-06-30,2026-06-30 19:00:00+00:00,2026-07-02,2,put,732.0,17.885189078561964,0.3,746.33,3.8,0.0,0.07298457182171718,cc8181c8-da13-47a2-8e4c-b63a39417efc,Robinhood hourly last-trade replay; IV inverted from daily final trade
SPY,2026-06-30,2026-06-30 19:00:00+00:00,2026-07-02,2,put,734.0,17.012514439150692,0.39,746.33,3.8,0.0,0.0891235479218837,014d66a6-38c8-4fd4-9353-5ad09bb8930a,Robinhood hourly last-trade replay; IV inverted from daily final trade
SPY,2026-06-30,2026-06-30 19:00:00+00:00,2026-07-02,2,put,736.0,16.110384518466887,0.51,746.33,3.8,0.0,0.10829002429687719,3c0c4892-c42b-4320-b8d7-993a7acf27ef,Robinhood hourly last-trade replay; IV inverted from daily final trade
SPY,2026-06-30,2026-06-30 19:00:00+00:00,2026-07-02,2,put,738.0,15.164662122577429,0.67,746.33,3.8,0.0,0.1304655111738245,596cd98d-c69e-4c5e-abce-4d29f6e407e4,Robinhood hourly last-trade replay; IV inverted from daily final trade
SPY,2026-06-30,2026-06-30 19:00:00+00:00,2026-07-02,2,put,740.0,13.940816046912222,0.85,746.33,3.8,0.0,0.15347885093000252,7d3515ae-b9a9-4eae-9a8b-3daddc78f77f,Robinhood hourly last-trade replay; IV inverted from daily final trade
SPY,2026-06-30,2026-06-30 19:00:00+00:00,2026-07-02,2,put,742.0,13.23759774869308,1.2,746.33,3.8,0.0,0.1818658830253456,00240b1f-8025-4fe7-a156-eddce283a645,Robinhood hourly last-trade replay; IV inverted from daily final trade
SPY,2026-06-30,2026-06-30 19:00:00+00:00,2026-07-02,2,put,744.0,11.795568577963856,1.54,746.33,3.8,0.0,0.20455087830905402,81d9b8ba-6ae9-47aa-886e-14fab5398988,Robinhood hourly last-trade replay; IV inverted from daily final trade
SPY,2026-06-30,2026-06-30 19:00:00+00:00,2026-07-02,2,put,746.0,11.916508639976382,2.39,746.33,3.8,0.0,0.21972689831854392,326a632e-08ae-4fe3-a9c2-01b4ec8248d0,Robinhood hourly last-trade replay; IV inverted from daily final trade
SPY,2026-06-30,2026-06-30 19:00:00+00:00,2026-07-02,2,put,748.0,8.791229537688196,2.79,746.33,3.8,0.0,0.21017516697678612,6a06bc95-991a-4fbb-96cd-a7075197664a,Robinhood hourly last-trade replay; IV inverted from daily final trade
SPY,2026-06-30,2026-06-30 19:00:00+00:00,2026-07-02,2,put,750.0,7.009971041232349,3.9,746.33,3.8,0.0,0.14665540293962923,b7f45160-287b-430f-9335-b84e4ed143d4,Robinhood hourly last-trade replay; IV inverted from daily final trade
SPY,2026-06-30,2026-06-30 19:00:00+00:00,2026-07-02,2,put,752.0,7.006532667055728,5.65,746.33,3.8,0.0,0.08081472357234508,3a71ccba-3d14-4396-a238-9f420cd01e4a,Robinhood hourly last-trade replay; IV inverted from daily final trade
SPY,2026-07-01,2026-07-01 19:00:00+00:00,2026-07-02,1,call,732.0,21.239475821703675,15.3,747.12,3.8,0.0,0.02797453724973176,b1e6b23d-6b55-49a6-a837-9b67a3fc1272,Robinhood hourly last-trade replay; IV inverted from daily final trade
SPY,2026-07-01,2026-07-01 19:00:00+00:00,2026-07-02,1,call,742.0,5.096439445018768,5.2,747.12,3.8,0.0,0.005065756653981737,aca6747c-852b-4452-8051-e44350f0503d,Robinhood hourly last-trade replay; IV inverted from daily final trade
SPY,2026-07-01,2026-07-01 19:00:00+00:00,2026-07-02,1,call,744.0,11.37418054923415,3.81,747.12,3.8,0.0,0.12009580051753753,8dbbde9e-0867-4465-a909-cb7d54141408,Robinhood hourly last-trade replay; IV inverted from daily final trade
SPY,2026-07-01,2026-07-01 19:00:00+00:00,2026-07-02,1,call,746.0,11.53450452391058,2.46,747.12,3.8,0.0,0.15047710108039516,5b8f4803-9eed-4f71-a76a-db709f6242c1,Robinhood hourly last-trade replay; IV inverted from daily final trade
SPY,2026-07-01,2026-07-01 19:00:00+00:00,2026-07-02,1,call,748.0,11.614147774949673,1.44,747.12,3.8,0.0,0.15368067536597663,03497011-128c-4135-bcf1-bbd348168b16,Robinhood hourly last-trade replay; IV inverted from daily final trade
SPY,2026-07-01,2026-07-01 19:00:00+00:00,2026-07-02,1,call,750.0,11.08319276802242,0.68,747.12,3.8,0.0,0.12692692261832958,945af1ae-6c85-4dce-841a-723cdd4cd224,Robinhood hourly last-trade replay; IV inverted from daily final trade
SPY,2026-07-01,2026-07-01 19:00:00+00:00,2026-07-02,1,call,752.0,11.01448488794267,0.29,747.12,3.8,0.0,0.08441360334685752,c3f7d262-ee7e-4817-b220-f1a22dd10c78,Robinhood hourly last-trade replay; IV inverted from daily final trade
SPY,2026-07-01,2026-07-01 19:00:00+00:00,2026-07-02,1,put,732.0,21.457430747300382,0.11,747.12,3.8,0.0,0.02895732541229769,cc8181c8-da13-47a2-8e4c-b63a39417efc,Robinhood hourly last-trade replay; IV inverted from daily final trade
SPY,2026-07-01,2026-07-01 19:00:00+00:00,2026-07-02,1,put,734.0,20.50591750346124,0.16,747.12,3.8,0.0,0.038963921644843684,014d66a6-38c8-4fd4-9353-5ad09bb8930a,Robinhood hourly last-trade replay; IV inverted from daily final trade
SPY,2026-07-01,2026-07-01 19:00:00+00:00,2026-07-02,1,put,736.0,19.45293683186173,0.23,747.12,3.8,0.0,0.051560690437404376,3c0c4892-c42b-4320-b8d7-993a7acf27ef,Robinhood hourly last-trade replay; IV inverted from daily final trade
SPY,2026-07-01,2026-07-01 19:00:00+00:00,2026-07-02,1,put,738.0,18.468556009083986,0.34,747.12,3.8,0.0,0.068228649383903,596cd98d-c69e-4c5e-abce-4d29f6e407e4,Robinhood hourly last-trade replay; IV inverted from daily final trade
SPY,2026-07-01,2026-07-01 19:00:00+00:00,2026-07-02,1,put,740.0,17.514630688019096,0.51,747.12,3.8,0.0,0.08891191556151382,7d3515ae-b9a9-4eae-9a8b-3daddc78f77f,Robinhood hourly last-trade replay; IV inverted from daily final trade
SPY,2026-07-01,2026-07-01 19:00:00+00:00,2026-07-02,1,put,742.0,17.014600559994577,0.82,747.12,3.8,0.0,0.11434587668555793,00240b1f-8025-4fe7-a156-eddce283a645,Robinhood hourly last-trade replay; IV inverted from daily final trade
SPY,2026-07-01,2026-07-01 19:00:00+00:00,2026-07-02,1,put,744.0,15.987051936611534,1.21,747.12,3.8,0.0,0.13651367750444832,81d9b8ba-6ae9-47aa-886e-14fab5398988,Robinhood hourly last-trade replay; IV inverted from daily final trade
SPY,2026-07-01,2026-07-01 19:00:00+00:00,2026-07-02,1,put,746.0,15.470751928612591,1.86,747.12,3.8,0.0,0.1528546818610198,326a632e-08ae-4fe3-a9c2-01b4ec8248d0,Robinhood hourly last-trade replay; IV inverted from daily final trade
SPY,2026-07-01,2026-07-01 19:00:00+00:00,2026-07-02,1,put,748.0,15.747835341878236,2.88,747.12,3.8,0.0,0.15477589155459703,6a06bc95-991a-4fbb-96cd-a7075197664a,Robinhood hourly last-trade replay; IV inverted from daily final trade
SPY,2026-07-01,2026-07-01 19:00:00+00:00,2026-07-02,1,put,750.0,15.663170499950649,4.1,747.12,3.8,0.0,0.14082994798732162,b7f45160-287b-430f-9335-b84e4ed143d4,Robinhood hourly last-trade replay; IV inverted from daily final trade
SPY,2026-07-01,2026-07-01 19:00:00+00:00,2026-07-02,1,put,752.0,16.221913754083218,5.63,747.12,3.8,0.0,0.11774060145862096,3a71ccba-3d14-4396-a238-9f420cd01e4a,Robinhood hourly last-trade replay; IV inverted from daily final trade
SPY,2026-07-02,2026-07-02 19:00:00+00:00,2026-07-02,1,call,746.0,2.0651195980608463,0.03,744.8,3.8,0.0,0.05898656172882737,5b8f4803-9eed-4f71-a76a-db709f6242c1,Robinhood hourly last-trade replay; IV inverted from daily final trade
SPY,2026-07-02,2026-07-02 19:00:00+00:00,2026-07-02,1,call,748.0,3.8276905494928357,0.01,744.8,3.8,0.0,0.017623190630672893,03497011-128c-4135-bcf1-bbd348168b16,Robinhood hourly last-trade replay; IV inverted from daily final trade
SPY,2026-07-02,2026-07-02 19:00:00+00:00,2026-07-02,1,call,750.0,5.847949578166007,0.01,744.8,3.8,0.0,0.012727434763041705,945af1ae-6c85-4dce-841a-723cdd4cd224,Robinhood hourly last-trade replay; IV inverted from daily final trade
SPY,2026-07-02,2026-07-02 19:00:00+00:00,2026-07-02,1,call,752.0,7.779146147668362,0.01,744.8,3.8,0.0,0.010179505080667612,c3f7d262-ee7e-4817-b220-f1a22dd10c78,Robinhood hourly last-trade replay; IV inverted from daily final trade
SPY,2026-07-02,2026-07-02 19:00:00+00:00,2026-07-02,1,put,732.0,13.279218653440477,0.01,744.8,3.8,0.0,0.006622720990668053,cc8181c8-da13-47a2-8e4c-b63a39417efc,Robinhood hourly last-trade replay; IV inverted from daily final trade
SPY,2026-07-02,2026-07-02 19:00:00+00:00,2026-07-02,1,put,734.0,11.421826059222223,0.01,744.8,3.8,0.0,0.007478923033989938,014d66a6-38c8-4fd4-9353-5ad09bb8930a,Robinhood hourly last-trade replay; IV inverted from daily final trade
SPY,2026-07-02,2026-07-02 19:00:00+00:00,2026-07-02,1,put,736.0,9.537254290580751,0.01,744.8,3.8,0.0,0.008641346067921517,3c0c4892-c42b-4320-b8d7-993a7acf27ef,Robinhood hourly last-trade replay; IV inverted from daily final trade
SPY,2026-07-02,2026-07-02 19:00:00+00:00,2026-07-02,1,put,738.0,8.368430583477021,0.02,744.8,3.8,0.0,0.01644225438111791,596cd98d-c69e-4c5e-abce-4d29f6e407e4,Robinhood hourly last-trade replay; IV inverted from daily final trade
SPY,2026-07-02,2026-07-02 19:00:00+00:00,2026-07-02,1,put,740.0,6.241675085723401,0.02,744.8,3.8,0.0,0.020526075678016346,7d3515ae-b9a9-4eae-9a8b-3daddc78f77f,Robinhood hourly last-trade replay; IV inverted from daily final trade
SPY,2026-07-02,2026-07-02 19:00:00+00:00,2026-07-02,1,put,742.0,4.802791859731078,0.05,744.8,3.8,0.0,0.04744505288911662,00240b1f-8025-4fe7-a156-eddce283a645,Robinhood hourly last-trade replay; IV inverted from daily final trade
SPY,2026-07-02,2026-07-02 19:00:00+00:00,2026-07-02,1,put,744.0,5.731160337850451,0.52,744.8,3.8,0.0,0.14388519914299777,81d9b8ba-6ae9-47aa-886e-14fab5398988,Robinhood hourly last-trade replay; IV inverted from daily final trade
SPY,2026-07-02,2026-07-02 19:00:00+00:00,2026-07-02,1,put,746.0,9.654206509087235,2.13,744.8,3.8,0.0,0.1488839724163303,326a632e-08ae-4fe3-a9c2-01b4ec8248d0,Robinhood hourly last-trade replay; IV inverted from daily final trade
SPY,2026-07-02,2026-07-02 19:00:00+00:00,2026-07-02,1,put,748.0,15.051603685878213,4.23,744.8,3.8,0.0,0.1353596400922816,6a06bc95-991a-4fbb-96cd-a7075197664a,Robinhood hourly last-trade replay; IV inverted from daily final trade
SPY,2026-07-02,2026-07-02 19:00:00+00:00,2026-07-02,1,put,750.0,19.214225003868343,6.23,744.8,3.8,0.0,0.1237232508529823,b7f45160-287b-430f-9335-b84e4ed143d4,Robinhood hourly last-trade replay; IV inverted from daily final trade
SPY,2026-07-02,2026-07-02 19:00:00+00:00,2026-07-02,1,put,752.0,21.084136185757814,8.01,744.8,3.8,0.0,0.10774428093313007,3a71ccba-3d14-4396-a238-9f420cd01e4a,Robinhood hourly last-trade replay; IV inverted from daily final trade
SPY,2026-07-06,2026-07-06 19:00:00+00:00,2026-07-10,4,call,740.0,15.832625909838825,12.77,751.31,3.8,0.0,0.20009044173589108,7fccc537-c288-41fd-8350-a2983c258d62,Robinhood hourly last-trade replay; IV inverted from daily final trade
SPY,2026-07-06,2026-07-06 19:00:00+00:00,2026-07-10,4,call,742.0,13.027439699750396,10.56,751.31,3.8,0.0,0.1995035879469388,df4c3d9f-cc36-400c-b40e-ab01c5d25944,Robinhood hourly last-trade replay; IV inverted from daily final trade
SPY,2026-07-06,2026-07-06 19:00:00+00:00,2026-07-10,4,call,744.0,14.094264204539357,9.22,751.31,3.8,0.0,0.24588788348755827,f612ae5a-1d2a-40ea-bf37-5ec029264343,Robinhood hourly last-trade replay; IV inverted from daily final trade
SPY,2026-07-06,2026-07-06 19:00:00+00:00,2026-07-10,4,call,746.0,11.95274195138365,7.2,751.31,3.8,0.0,0.2610766726733212,c6ccadf0-dbee-42c2-b182-8428f4032db6,Robinhood hourly last-trade replay; IV inverted from daily final trade
SPY,2026-07-06,2026-07-06 19:00:00+00:00,2026-07-10,4,call,748.0,12.40722200330347,5.96,751.31,3.8,0.0,0.2920811343647596,ce096186-0b17-4b64-9762-f42e649ee45b,Robinhood hourly last-trade replay; IV inverted from daily final trade
SPY,2026-07-06,2026-07-06 19:00:00+00:00,2026-07-10,4,call,750.0,11.618267397964374,4.51,751.31,3.8,0.0,0.3085152204958518,f9de41fa-cff4-44b2-89fe-6112efee5cc7,Robinhood hourly last-trade replay; IV inverted from daily final trade
SPY,2026-07-06,2026-07-06 19:00:00+00:00,2026-07-10,4,call,752.0,11.200429034233093,3.33,751.31,3.8,0.0,0.3135573166506738,d282491c-1e92-4444-8a7e-98f7c5f28c66,Robinhood hourly last-trade replay; IV inverted from daily final trade
SPY,2026-07-06,2026-07-06 19:00:00+00:00,2026-07-10,4,call,754.0,10.67572819896974,2.3,751.31,3.8,0.0,0.301965684846787,c4743ab7-b971-42e3-a8be-520efe94183c,Robinhood hourly last-trade replay; IV inverted from daily final trade
SPY,2026-07-06,2026-07-06 19:00:00+00:00,2026-07-10,4,call,756.0,10.143297540936619,1.47,751.31,3.8,0.0,0.2709778212560829,b640148d-14aa-42e6-9fc9-f936f4ada602,Robinhood hourly last-trade replay; IV inverted from daily final trade
SPY,2026-07-06,2026-07-06 19:00:00+00:00,2026-07-10,4,call,758.0,9.427594181988386,0.81,751.31,3.8,0.0,0.21842942191102593,65fd00c6-3f67-4a49-94a6-84ec6a770855,Robinhood hourly last-trade replay; IV inverted from daily final trade
SPY,2026-07-06,2026-07-06 19:00:00+00:00,2026-07-10,4,call,760.0,9.131380854323508,0.44,751.31,3.8,0.0,0.16109575214061245,ddd8264e-8c1e-4bbf-985f-3e7a46b043ce,Robinhood hourly last-trade replay; IV inverted from daily final trade
SPY,2026-07-06,2026-07-06 19:00:00+00:00,2026-07-10,4,put,740.0,13.267473979350179,0.68,751.31,3.8,0.0,0.16588835630957774,591376fa-490d-4799-a576-405aac68f056,Robinhood hourly last-trade replay; IV inverted from daily final trade
SPY,2026-07-06,2026-07-06 19:00:00+00:00,2026-07-10,4,put,742.0,12.718008375149218,0.88,751.31,3.8,0.0,0.19516567256290812,4a56e5fd-5d93-495b-ae96-494b5d08f1e8,Robinhood hourly last-trade replay; IV inverted from daily final trade
SPY,2026-07-06,2026-07-06 19:00:00+00:00,2026-07-10,4,put,744.0,12.150251961406322,1.14,751.31,3.8,0.0,0.2264222874793794,c41622b8-afa0-4b39-b651-528b52e01ff7,Robinhood hourly last-trade replay; IV inverted from daily final trade
SPY,2026-07-06,2026-07-06 19:00:00+00:00,2026-07-10,4,put,746.0,11.530938561093063,1.47,751.31,3.8,0.0,0.2575979867738302,a69d5b8e-16e8-4135-84fa-719061b907bd,Robinhood hourly last-trade replay; IV inverted from daily final trade
SPY,2026-07-06,2026-07-06 19:00:00+00:00,2026-07-10,4,put,748.0,10.995944488942623,1.93,751.31,3.8,0.0,0.28661351839693555,b25b5636-6335-467d-84d8-9c7cbd8b6a9d,Robinhood hourly last-trade replay; IV inverted from daily final trade
SPY,2026-07-06,2026-07-06 19:00:00+00:00,2026-07-10,4,put,750.0,10.424152269540356,2.52,751.31,3.8,0.0,0.30733836073604,02a2bbdf-8242-497d-a122-8c435623b13b,Robinhood hourly last-trade replay; IV inverted from daily final trade
SPY,2026-07-06,2026-07-06 19:00:00+00:00,2026-07-10,4,put,752.0,10.030179500784726,3.34,751.31,3.8,0.0,0.3134875516260591,52b95bac-03e6-43ef-9ebc-960fdf1f2153,Robinhood hourly last-trade replay; IV inverted from daily final trade
SPY,2026-07-06,2026-07-06 19:00:00+00:00,2026-07-10,4,put,754.0,9.390200000209733,4.29,751.31,3.8,0.0,0.29846138164039504,53cdcc34-7ca6-4aa9-a056-e6f0cc415a6d,Robinhood hourly last-trade replay; IV inverted from daily final trade
SPY,2026-07-06,2026-07-06 19:00:00+00:00,2026-07-10,4,put,756.0,9.864469329724086,5.77,751.31,3.8,0.0,0.2686651726027753,f1a63a79-77f9-49b3-b218-6362a6b6e8d9,Robinhood hourly last-trade replay; IV inverted from daily final trade
SPY,2026-07-06,2026-07-06 19:00:00+00:00,2026-07-10,4,put,758.0,9.769258867539467,7.26,751.31,3.8,0.0,0.22399938398500763,cac35b19-a726-47c4-8cdf-9b09fb37e13a,Robinhood hourly last-trade replay; IV inverted from daily final trade
SPY,2026-07-06,2026-07-06 19:00:00+00:00,2026-07-10,4,put,760.0,7.704517037086188,8.61,751.31,3.8,0.0,0.12272771714141775,dbb09a9c-bc8a-487c-8279-a8fccece428f,Robinhood hourly last-trade replay; IV inverted from daily final trade
SPY,2026-07-07,2026-07-07 19:00:00+00:00,2026-07-10,3,call,740.0,12.800447400640692,8.76,747.69,3.8,0.0,0.17653127844038174,7fccc537-c288-41fd-8350-a2983c258d62,Robinhood hourly last-trade replay; IV inverted from daily final trade
SPY,2026-07-07,2026-07-07 19:00:00+00:00,2026-07-10,3,call,742.0,12.575151006020604,7.14,747.69,3.8,0.0,0.21119253511406927,df4c3d9f-cc36-400c-b40e-ab01c5d25944,Robinhood hourly last-trade replay; IV inverted from daily final trade
SPY,2026-07-07,2026-07-07 19:00:00+00:00,2026-07-10,3,call,744.0,12.046671404987574,5.58,747.69,3.8,0.0,0.2401779086855688,f612ae5a-1d2a-40ea-bf37-5ec029264343,Robinhood hourly last-trade replay; IV inverted from daily final trade
SPY,2026-07-07,2026-07-07 19:00:00+00:00,2026-07-10,3,call,746.0,11.722782517895103,4.22,747.69,3.8,0.0,0.26225959234704743,c6ccadf0-dbee-42c2-b182-8428f4032db6,Robinhood hourly last-trade replay; IV inverted from daily final trade
SPY,2026-07-07,2026-07-07 19:00:00+00:00,2026-07-10,3,call,748.0,11.122876560557636,2.97,747.69,3.8,0.0,0.2704208675772895,ce096186-0b17-4b64-9762-f42e649ee45b,Robinhood hourly last-trade replay; IV inverted from daily final trade
SPY,2026-07-07,2026-07-07 19:00:00+00:00,2026-07-10,3,call,750.0,10.749277462624011,1.99,747.69,3.8,0.0,0.2600567013929766,f9de41fa-cff4-44b2-89fe-6112efee5cc7,Robinhood hourly last-trade replay; IV inverted from daily final trade
SPY,2026-07-07,2026-07-07 19:00:00+00:00,2026-07-10,3,call,752.0,10.881788044888527,1.35,747.69,3.8,0.0,0.23297096345074583,d282491c-1e92-4444-8a7e-98f7c5f28c66,Robinhood hourly last-trade replay; IV inverted from daily final trade
SPY,2026-07-07,2026-07-07 19:00:00+00:00,2026-07-10,3,call,754.0,10.14753311129287,0.72,747.69,3.8,0.0,0.18442195889358856,c4743ab7-b971-42e3-a8be-520efe94183c,Robinhood hourly last-trade replay; IV inverted from daily final trade
SPY,2026-07-07,2026-07-07 19:00:00+00:00,2026-07-10,3,call,756.0,9.966699029766023,0.39,747.69,3.8,0.0,0.13413941374708252,b640148d-14aa-42e6-9fc9-f936f4ada602,Robinhood hourly last-trade replay; IV inverted from daily final trade
SPY,2026-07-07,2026-07-07 19:00:00+00:00,2026-07-10,3,call,758.0,9.76317000232637,0.19,747.69,3.8,0.0,0.086807015219736,65fd00c6-3f67-4a49-94a6-84ec6a770855,Robinhood hourly last-trade replay; IV inverted from daily final trade
SPY,2026-07-07,2026-07-07 19:00:00+00:00,2026-07-10,3,call,760.0,10.069066097140311,0.11,747.69,3.8,0.0,0.05847255938606727,ddd8264e-8c1e-4bbf-985f-3e7a46b043ce,Robinhood hourly last-trade replay; IV inverted from daily final trade
SPY,2026-07-07,2026-07-07 19:00:00+00:00,2026-07-10,3,put,740.0,14.218231004383416,1.1,747.69,3.8,0.0,0.19119572926486264,591376fa-490d-4799-a576-405aac68f056,Robinhood hourly last-trade replay; IV inverted from daily final trade
SPY,2026-07-07,2026-07-07 19:00:00+00:00,2026-07-10,3,put,742.0,14.104758137427268,1.55,747.69,3.8,0.0,0.22199620128793932,4a56e5fd-5d93-495b-ae96-494b5d08f1e8,Robinhood hourly last-trade replay; IV inverted from daily final trade
SPY,2026-07-07,2026-07-07 19:00:00+00:00,2026-07-10,3,put,744.0,13.332621484436096,1.97,747.69,3.8,0.0,0.2453457047448817,c41622b8-afa0-4b39-b651-528b52e01ff7,Robinhood hourly last-trade replay; IV inverted from daily final trade
SPY,2026-07-07,2026-07-07 19:00:00+00:00,2026-07-10,3,put,746.0,12.799062551669774,2.58,747.69,3.8,0.0,0.2635021808862804,a69d5b8e-16e8-4135-84fa-719061b907bd,Robinhood hourly last-trade replay; IV inverted from daily final trade
SPY,2026-07-07,2026-07-07 19:00:00+00:00,2026-07-10,3,put,748.0,12.356442655529829,3.38,747.69,3.8,0.0,0.2704226972463576,b25b5636-6335-467d-84d8-9c7cbd8b6a9d,Robinhood hourly last-trade replay; IV inverted from daily final trade
SPY,2026-07-07,2026-07-07 19:00:00+00:00,2026-07-10,3,put,750.0,12.257615474462511,4.46,747.69,3.8,0.0,0.26249776898312993,02a2bbdf-8242-497d-a122-8c435623b13b,Robinhood hourly last-trade replay; IV inverted from daily final trade
SPY,2026-07-07,2026-07-07 19:00:00+00:00,2026-07-10,3,put,752.0,12.002524803932754,5.69,747.69,3.8,0.0,0.23935158400637893,52b95bac-03e6-43ef-9ebc-960fdf1f2153,Robinhood hourly last-trade replay; IV inverted from daily final trade
SPY,2026-07-07,2026-07-07 19:00:00+00:00,2026-07-10,3,put,754.0,12.157848607711493,7.19,747.69,3.8,0.0,0.20738197707343517,53cdcc34-7ca6-4aa9-a056-e6f0cc415a6d,Robinhood hourly last-trade replay; IV inverted from daily final trade
SPY,2026-07-07,2026-07-07 19:00:00+00:00,2026-07-10,3,put,756.0,12.801668340116738,8.91,747.69,3.8,0.0,0.1771732030038821,f1a63a79-77f9-49b3-b218-6362a6b6e8d9,Robinhood hourly last-trade replay; IV inverted from daily final trade
SPY,2026-07-07,2026-07-07 19:00:00+00:00,2026-07-10,3,put,758.0,13.340690301842987,10.69,747.69,3.8,0.0,0.14759967452668504,cac35b19-a726-47c4-8cdf-9b09fb37e13a,Robinhood hourly last-trade replay; IV inverted from daily final trade
SPY,2026-07-07,2026-07-07 19:00:00+00:00,2026-07-10,3,put,760.0,14.204321979917587,12.57,747.69,3.8,0.0,0.12576473998746637,dbb09a9c-bc8a-487c-8279-a8fccece428f,Robinhood hourly last-trade replay; IV inverted from daily final trade
SPY,2026-07-08,2026-07-08 19:00:00+00:00,2026-07-10,2,call,740.0,16.227200766596948,6.96,745.34,3.8,0.0,0.181400713792581,7fccc537-c288-41fd-8350-a2983c258d62,Robinhood hourly last-trade replay; IV inverted from daily final trade
SPY,2026-07-08,2026-07-08 19:00:00+00:00,2026-07-10,2,call,742.0,15.239849084224552,5.38,745.34,3.8,0.0,0.20133627589583683,df4c3d9f-cc36-400c-b40e-ab01c5d25944,Robinhood hourly last-trade replay; IV inverted from daily final trade
SPY,2026-07-08,2026-07-08 19:00:00+00:00,2026-07-10,2,call,744.0,14.215796575862914,3.93,745.34,3.8,0.0,0.21591699399840053,f612ae5a-1d2a-40ea-bf37-5ec029264343,Robinhood hourly last-trade replay; IV inverted from daily final trade
SPY,2026-07-08,2026-07-08 19:00:00+00:00,2026-07-10,2,call,746.0,13.55960540181026,2.74,745.34,3.8,0.0,0.21967823124354718,c6ccadf0-dbee-42c2-b182-8428f4032db6,Robinhood hourly last-trade replay; IV inverted from daily final trade
SPY,2026-07-08,2026-07-08 19:00:00+00:00,2026-07-10,2,call,748.0,12.82429623214528,1.75,745.34,3.8,0.0,0.2071312004946382,ce096186-0b17-4b64-9762-f42e649ee45b,Robinhood hourly last-trade replay; IV inverted from daily final trade
SPY,2026-07-08,2026-07-08 19:00:00+00:00,2026-07-10,2,call,750.0,12.315666443463414,1.04,745.34,3.8,0.0,0.17746281212650963,f9de41fa-cff4-44b2-89fe-6112efee5cc7,Robinhood hourly last-trade replay; IV inverted from daily final trade
SPY,2026-07-08,2026-07-08 19:00:00+00:00,2026-07-10,2,call,752.0,11.797102435566483,0.55,745.34,3.8,0.0,0.13477209808239807,d282491c-1e92-4444-8a7e-98f7c5f28c66,Robinhood hourly last-trade replay; IV inverted from daily final trade
SPY,2026-07-08,2026-07-08 19:00:00+00:00,2026-07-10,2,call,754.0,11.378438470885156,0.26,745.34,3.8,0.0,0.08937533607961985,c4743ab7-b971-42e3-a8be-520efe94183c,Robinhood hourly last-trade replay; IV inverted from daily final trade
SPY,2026-07-08,2026-07-08 19:00:00+00:00,2026-07-10,2,call,756.0,11.251479391455653,0.12,745.34,3.8,0.0,0.0540448909361462,b640148d-14aa-42e6-9fc9-f936f4ada602,Robinhood hourly last-trade replay; IV inverted from daily final trade
SPY,2026-07-08,2026-07-08 19:00:00+00:00,2026-07-10,2,call,758.0,11.131773307174445,0.05,745.34,3.8,0.0,0.028926420614391303,65fd00c6-3f67-4a49-94a6-84ec6a770855,Robinhood hourly last-trade replay; IV inverted from daily final trade
SPY,2026-07-08,2026-07-08 19:00:00+00:00,2026-07-10,2,call,760.0,11.718085020780563,0.03,745.34,3.8,0.0,0.01884337183326938,ddd8264e-8c1e-4bbf-985f-3e7a46b043ce,Robinhood hourly last-trade replay; IV inverted from daily final trade
SPY,2026-07-08,2026-07-08 19:00:00+00:00,2026-07-10,2,put,740.0,15.750756842363625,1.38,745.34,3.8,0.0,0.17929999189306833,591376fa-490d-4799-a576-405aac68f056,Robinhood hourly last-trade replay; IV inverted from daily final trade
SPY,2026-07-08,2026-07-08 19:00:00+00:00,2026-07-10,2,put,742.0,14.913818198051306,1.82,745.34,3.8,0.0,0.20056572175169798,4a56e5fd-5d93-495b-ae96-494b5d08f1e8,Robinhood hourly last-trade replay; IV inverted from daily final trade
SPY,2026-07-08,2026-07-08 19:00:00+00:00,2026-07-10,2,put,744.0,14.28479316016659,2.45,745.34,3.8,0.0,0.21595483841671093,c41622b8-afa0-4b39-b651-528b52e01ff7,Robinhood hourly last-trade replay; IV inverted from daily final trade
SPY,2026-07-08,2026-07-08 19:00:00+00:00,2026-07-10,2,put,746.0,13.447237061336638,3.22,745.34,3.8,0.0,0.2196698937670834,a69d5b8e-16e8-4135-84fa-719061b907bd,Robinhood hourly last-trade replay; IV inverted from daily final trade
SPY,2026-07-08,2026-07-08 19:00:00+00:00,2026-07-10,2,put,748.0,12.755387190412726,4.24,745.34,3.8,0.0,0.20699118801961103,b25b5636-6335-467d-84d8-9c7cbd8b6a9d,Robinhood hourly last-trade replay; IV inverted from daily final trade
SPY,2026-07-08,2026-07-08 19:00:00+00:00,2026-07-10,2,put,750.0,12.40651514360681,5.56,745.34,3.8,0.0,0.17802910741453562,02a2bbdf-8242-497d-a122-8c435623b13b,Robinhood hourly last-trade replay; IV inverted from daily final trade
SPY,2026-07-08,2026-07-08 19:00:00+00:00,2026-07-10,2,put,752.0,9.015351558029653,6.73,745.34,3.8,0.0,0.09473550762218752,52b95bac-03e6-43ef-9ebc-960fdf1f2153,Robinhood hourly last-trade replay; IV inverted from daily final trade
SPY,2026-07-08,2026-07-08 19:00:00+00:00,2026-07-10,2,put,754.0,14.229951464571059,9.07,745.34,3.8,0.0,0.12395240425061455,53cdcc34-7ca6-4aa9-a056-e6f0cc415a6d,Robinhood hourly last-trade replay; IV inverted from daily final trade
SPY,2026-07-08,2026-07-08 19:00:00+00:00,2026-07-10,2,put,756.0,15.43640171378851,10.96,745.34,3.8,0.0,0.10472086607165414,f1a63a79-77f9-49b3-b218-6362a6b6e8d9,Robinhood hourly last-trade replay; IV inverted from daily final trade
SPY,2026-07-08,2026-07-08 19:00:00+00:00,2026-07-10,2,put,760.0,21.695801718048756,15.18,745.34,3.8,0.0,0.10818907821366754,dbb09a9c-bc8a-487c-8279-a8fccece428f,Robinhood hourly last-trade replay; IV inverted from daily final trade
SPY,2026-07-09,2026-07-09 19:00:00+00:00,2026-07-10,1,call,742.0,14.903185500875113,9.88,751.69,3.8,0.0,0.03824177249013723,df4c3d9f-cc36-400c-b40e-ab01c5d25944,Robinhood hourly last-trade replay; IV inverted from daily final trade
SPY,2026-07-09,2026-07-09 19:00:00+00:00,2026-07-10,1,call,748.0,8.810157359130681,4.01,751.69,3.8,0.0,0.08646792621930155,ce096186-0b17-4b64-9762-f42e649ee45b,Robinhood hourly last-trade replay; IV inverted from daily final trade
SPY,2026-07-09,2026-07-09 19:00:00+00:00,2026-07-10,1,call,750.0,9.66079920973629,2.56,751.69,3.8,0.0,0.14066799295879207,f9de41fa-cff4-44b2-89fe-6112efee5cc7,Robinhood hourly last-trade replay; IV inverted from daily final trade
SPY,2026-07-09,2026-07-09 19:00:00+00:00,2026-07-10,1,call,752.0,9.574021239150316,1.39,751.69,3.8,0.0,0.15669191134722582,d282491c-1e92-4444-8a7e-98f7c5f28c66,Robinhood hourly last-trade replay; IV inverted from daily final trade
SPY,2026-07-09,2026-07-09 19:00:00+00:00,2026-07-10,1,call,754.0,9.382827332504096,0.62,751.69,3.8,0.0,0.1310203019623536,c4743ab7-b971-42e3-a8be-520efe94183c,Robinhood hourly last-trade replay; IV inverted from daily final trade
SPY,2026-07-09,2026-07-09 19:00:00+00:00,2026-07-10,1,call,756.0,9.219901294596497,0.22,751.69,3.8,0.0,0.08002727439572854,b640148d-14aa-42e6-9fc9-f936f4ada602,Robinhood hourly last-trade replay; IV inverted from daily final trade
SPY,2026-07-09,2026-07-09 19:00:00+00:00,2026-07-10,1,call,758.0,9.356365262120963,0.07,751.69,3.8,0.0,0.038069659211676654,65fd00c6-3f67-4a49-94a6-84ec6a770855,Robinhood hourly last-trade replay; IV inverted from daily final trade
SPY,2026-07-09,2026-07-09 19:00:00+00:00,2026-07-10,1,call,760.0,10.160304082334044,0.03,751.69,3.8,0.0,0.019390646403755735,ddd8264e-8c1e-4bbf-985f-3e7a46b043ce,Robinhood hourly last-trade replay; IV inverted from daily final trade
SPY,2026-07-09,2026-07-09 19:00:00+00:00,2026-07-10,1,put,740.0,17.261869208663704,0.11,751.69,3.8,0.0,0.03389993012096085,591376fa-490d-4799-a576-405aac68f056,Robinhood hourly last-trade replay; IV inverted from daily final trade
SPY,2026-07-09,2026-07-09 19:00:00+00:00,2026-07-10,1,put,742.0,17.21362393893302,0.22,751.69,3.8,0.0,0.054375489803289934,4a56e5fd-5d93-495b-ae96-494b5d08f1e8,Robinhood hourly last-trade replay; IV inverted from daily final trade
SPY,2026-07-09,2026-07-09 19:00:00+00:00,2026-07-10,1,put,744.0,16.22844591997564,0.34,751.69,3.8,0.0,0.07393404966597267,c41622b8-afa0-4b39-b651-528b52e01ff7,Robinhood hourly last-trade replay; IV inverted from daily final trade
SPY,2026-07-09,2026-07-09 19:00:00+00:00,2026-07-10,1,put,746.0,15.126201132126155,0.52,751.69,3.8,0.0,0.09741081864438746,a69d5b8e-16e8-4135-84fa-719061b907bd,Robinhood hourly last-trade replay; IV inverted from daily final trade
SPY,2026-07-09,2026-07-09 19:00:00+00:00,2026-07-10,1,put,748.0,13.311625236924737,0.72,751.69,3.8,0.0,0.1207146567088018,b25b5636-6335-467d-84d8-9c7cbd8b6a9d,Robinhood hourly last-trade replay; IV inverted from daily final trade
SPY,2026-07-09,2026-07-09 19:00:00+00:00,2026-07-10,1,put,750.0,13.237090188041327,1.31,751.69,3.8,0.0,0.14798022226673016,02a2bbdf-8242-497d-a122-8c435623b13b,Robinhood hourly last-trade replay; IV inverted from daily final trade
SPY,2026-07-09,2026-07-09 19:00:00+00:00,2026-07-10,1,put,752.0,11.28571412459016,1.89,751.69,3.8,0.0,0.15677482026154047,52b95bac-03e6-43ef-9ebc-960fdf1f2153,Robinhood hourly last-trade replay; IV inverted from daily final trade
SPY,2026-07-09,2026-07-09 19:00:00+00:00,2026-07-10,1,put,754.0,13.486411430612206,3.42,751.69,3.8,0.0,0.14393069023115554,53cdcc34-7ca6-4aa9-a056-e6f0cc415a6d,Robinhood hourly last-trade replay; IV inverted from daily final trade
SPY,2026-07-09,2026-07-09 19:00:00+00:00,2026-07-10,1,put,756.0,14.953068002946676,5.05,751.69,3.8,0.0,0.12171027742336542,f1a63a79-77f9-49b3-b218-6362a6b6e8d9,Robinhood hourly last-trade replay; IV inverted from daily final trade
SPY,2026-07-09,2026-07-09 19:00:00+00:00,2026-07-10,1,put,758.0,14.223605559468268,6.61,751.69,3.8,0.0,0.0852324147349239,cac35b19-a726-47c4-8cdf-9b09fb37e13a,Robinhood hourly last-trade replay; IV inverted from daily final trade
SPY,2026-07-09,2026-07-09 19:00:00+00:00,2026-07-10,1,put,760.0,12.993554205596443,8.35,751.69,3.8,0.0,0.04379242951502477,dbb09a9c-bc8a-487c-8279-a8fccece428f,Robinhood hourly last-trade replay; IV inverted from daily final trade
SPY,2026-07-10,2026-07-10 19:00:00+00:00,2026-07-10,1,call,740.0,26.782984343618157,15.3,754.86,3.8,0.0,0.056483505375911375,7fccc537-c288-41fd-8350-a2983c258d62,Robinhood hourly last-trade replay; IV inverted from daily final trade
SPY,2026-07-10,2026-07-10 19:00:00+00:00,2026-07-10,1,call,744.0,21.29249309286475,11.31,754.86,3.8,0.0,0.06638057837255514,f612ae5a-1d2a-40ea-bf37-5ec029264343,Robinhood hourly last-trade replay; IV inverted from daily final trade
SPY,2026-07-10,2026-07-10 19:00:00+00:00,2026-07-10,1,call,746.0,18.351869212202736,9.31,754.86,3.8,0.0,0.07263984567935301,c6ccadf0-dbee-42c2-b182-8428f4032db6,Robinhood hourly last-trade replay; IV inverted from daily final trade
SPY,2026-07-10,2026-07-10 19:00:00+00:00,2026-07-10,1,call,748.0,15.43137453507632,7.32,754.86,3.8,0.0,0.08163057632136698,ce096186-0b17-4b64-9762-f42e649ee45b,Robinhood hourly last-trade replay; IV inverted from daily final trade
SPY,2026-07-10,2026-07-10 19:00:00+00:00,2026-07-10,1,call,754.0,1.4346529016643763,0.95,754.86,3.8,0.0,0.03993832720492656,c4743ab7-b971-42e3-a8be-520efe94183c,Robinhood hourly last-trade replay; IV inverted from daily final trade
SPY,2026-07-10,2026-07-10 19:00:00+00:00,2026-07-10,1,call,756.0,1.7749550895392892,0.02,754.86,3.8,0.0,0.050273464433984734,b640148d-14aa-42e6-9fc9-f936f4ada602,Robinhood hourly last-trade replay; IV inverted from daily final trade
SPY,2026-07-10,2026-07-10 19:00:00+00:00,2026-07-10,1,call,758.0,3.7139671617746353,0.01,754.86,3.8,0.0,0.018089094660954656,65fd00c6-3f67-4a49-94a6-84ec6a770855,Robinhood hourly last-trade replay; IV inverted from daily final trade
SPY,2026-07-10,2026-07-10 19:00:00+00:00,2026-07-10,1,call,760.0,5.710936141312123,0.01,754.86,3.8,0.0,0.013002712234344802,ddd8264e-8c1e-4bbf-985f-3e7a46b043ce,Robinhood hourly last-trade replay; IV inverted from daily final trade
SPY,2026-07-10,2026-07-10 19:00:00+00:00,2026-07-10,1,put,740.0,14.966979821324347,0.01,754.86,3.8,0.0,0.006025140445510807,591376fa-490d-4799-a576-405aac68f056,Robinhood hourly last-trade replay; IV inverted from daily final trade
SPY,2026-07-10,2026-07-10 19:00:00+00:00,2026-07-10,1,put,742.0,13.156286532282827,0.01,754.86,3.8,0.0,0.006689995119659711,4a56e5fd-5d93-495b-ae96-494b5d08f1e8,Robinhood hourly last-trade replay; IV inverted from daily final trade
SPY,2026-07-10,2026-07-10 19:00:00+00:00,2026-07-10,1,put,744.0,11.324791638255121,0.01,754.86,3.8,0.0,0.007550391795216252,c41622b8-afa0-4b39-b651-528b52e01ff7,Robinhood hourly last-trade replay; IV inverted from daily final trade
SPY,2026-07-10,2026-07-10 19:00:00+00:00,2026-07-10,1,put,746.0,9.466624199151994,0.01,754.86,3.8,0.0,0.008716522563171602,a69d5b8e-16e8-4135-84fa-719061b907bd,Robinhood hourly last-trade replay; IV inverted from daily final trade
SPY,2026-07-10,2026-07-10 19:00:00+00:00,2026-07-10,1,put,748.0,7.572798994481563,0.01,754.86,3.8,0.0,0.010406650595880102,b25b5636-6335-467d-84d8-9c7cbd8b6a9d,Robinhood hourly last-trade replay; IV inverted from daily final trade
SPY,2026-07-10,2026-07-10 19:00:00+00:00,2026-07-10,1,put,750.0,5.628012837767601,0.01,754.86,3.8,0.0,0.013131916588594644,02a2bbdf-8242-497d-a122-8c435623b13b,Robinhood hourly last-trade replay; IV inverted from daily final trade
SPY,2026-07-10,2026-07-10 19:00:00+00:00,2026-07-10,1,put,752.0,4.028591437190771,0.02,754.86,3.8,0.0,0.028441534318001577,52b95bac-03e6-43ef-9ebc-960fdf1f2153,Robinhood hourly last-trade replay; IV inverted from daily final trade
SPY,2026-07-10,2026-07-10 19:00:00+00:00,2026-07-10,1,put,754.0,1.616309324577451,0.02,754.86,3.8,0.0,0.053434729688357094,53cdcc34-7ca6-4aa9-a056-e6f0cc415a6d,Robinhood hourly last-trade replay; IV inverted from daily final trade
SPY,2026-07-10,2026-07-10 19:00:00+00:00,2026-07-10,1,put,756.0,3.26035322252661,1.21,754.86,3.8,0.0,0.11239705801386782,f1a63a79-77f9-49b3-b218-6362a6b6e8d9,Robinhood hourly last-trade replay; IV inverted from daily final trade
SPY,2026-07-13,2026-07-13 19:00:00+00:00,2026-07-17,4,call,738.0,18.450249367374926,13.15,749.1,3.8,0.0,0.22642137704883109,4961c18f-aa99-4f4e-9b99-e5dee74a2b4d,Robinhood hourly last-trade replay; IV inverted from daily final trade
SPY,2026-07-13,2026-07-13 19:00:00+00:00,2026-07-17,4,call,740.0,18.066864127554005,11.53,749.1,3.8,0.0,0.24865740728541058,e9fbd228-7bb8-4711-81bd-5238003a1270,Robinhood hourly last-trade replay; IV inverted from daily final trade
SPY,2026-07-13,2026-07-13 19:00:00+00:00,2026-07-17,4,call,742.0,17.37010861308314,9.9,749.1,3.8,0.0,0.2680863389679987,f76cfdeb-c2ec-4a20-8696-11fd89f757e1,Robinhood hourly last-trade replay; IV inverted from daily final trade
SPY,2026-07-13,2026-07-13 19:00:00+00:00,2026-07-17,4,call,744.0,16.659521372374147,8.34,749.1,3.8,0.0,0.2859159557359212,fe8e3ceb-0b3a-40ca-bb30-e73b368566bd,Robinhood hourly last-trade replay; IV inverted from daily final trade
SPY,2026-07-13,2026-07-13 19:00:00+00:00,2026-07-17,4,call,746.0,15.88820333555341,6.85,749.1,3.8,0.0,0.30059511509890824,25977dda-49cf-47cb-a25d-e9f337f29b1f,Robinhood hourly last-trade replay; IV inverted from daily final trade
SPY,2026-07-13,2026-07-13 19:00:00+00:00,2026-07-17,4,call,748.0,15.168438560087235,5.48,749.1,3.8,0.0,0.3103466698457419,21e61ec2-c43e-44bf-946d-f9ec21844366,Robinhood hourly last-trade replay; IV inverted from daily final trade
SPY,2026-07-13,2026-07-13 19:00:00+00:00,2026-07-17,4,call,750.0,14.75524041827768,4.33,749.1,3.8,0.0,0.3125582525827777,83725e8c-b543-4913-a296-002790fce162,Robinhood hourly last-trade replay; IV inverted from daily final trade
SPY,2026-07-13,2026-07-13 19:00:00+00:00,2026-07-17,4,call,752.0,14.181166038550437,3.27,749.1,3.8,0.0,0.3050424875366375,1405dd27-8cb8-4fd4-80ad-62ed8a5df3cc,Robinhood hourly last-trade replay; IV inverted from daily final trade
SPY,2026-07-13,2026-07-13 19:00:00+00:00,2026-07-17,4,call,754.0,13.561728774812075,2.35,749.1,3.8,0.0,0.2860976805723674,0c87b959-1840-4932-bc3c-b910d53bff1b,Robinhood hourly last-trade replay; IV inverted from daily final trade
SPY,2026-07-13,2026-07-13 19:00:00+00:00,2026-07-17,4,call,756.0,13.237556771319358,1.67,749.1,3.8,0.0,0.2573955409185573,0656e94c-9a51-4148-b9da-7d249519ea55,Robinhood hourly last-trade replay; IV inverted from daily final trade
SPY,2026-07-13,2026-07-13 19:00:00+00:00,2026-07-17,4,call,758.0,12.848107811491936,1.12,749.1,3.8,0.0,0.21976149498809822,2b50bb69-7c9d-4e3f-b1b0-22efa98dc9a0,Robinhood hourly last-trade replay; IV inverted from daily final trade
SPY,2026-07-13,2026-07-13 19:00:00+00:00,2026-07-17,4,put,738.0,16.79802210163325,1.38,749.1,3.8,0.0,0.2121446881885828,8f41ac2b-c84c-4879-8d8a-5ca5ca2dcc4e,Robinhood hourly last-trade replay; IV inverted from daily final trade
SPY,2026-07-13,2026-07-13 19:00:00+00:00,2026-07-17,4,put,740.0,16.414004506431517,1.72,749.1,3.8,0.0,0.23718788488377773,7b2ab330-82c0-46db-90c1-9160b440b170,Robinhood hourly last-trade replay; IV inverted from daily final trade
SPY,2026-07-13,2026-07-13 19:00:00+00:00,2026-07-17,4,put,742.0,15.852592135183514,2.09,749.1,3.8,0.0,0.26017236567482,8e54861c-b06f-45dd-9e02-be1ebbcebd1a,Robinhood hourly last-trade replay; IV inverted from daily final trade
SPY,2026-07-13,2026-07-13 19:00:00+00:00,2026-07-17,4,put,744.0,15.177312955409288,2.51,749.1,3.8,0.0,0.28090413489471616,cc2e7396-52ed-4082-88be-91e64c7e73d7,Robinhood hourly last-trade replay; IV inverted from daily final trade
SPY,2026-07-13,2026-07-13 19:00:00+00:00,2026-07-17,4,put,746.0,14.621913082450629,3.06,749.1,3.8,0.0,0.29855922830850457,9c68e31e-5a09-42aa-b09c-5405ba546c4b,Robinhood hourly last-trade replay; IV inverted from daily final trade
SPY,2026-07-13,2026-07-13 19:00:00+00:00,2026-07-17,4,put,748.0,14.076905630249527,3.73,749.1,3.8,0.0,0.3099956063940937,a52e0b86-4e75-4e85-a6f6-f5073bd126be,Robinhood hourly last-trade replay; IV inverted from daily final trade
SPY,2026-07-13,2026-07-13 19:00:00+00:00,2026-07-17,4,put,750.0,13.482575389649721,4.52,749.1,3.8,0.0,0.31248015109086075,8d2c354c-bf76-40b2-afce-6785e4321305,Robinhood hourly last-trade replay; IV inverted from daily final trade
SPY,2026-07-13,2026-07-13 19:00:00+00:00,2026-07-17,4,put,752.0,12.975350938625635,5.49,749.1,3.8,0.0,0.30344833373531854,36f440ff-61c6-4370-bc63-b35313ab92f9,Robinhood hourly last-trade replay; IV inverted from daily final trade
SPY,2026-07-13,2026-07-13 19:00:00+00:00,2026-07-17,4,put,754.0,12.412231487240643,6.61,749.1,3.8,0.0,0.2810207408693874,7d34e39e-0116-416f-9223-81891b138a30,Robinhood hourly last-trade replay; IV inverted from daily final trade
SPY,2026-07-13,2026-07-13 19:00:00+00:00,2026-07-17,4,put,756.0,11.946575787942855,7.93,749.1,3.8,0.0,0.24596315334831167,40d496e1-d3de-40a4-962c-365282942c84,Robinhood hourly last-trade replay; IV inverted from daily final trade
SPY,2026-07-13,2026-07-13 19:00:00+00:00,2026-07-17,4,put,758.0,11.842466250881552,9.49,749.1,3.8,0.0,0.206234284911562,c494f011-a853-48fd-9c8e-e7efe43c17ba,Robinhood hourly last-trade replay; IV inverted from daily final trade
SPY,2026-07-14,2026-07-14 19:00:00+00:00,2026-07-17,3,call,738.0,18.691407730840147,14.92,751.85,3.8,0.0,0.14456278666302777,4961c18f-aa99-4f4e-9b99-e5dee74a2b4d,Robinhood hourly last-trade replay; IV inverted from daily final trade
SPY,2026-07-14,2026-07-14 19:00:00+00:00,2026-07-17,3,call,740.0,18.95132255582139,13.27,751.85,3.8,0.0,0.17293904806982285,e9fbd228-7bb8-4711-81bd-5238003a1270,Robinhood hourly last-trade replay; IV inverted from daily final trade
SPY,2026-07-14,2026-07-14 19:00:00+00:00,2026-07-17,3,call,742.0,16.45238261083141,11.19,751.85,3.8,0.0,0.1793206910292489,f76cfdeb-c2ec-4a20-8696-11fd89f757e1,Robinhood hourly last-trade replay; IV inverted from daily final trade
SPY,2026-07-14,2026-07-14 19:00:00+00:00,2026-07-17,3,call,744.0,16.401417933572084,9.6,751.85,3.8,0.0,0.20766814040536682,fe8e3ceb-0b3a-40ca-bb30-e73b368566bd,Robinhood hourly last-trade replay; IV inverted from daily final trade
SPY,2026-07-14,2026-07-14 19:00:00+00:00,2026-07-17,3,call,746.0,14.386749522499741,7.67,751.85,3.8,0.0,0.22307298450060262,25977dda-49cf-47cb-a25d-e9f337f29b1f,Robinhood hourly last-trade replay; IV inverted from daily final trade
SPY,2026-07-14,2026-07-14 19:00:00+00:00,2026-07-17,3,call,748.0,14.873887609969824,6.4,751.85,3.8,0.0,0.2499435151710393,21e61ec2-c43e-44bf-946d-f9ec21844366,Robinhood hourly last-trade replay; IV inverted from daily final trade
SPY,2026-07-14,2026-07-14 19:00:00+00:00,2026-07-17,3,call,750.0,13.983531233798711,4.93,751.85,3.8,0.0,0.26511379990543676,83725e8c-b543-4913-a296-002790fce162,Robinhood hourly last-trade replay; IV inverted from daily final trade
SPY,2026-07-14,2026-07-14 19:00:00+00:00,2026-07-17,3,call,752.0,12.935807772986589,3.56,751.85,3.8,0.0,0.2718963591079544,1405dd27-8cb8-4fd4-80ad-62ed8a5df3cc,Robinhood hourly last-trade replay; IV inverted from daily final trade
SPY,2026-07-14,2026-07-14 19:00:00+00:00,2026-07-17,3,call,754.0,12.494385068072004,2.53,751.85,3.8,0.0,0.2654939794333259,0c87b959-1840-4932-bc3c-b910d53bff1b,Robinhood hourly last-trade replay; IV inverted from daily final trade
SPY,2026-07-14,2026-07-14 19:00:00+00:00,2026-07-17,3,call,756.0,11.253048638608309,1.5,751.85,3.8,0.0,0.23951431037201434,0656e94c-9a51-4148-b9da-7d249519ea55,Robinhood hourly last-trade replay; IV inverted from daily final trade
SPY,2026-07-14,2026-07-14 19:00:00+00:00,2026-07-17,3,call,758.0,11.355345858186482,1.0,751.85,3.8,0.0,0.20436114887804618,2b50bb69-7c9d-4e3f-b1b0-22efa98dc9a0,Robinhood hourly last-trade replay; IV inverted from daily final trade
SPY,2026-07-14,2026-07-14 19:00:00+00:00,2026-07-17,3,put,738.0,16.27053899582475,0.52,751.85,3.8,0.0,0.11848089512458565,8f41ac2b-c84c-4879-8d8a-5ca5ca2dcc4e,Robinhood hourly last-trade replay; IV inverted from daily final trade
SPY,2026-07-14,2026-07-14 19:00:00+00:00,2026-07-17,3,put,740.0,15.447936844490467,0.64,751.85,3.8,0.0,0.13817129773519843,7b2ab330-82c0-46db-90c1-9160b440b170,Robinhood hourly last-trade replay; IV inverted from daily final trade
SPY,2026-07-14,2026-07-14 19:00:00+00:00,2026-07-17,3,put,742.0,14.768543163873257,0.82,751.85,3.8,0.0,0.16246430769864023,8e54861c-b06f-45dd-9e02-be1ebbcebd1a,Robinhood hourly last-trade replay; IV inverted from daily final trade
SPY,2026-07-14,2026-07-14 19:00:00+00:00,2026-07-17,3,put,744.0,14.154200132731344,1.07,751.85,3.8,0.0,0.18969306807725797,cc2e7396-52ed-4082-88be-91e64c7e73d7,Robinhood hourly last-trade replay; IV inverted from daily final trade
SPY,2026-07-14,2026-07-14 19:00:00+00:00,2026-07-17,3,put,746.0,13.538055028449744,1.4,751.85,3.8,0.0,0.21754828033476428,9c68e31e-5a09-42aa-b09c-5405ba546c4b,Robinhood hourly last-trade replay; IV inverted from daily final trade
SPY,2026-07-14,2026-07-14 19:00:00+00:00,2026-07-17,3,put,748.0,12.697621200419963,1.78,751.85,3.8,0.0,0.24247238892493758,a52e0b86-4e75-4e85-a6f6-f5073bd126be,Robinhood hourly last-trade replay; IV inverted from daily final trade
SPY,2026-07-14,2026-07-14 19:00:00+00:00,2026-07-17,3,put,750.0,11.878185482509434,2.29,751.85,3.8,0.0,0.2626738675161299,8d2c354c-bf76-40b2-afce-6785e4321305,Robinhood hourly last-trade replay; IV inverted from daily final trade
SPY,2026-07-14,2026-07-14 19:00:00+00:00,2026-07-17,3,put,752.0,11.15143359917216,2.99,751.85,3.8,0.0,0.2718932096471393,36f440ff-61c6-4370-bc63-b35313ab92f9,Robinhood hourly last-trade replay; IV inverted from daily final trade
SPY,2026-07-14,2026-07-14 19:00:00+00:00,2026-07-17,3,put,754.0,10.737431276403367,3.98,751.85,3.8,0.0,0.26313658667547535,7d34e39e-0116-416f-9223-81891b138a30,Robinhood hourly last-trade replay; IV inverted from daily final trade
SPY,2026-07-14,2026-07-14 19:00:00+00:00,2026-07-17,3,put,756.0,9.832683460321277,5.08,751.85,3.8,0.0,0.23009613544413401,40d496e1-d3de-40a4-962c-365282942c84,Robinhood hourly last-trade replay; IV inverted from daily final trade
SPY,2026-07-14,2026-07-14 19:00:00+00:00,2026-07-17,3,put,758.0,9.192479049842806,6.5,751.85,3.8,0.0,0.1754942586533532,c494f011-a853-48fd-9c8e-e7efe43c17ba,Robinhood hourly last-trade replay; IV inverted from daily final trade
SPY,2026-07-15,2026-07-15 19:00:00+00:00,2026-07-17,2,call,742.0,12.010797576904295,13.0,754.78,3.8,0.0,0.03338573585855149,f76cfdeb-c2ec-4a20-8696-11fd89f757e1,Robinhood hourly last-trade replay; IV inverted from daily final trade
SPY,2026-07-15,2026-07-15 19:00:00+00:00,2026-07-17,2,call,744.0,11.737608876749873,11.06,754.78,3.8,0.0,0.05399159499494686,fe8e3ceb-0b3a-40ca-bb30-e73b368566bd,Robinhood hourly last-trade replay; IV inverted from daily final trade
SPY,2026-07-15,2026-07-15 19:00:00+00:00,2026-07-17,2,call,748.0,8.154573395252227,7.06,754.78,3.8,0.0,0.06889826992054295,21e61ec2-c43e-44bf-946d-f9ec21844366,Robinhood hourly last-trade replay; IV inverted from daily final trade
SPY,2026-07-15,2026-07-15 19:00:00+00:00,2026-07-17,2,call,750.0,9.317216969355941,5.41,754.78,3.8,0.0,0.1412999094160838,83725e8c-b543-4913-a296-002790fce162,Robinhood hourly last-trade replay; IV inverted from daily final trade
SPY,2026-07-15,2026-07-15 19:00:00+00:00,2026-07-17,2,call,752.0,9.403941855616871,3.88,754.78,3.8,0.0,0.1901747638906814,1405dd27-8cb8-4fd4-80ad-62ed8a5df3cc,Robinhood hourly last-trade replay; IV inverted from daily final trade
SPY,2026-07-15,2026-07-15 19:00:00+00:00,2026-07-17,2,call,754.0,9.282910525817424,2.57,754.78,3.8,0.0,0.2191446104050275,0c87b959-1840-4932-bc3c-b910d53bff1b,Robinhood hourly last-trade replay; IV inverted from daily final trade
SPY,2026-07-15,2026-07-15 19:00:00+00:00,2026-07-17,2,call,756.0,10.322274602390827,1.81,754.78,3.8,0.0,0.21930069401594274,0656e94c-9a51-4148-b9da-7d249519ea55,Robinhood hourly last-trade replay; IV inverted from daily final trade
SPY,2026-07-15,2026-07-15 19:00:00+00:00,2026-07-17,2,call,758.0,9.004175910651686,0.84,754.78,3.8,0.0,0.1857146867439462,2b50bb69-7c9d-4e3f-b1b0-22efa98dc9a0,Robinhood hourly last-trade replay; IV inverted from daily final trade
SPY,2026-07-15,2026-07-15 19:00:00+00:00,2026-07-17,2,put,738.0,17.98972422152758,0.18,754.78,3.8,0.0,0.05160505530363227,8f41ac2b-c84c-4879-8d8a-5ca5ca2dcc4e,Robinhood hourly last-trade replay; IV inverted from daily final trade
SPY,2026-07-15,2026-07-15 19:00:00+00:00,2026-07-17,2,put,740.0,16.923174451403327,0.22,754.78,3.8,0.0,0.061819021180028334,7b2ab330-82c0-46db-90c1-9160b440b170,Robinhood hourly last-trade replay; IV inverted from daily final trade
SPY,2026-07-15,2026-07-15 19:00:00+00:00,2026-07-17,2,put,742.0,16.198204618170863,0.3,754.78,3.8,0.0,0.07817490042543215,8e54861c-b06f-45dd-9e02-be1ebbcebd1a,Robinhood hourly last-trade replay; IV inverted from daily final trade
SPY,2026-07-15,2026-07-15 19:00:00+00:00,2026-07-17,2,put,744.0,15.445446537733076,0.41,754.78,3.8,0.0,0.09798089849160212,cc2e7396-52ed-4082-88be-91e64c7e73d7,Robinhood hourly last-trade replay; IV inverted from daily final trade
SPY,2026-07-15,2026-07-15 19:00:00+00:00,2026-07-17,2,put,746.0,14.729344580695036,0.57,754.78,3.8,0.0,0.12202506740919543,9c68e31e-5a09-42aa-b09c-5405ba546c4b,Robinhood hourly last-trade replay; IV inverted from daily final trade
SPY,2026-07-15,2026-07-15 19:00:00+00:00,2026-07-17,2,put,748.0,14.031995359957218,0.8,754.78,3.8,0.0,0.14947316286694826,a52e0b86-4e75-4e85-a6f6-f5073bd126be,Robinhood hourly last-trade replay; IV inverted from daily final trade
SPY,2026-07-15,2026-07-15 19:00:00+00:00,2026-07-17,2,put,750.0,13.414091953821483,1.14,754.78,3.8,0.0,0.17858855916659486,8d2c354c-bf76-40b2-afce-6785e4321305,Robinhood hourly last-trade replay; IV inverted from daily final trade
SPY,2026-07-15,2026-07-15 19:00:00+00:00,2026-07-17,2,put,752.0,12.766450150012968,1.61,754.78,3.8,0.0,0.2043140634620879,36f440ff-61c6-4370-bc63-b35313ab92f9,Robinhood hourly last-trade replay; IV inverted from daily final trade
SPY,2026-07-15,2026-07-15 19:00:00+00:00,2026-07-17,2,put,754.0,12.450186779648067,2.33,754.78,3.8,0.0,0.2207394040731087,7d34e39e-0116-416f-9223-81891b138a30,Robinhood hourly last-trade replay; IV inverted from daily final trade
SPY,2026-07-15,2026-07-15 19:00:00+00:00,2026-07-17,2,put,756.0,12.3113368114084,3.31,754.78,3.8,0.0,0.22040688679094042,40d496e1-d3de-40a4-962c-365282942c84,Robinhood hourly last-trade replay; IV inverted from daily final trade
SPY,2026-07-15,2026-07-15 19:00:00+00:00,2026-07-17,2,put,758.0,12.61810274410993,4.61,754.78,3.8,0.0,0.20331547487823898,c494f011-a853-48fd-9c8e-e7efe43c17ba,Robinhood hourly last-trade replay; IV inverted from daily final trade
SPY,2026-07-16,2026-07-16 19:00:00+00:00,2026-07-17,1,call,738.0,32.400075190477075,11.89,748.375,3.8,0.0,0.11001813755383727,4961c18f-aa99-4f4e-9b99-e5dee74a2b4d,Robinhood hourly last-trade replay; IV inverted from daily final trade
SPY,2026-07-16,2026-07-16 19:00:00+00:00,2026-07-17,1,call,740.0,21.526974938325587,9.14,748.375,3.8,0.0,0.09348994911824873,e9fbd228-7bb8-4711-81bd-5238003a1270,Robinhood hourly last-trade replay; IV inverted from daily final trade
SPY,2026-07-16,2026-07-16 19:00:00+00:00,2026-07-17,1,call,742.0,27.21643182717264,8.22,748.375,3.8,0.0,0.12934916082875905,f76cfdeb-c2ec-4a20-8696-11fd89f757e1,Robinhood hourly last-trade replay; IV inverted from daily final trade
SPY,2026-07-16,2026-07-16 19:00:00+00:00,2026-07-17,1,call,744.0,28.518726290911435,7.02,748.375,3.8,0.0,0.14383825222173666,fe8e3ceb-0b3a-40ca-bb30-e73b368566bd,Robinhood hourly last-trade replay; IV inverted from daily final trade
SPY,2026-07-16,2026-07-16 19:00:00+00:00,2026-07-17,1,call,746.0,25.73488091079518,5.36,748.375,3.8,0.0,0.15144813613271582,25977dda-49cf-47cb-a25d-e9f337f29b1f,Robinhood hourly last-trade replay; IV inverted from daily final trade
SPY,2026-07-16,2026-07-16 19:00:00+00:00,2026-07-17,1,call,748.0,25.921282327324153,4.28,748.375,3.8,0.0,0.15606634047523302,21e61ec2-c43e-44bf-946d-f9ec21844366,Robinhood hourly last-trade replay; IV inverted from daily final trade
SPY,2026-07-16,2026-07-16 19:00:00+00:00,2026-07-17,1,call,750.0,18.65623424332589,2.21,748.375,3.8,0.0,0.1529736171636898,83725e8c-b543-4913-a296-002790fce162,Robinhood hourly last-trade replay; IV inverted from daily final trade
SPY,2026-07-16,2026-07-16 19:00:00+00:00,2026-07-17,1,call,752.0,20.185841374732554,1.7,748.375,3.8,0.0,0.14171674574586954,1405dd27-8cb8-4fd4-80ad-62ed8a5df3cc,Robinhood hourly last-trade replay; IV inverted from daily final trade
SPY,2026-07-16,2026-07-16 19:00:00+00:00,2026-07-17,1,call,754.0,16.6187889315933,0.72,748.375,3.8,0.0,0.10939791195582009,0c87b959-1840-4932-bc3c-b910d53bff1b,Robinhood hourly last-trade replay; IV inverted from daily final trade
SPY,2026-07-16,2026-07-16 19:00:00+00:00,2026-07-17,1,call,756.0,14.829120760485528,0.27,748.375,3.8,0.0,0.06811515322267296,0656e94c-9a51-4148-b9da-7d249519ea55,Robinhood hourly last-trade replay; IV inverted from daily final trade
SPY,2026-07-16,2026-07-16 19:00:00+00:00,2026-07-17,1,call,758.0,15.165191103219986,0.14,748.375,3.8,0.0,0.04395000361635291,2b50bb69-7c9d-4e3f-b1b0-22efa98dc9a0,Robinhood hourly last-trade replay; IV inverted from daily final trade
SPY,2026-07-16,2026-07-16 19:00:00+00:00,2026-07-17,1,put,738.0,16.75139171294868,0.15,748.375,3.8,0.0,0.0428654131703955,8f41ac2b-c84c-4879-8d8a-5ca5ca2dcc4e,Robinhood hourly last-trade replay; IV inverted from daily final trade
SPY,2026-07-16,2026-07-16 19:00:00+00:00,2026-07-17,1,put,740.0,14.941912844255567,0.19,748.375,3.8,0.0,0.054129318089672245,7b2ab330-82c0-46db-90c1-9160b440b170,Robinhood hourly last-trade replay; IV inverted from daily final trade
SPY,2026-07-16,2026-07-16 19:00:00+00:00,2026-07-17,1,put,742.0,14.771525199115274,0.38,748.375,3.8,0.0,0.08310802899392686,8e54861c-b06f-45dd-9e02-be1ebbcebd1a,Robinhood hourly last-trade replay; IV inverted from daily final trade
SPY,2026-07-16,2026-07-16 19:00:00+00:00,2026-07-17,1,put,744.0,13.63162965524942,0.6,748.375,3.8,0.0,0.10982566155572261,cc2e7396-52ed-4082-88be-91e64c7e73d7,Robinhood hourly last-trade replay; IV inverted from daily final trade
SPY,2026-07-16,2026-07-16 19:00:00+00:00,2026-07-17,1,put,746.0,12.17679133001715,0.92,748.375,3.8,0.0,0.1366359830011536,9c68e31e-5a09-42aa-b09c-5405ba546c4b,Robinhood hourly last-trade replay; IV inverted from daily final trade
SPY,2026-07-16,2026-07-16 19:00:00+00:00,2026-07-17,1,put,748.0,10.410701912268996,1.41,748.375,3.8,0.0,0.1552638389915881,a52e0b86-4e75-4e85-a6f6-f5073bd126be,Robinhood hourly last-trade replay; IV inverted from daily final trade
SPY,2026-07-16,2026-07-16 19:00:00+00:00,2026-07-17,1,put,750.0,5.196595596820115,1.81,748.375,3.8,0.0,0.11726994505184964,8d2c354c-bf76-40b2-afce-6785e4321305,Robinhood hourly last-trade replay; IV inverted from daily final trade
SPY,2026-07-16,2026-07-16 19:00:00+00:00,2026-07-17,1,put,752.0,12.237551462203264,4.19,748.375,3.8,0.0,0.11928844754867197,36f440ff-61c6-4370-bc63-b35313ab92f9,Robinhood hourly last-trade replay; IV inverted from daily final trade
SPY,2026-07-16,2026-07-16 19:00:00+00:00,2026-07-17,1,put,756.0,10.770695590823887,7.61,748.375,3.8,0.0,0.032233981686766146,40d496e1-d3de-40a4-962c-365282942c84,Robinhood hourly last-trade replay; IV inverted from daily final trade
SPY,2026-07-17,2026-07-17 19:00:00+00:00,2026-07-17,1,call,738.0,17.24709500283003,6.08,743.18,3.8,0.0,0.1135138643266013,4961c18f-aa99-4f4e-9b99-e5dee74a2b4d,Robinhood hourly last-trade replay; IV inverted from daily final trade
SPY,2026-07-17,2026-07-17 19:00:00+00:00,2026-07-17,1,call,740.0,13.340828134827316,4.09,743.18,3.8,0.0,0.12705472958024505,e9fbd228-7bb8-4711-81bd-5238003a1270,Robinhood hourly last-trade replay; IV inverted from daily final trade
SPY,2026-07-17,2026-07-17 19:00:00+00:00,2026-07-17,1,call,744.0,2.4589102968946097,0.12,743.18,3.8,0.0,0.11490548850915845,fe8e3ceb-0b3a-40ca-bb30-e73b368566bd,Robinhood hourly last-trade replay; IV inverted from daily final trade
SPY,2026-07-17,2026-07-17 19:00:00+00:00,2026-07-17,1,call,746.0,4.814742351993917,0.06,743.18,3.8,0.0,0.05343566074620733,25977dda-49cf-47cb-a25d-e9f337f29b1f,Robinhood hourly last-trade replay; IV inverted from daily final trade
SPY,2026-07-17,2026-07-17 19:00:00+00:00,2026-07-17,1,call,748.0,6.06965952128172,0.02,743.18,3.8,0.0,0.02098209755859504,21e61ec2-c43e-44bf-946d-f9ec21844366,Robinhood hourly last-trade replay; IV inverted from daily final trade
SPY,2026-07-17,2026-07-17 19:00:00+00:00,2026-07-17,1,call,750.0,7.433669635057449,0.01,743.18,3.8,0.0,0.010545383436774863,83725e8c-b543-4913-a296-002790fce162,Robinhood hourly last-trade replay; IV inverted from daily final trade
SPY,2026-07-17,2026-07-17 19:00:00+00:00,2026-07-17,1,call,752.0,9.319314265847208,0.01,743.18,3.8,0.0,0.00881932176081749,1405dd27-8cb8-4fd4-80ad-62ed8a5df3cc,Robinhood hourly last-trade replay; IV inverted from daily final trade
SPY,2026-07-17,2026-07-17 19:00:00+00:00,2026-07-17,1,call,754.0,11.157991375923157,0.01,743.18,3.8,0.0,0.007639181935701536,0c87b959-1840-4932-bc3c-b910d53bff1b,Robinhood hourly last-trade replay; IV inverted from daily final trade
SPY,2026-07-17,2026-07-17 19:00:00+00:00,2026-07-17,1,call,756.0,12.959446129798888,0.01,743.18,3.8,0.0,0.006773936067143161,0656e94c-9a51-4148-b9da-7d249519ea55,Robinhood hourly last-trade replay; IV inverted from daily final trade
SPY,2026-07-17,2026-07-17 19:00:00+00:00,2026-07-17,1,call,758.0,14.730026295185091,0.01,743.18,3.8,0.0,0.0061085297269796324,2b50bb69-7c9d-4e3f-b1b0-22efa98dc9a0,Robinhood hourly last-trade replay; IV inverted from daily final trade
SPY,2026-07-17,2026-07-17 19:00:00+00:00,2026-07-17,1,put,738.0,6.666319884359837,0.02,743.18,3.8,0.0,0.01952602436771763,8f41ac2b-c84c-4879-8d8a-5ca5ca2dcc4e,Robinhood hourly last-trade replay; IV inverted from daily final trade
SPY,2026-07-17,2026-07-17 19:00:00+00:00,2026-07-17,1,put,740.0,4.791955206990242,0.03,743.18,3.8,0.0,0.033422508167864254,7b2ab330-82c0-46db-90c1-9160b440b170,Robinhood hourly last-trade replay; IV inverted from daily final trade
SPY,2026-07-17,2026-07-17 19:00:00+00:00,2026-07-17,1,put,742.0,2.838962399885058,0.07,743.18,3.8,0.0,0.08101712920667196,8e54861c-b06f-45dd-9e02-be1ebbcebd1a,Robinhood hourly last-trade replay; IV inverted from daily final trade
SPY,2026-07-17,2026-07-17 19:00:00+00:00,2026-07-17,1,put,750.0,11.011217873692512,6.85,743.18,3.8,0.0,0.04567616230672547,8d2c354c-bf76-40b2-afce-6785e4321305,Robinhood hourly last-trade replay; IV inverted from daily final trade
SPY,2026-07-20,2026-07-20 19:00:00+00:00,2026-07-24,4,call,732.0,19.399425969608124,12.56,742.1,3.8,0.0,0.24165474353523198,e8f66de0-8e8e-437c-a695-1c4303dcb440,Robinhood hourly last-trade replay; IV inverted from daily final trade
SPY,2026-07-20,2026-07-20 19:00:00+00:00,2026-07-24,4,call,734.0,18.798028063345697,10.94,742.1,3.8,0.0,0.2606136721669876,be267a39-e1cc-4a8a-b565-c5de708954b3,Robinhood hourly last-trade replay; IV inverted from daily final trade
SPY,2026-07-20,2026-07-20 19:00:00+00:00,2026-07-24,4,call,736.0,19.410276591908186,9.73,742.1,3.8,0.0,0.28171810103008854,46327438-aaa4-4ec4-98b3-e7d5e27d6f43,Robinhood hourly last-trade replay; IV inverted from daily final trade
SPY,2026-07-20,2026-07-20 19:00:00+00:00,2026-07-24,4,call,738.0,17.48473676258698,7.89,742.1,3.8,0.0,0.2930539278952871,8c4fb5ff-010f-481d-98ab-f372d8616e21,Robinhood hourly last-trade replay; IV inverted from daily final trade
SPY,2026-07-20,2026-07-20 19:00:00+00:00,2026-07-24,4,call,740.0,16.96180680178106,6.54,742.1,3.8,0.0,0.30426878457636286,1dd37701-682f-4b35-a470-89c5e509b275,Robinhood hourly last-trade replay; IV inverted from daily final trade
SPY,2026-07-20,2026-07-20 19:00:00+00:00,2026-07-24,4,call,742.0,16.40517201978713,5.29,742.1,3.8,0.0,0.3096682424631149,6da02809-c703-4785-9507-b1ec15418f42,Robinhood hourly last-trade replay; IV inverted from daily final trade
SPY,2026-07-20,2026-07-20 19:00:00+00:00,2026-07-24,4,call,744.0,15.774433848289773,4.14,742.1,3.8,0.0,0.30765027284228474,10a91c92-fc3a-4b20-95e1-42999e5f46ef,Robinhood hourly last-trade replay; IV inverted from daily final trade
SPY,2026-07-20,2026-07-20 19:00:00+00:00,2026-07-24,4,call,746.0,15.122621665401384,3.12,742.1,3.8,0.0,0.2965636395877602,c48a559b-a89e-4301-9c74-c24df70c22d3,Robinhood hourly last-trade replay; IV inverted from daily final trade
SPY,2026-07-20,2026-07-20 19:00:00+00:00,2026-07-24,4,call,748.0,14.548930982900783,2.27,742.1,3.8,0.0,0.2755377227118384,1a8d7f54-9805-4f01-92b0-fd53df655f9a,Robinhood hourly last-trade replay; IV inverted from daily final trade
SPY,2026-07-20,2026-07-20 19:00:00+00:00,2026-07-24,4,call,750.0,13.928356131389735,1.56,742.1,3.8,0.0,0.24420573360166395,ce374784-da35-4291-bdd7-4d52c1ed2855,Robinhood hourly last-trade replay; IV inverted from daily final trade
SPY,2026-07-20,2026-07-20 19:00:00+00:00,2026-07-24,4,call,752.0,13.33397187516093,1.01,742.1,3.8,0.0,0.2043680408292074,fb66ba0b-edf9-4114-b9a7-ee3231c03868,Robinhood hourly last-trade replay; IV inverted from daily final trade
SPY,2026-07-20,2026-07-20 19:00:00+00:00,2026-07-24,4,put,732.0,18.11457948533818,1.85,742.1,3.8,0.0,0.23322707387910127,a763768b-54f0-4be2-92b5-c2bf477cbd75,Robinhood hourly last-trade replay; IV inverted from daily final trade
SPY,2026-07-20,2026-07-20 19:00:00+00:00,2026-07-24,4,put,734.0,17.577576590571557,2.22,742.1,3.8,0.0,0.2544161505505556,ff5213d1-1fe8-4a96-a44c-9e43312c54bc,Robinhood hourly last-trade replay; IV inverted from daily final trade
SPY,2026-07-20,2026-07-20 19:00:00+00:00,2026-07-24,4,put,736.0,17.061172276530417,2.67,742.1,3.8,0.0,0.2742730211723073,bb8fc622-f6fe-4267-b934-3b314bfe1198,Robinhood hourly last-trade replay; IV inverted from daily final trade
SPY,2026-07-20,2026-07-20 19:00:00+00:00,2026-07-24,4,put,738.0,16.51695829529315,3.2,742.1,3.8,0.0,0.2911894536714289,35caabce-fd88-49dd-8fc8-766f50bdc45c,Robinhood hourly last-trade replay; IV inverted from daily final trade
SPY,2026-07-20,2026-07-20 19:00:00+00:00,2026-07-24,4,put,740.0,16.034424108890814,3.85,742.1,3.8,0.0,0.30366397018322233,c35bbf88-4258-48fe-9392-509861dc1094,Robinhood hourly last-trade replay; IV inverted from daily final trade
SPY,2026-07-20,2026-07-20 19:00:00+00:00,2026-07-24,4,put,742.0,15.465218120552603,4.59,742.1,3.8,0.0,0.3096495364226925,e899264a-2efd-432b-9b85-22b965c84ffe,Robinhood hourly last-trade replay; IV inverted from daily final trade
SPY,2026-07-20,2026-07-20 19:00:00+00:00,2026-07-24,4,put,744.0,15.090819032527506,5.52,742.1,3.8,0.0,0.30741177090565375,67f2dc0d-57b8-4e9f-9de3-b0bbec2a6526,Robinhood hourly last-trade replay; IV inverted from daily final trade
SPY,2026-07-20,2026-07-20 19:00:00+00:00,2026-07-24,4,put,746.0,14.48265334047377,6.52,742.1,3.8,0.0,0.2953227250965203,91563eab-7e96-44fa-8e62-bb5ffa92effd,Robinhood hourly last-trade replay; IV inverted from daily final trade
SPY,2026-07-20,2026-07-20 19:00:00+00:00,2026-07-24,4,put,748.0,13.823676636312154,7.66,742.1,3.8,0.0,0.27196208690074836,b5180f76-5ee1-4f6d-916e-161bfb98bf29,Robinhood hourly last-trade replay; IV inverted from daily final trade
SPY,2026-07-20,2026-07-20 19:00:00+00:00,2026-07-24,4,put,750.0,13.190597632341085,8.97,742.1,3.8,0.0,0.23746681429070346,def3fea6-3301-4cd2-a092-2dbb64f5ec65,Robinhood hourly last-trade replay; IV inverted from daily final trade
SPY,2026-07-20,2026-07-20 19:00:00+00:00,2026-07-24,4,put,752.0,13.735567832384255,10.68,742.1,3.8,0.0,0.2094076759441948,9632a0a0-ddc2-403c-81e1-6003aecf6f77,Robinhood hourly last-trade replay; IV inverted from daily final trade
SPY,2026-07-21,2026-07-21 19:00:00+00:00,2026-07-24,3,call,734.0,19.673474263306705,15.42,748.28,3.8,0.0,0.14669442477699707,be267a39-e1cc-4a8a-b565-c5de708954b3,Robinhood hourly last-trade replay; IV inverted from daily final trade
SPY,2026-07-21,2026-07-21 19:00:00+00:00,2026-07-24,3,call,736.0,18.76728851392865,13.58,748.28,3.8,0.0,0.16424822375860235,46327438-aaa4-4ec4-98b3-e7d5e27d6f43,Robinhood hourly last-trade replay; IV inverted from daily final trade
SPY,2026-07-21,2026-07-21 19:00:00+00:00,2026-07-24,3,call,738.0,17.15024498004466,11.65,748.28,3.8,0.0,0.17765066413932692,8c4fb5ff-010f-481d-98ab-f372d8616e21,Robinhood hourly last-trade replay; IV inverted from daily final trade
SPY,2026-07-21,2026-07-21 19:00:00+00:00,2026-07-24,3,call,740.0,16.924423329997808,10.02,748.28,3.8,0.0,0.2037946094793358,1dd37701-682f-4b35-a470-89c5e509b275,Robinhood hourly last-trade replay; IV inverted from daily final trade
SPY,2026-07-21,2026-07-21 19:00:00+00:00,2026-07-24,3,call,742.0,16.323817963395268,8.4,748.28,3.8,0.0,0.22632703012149225,6da02809-c703-4785-9507-b1ec15418f42,Robinhood hourly last-trade replay; IV inverted from daily final trade
SPY,2026-07-21,2026-07-21 19:00:00+00:00,2026-07-24,3,call,744.0,15.296787610659377,6.77,748.28,3.8,0.0,0.24533377907141612,10a91c92-fc3a-4b20-95e1-42999e5f46ef,Robinhood hourly last-trade replay; IV inverted from daily final trade
SPY,2026-07-21,2026-07-21 19:00:00+00:00,2026-07-24,3,call,746.0,14.608278792649507,5.33,748.28,3.8,0.0,0.26160052588465665,c48a559b-a89e-4301-9c74-c24df70c22d3,Robinhood hourly last-trade replay; IV inverted from daily final trade
SPY,2026-07-21,2026-07-21 19:00:00+00:00,2026-07-24,3,call,748.0,14.074261658340692,4.07,748.28,3.8,0.0,0.2701479837606034,1a8d7f54-9805-4f01-92b0-fd53df655f9a,Robinhood hourly last-trade replay; IV inverted from daily final trade
SPY,2026-07-21,2026-07-21 19:00:00+00:00,2026-07-24,3,call,750.0,12.817911212276663,2.78,748.28,3.8,0.0,0.26698357195973177,ce374784-da35-4291-bdd7-4d52c1ed2855,Robinhood hourly last-trade replay; IV inverted from daily final trade
SPY,2026-07-21,2026-07-21 19:00:00+00:00,2026-07-24,3,call,752.0,12.54258796347305,1.94,748.28,3.8,0.0,0.24953326412317506,fb66ba0b-edf9-4114-b9a7-ee3231c03868,Robinhood hourly last-trade replay; IV inverted from daily final trade
SPY,2026-07-21,2026-07-21 19:00:00+00:00,2026-07-24,3,put,732.0,18.319377880059186,0.51,748.28,3.8,0.0,0.10857427415692757,a763768b-54f0-4be2-92b5-c2bf477cbd75,Robinhood hourly last-trade replay; IV inverted from daily final trade
SPY,2026-07-21,2026-07-21 19:00:00+00:00,2026-07-24,3,put,734.0,17.700977157615128,0.64,748.28,3.8,0.0,0.12730373049433485,ff5213d1-1fe8-4a96-a44c-9e43312c54bc,Robinhood hourly last-trade replay; IV inverted from daily final trade
SPY,2026-07-21,2026-07-21 19:00:00+00:00,2026-07-24,3,put,736.0,17.0392680076696,0.8,748.28,3.8,0.0,0.14793312802161304,bb8fc622-f6fe-4267-b934-3b314bfe1198,Robinhood hourly last-trade replay; IV inverted from daily final trade
SPY,2026-07-21,2026-07-21 19:00:00+00:00,2026-07-24,3,put,738.0,16.407330782338974,1.01,748.28,3.8,0.0,0.17097109857244916,35caabce-fd88-49dd-8fc8-766f50bdc45c,Robinhood hourly last-trade replay; IV inverted from daily final trade
SPY,2026-07-21,2026-07-21 19:00:00+00:00,2026-07-24,3,put,740.0,15.727140836846083,1.27,748.28,3.8,0.0,0.19503730517240134,c35bbf88-4258-48fe-9392-509861dc1094,Robinhood hourly last-trade replay; IV inverted from daily final trade
SPY,2026-07-21,2026-07-21 19:00:00+00:00,2026-07-24,3,put,742.0,14.939567820914093,1.58,748.28,3.8,0.0,0.21880239154138756,e899264a-2efd-432b-9b85-22b965c84ffe,Robinhood hourly last-trade replay; IV inverted from daily final trade
SPY,2026-07-21,2026-07-21 19:00:00+00:00,2026-07-24,3,put,744.0,14.280443970728665,2.01,748.28,3.8,0.0,0.24191888354386162,67f2dc0d-57b8-4e9f-9de3-b0bbec2a6526,Robinhood hourly last-trade replay; IV inverted from daily final trade
SPY,2026-07-21,2026-07-21 19:00:00+00:00,2026-07-24,3,put,746.0,13.738616921510548,2.59,748.28,3.8,0.0,0.2605013161035742,91563eab-7e96-44fa-8e62-bb5ffa92effd,Robinhood hourly last-trade replay; IV inverted from daily final trade
SPY,2026-07-21,2026-07-21 19:00:00+00:00,2026-07-24,3,put,748.0,12.86582400649786,3.23,748.28,3.8,0.0,0.2700719787133543,b5180f76-5ee1-4f6d-916e-161bfb98bf29,Robinhood hourly last-trade replay; IV inverted from daily final trade
SPY,2026-07-21,2026-07-21 19:00:00+00:00,2026-07-24,3,put,750.0,12.346495398059487,4.14,748.28,3.8,0.0,0.26668136321542124,def3fea6-3301-4cd2-a092-2dbb64f5ec65,Robinhood hourly last-trade replay; IV inverted from daily final trade
SPY,2026-07-21,2026-07-21 19:00:00+00:00,2026-07-24,3,put,752.0,11.674954937985168,5.21,748.28,3.8,0.0,0.24634255797538526,9632a0a0-ddc2-403c-81e1-6003aecf6f77,Robinhood hourly last-trade replay; IV inverted from daily final trade
SPY,2026-07-22,2026-07-22 19:00:00+00:00,2026-07-24,2,call,732.0,24.517041745595634,16.31,747.33,3.8,0.0,0.11227591057506442,e8f66de0-8e8e-437c-a695-1c4303dcb440,Robinhood hourly last-trade replay; IV inverted from daily final trade
SPY,2026-07-22,2026-07-22 19:00:00+00:00,2026-07-24,2,call,734.0,26.301909976154565,14.84,747.33,3.8,0.0,0.14123405514550652,be267a39-e1cc-4a8a-b565-c5de708954b3,Robinhood hourly last-trade replay; IV inverted from daily final trade
SPY,2026-07-22,2026-07-22 19:00:00+00:00,2026-07-24,2,call,736.0,23.68771464845165,12.83,747.33,3.8,0.0,0.14827218042106335,46327438-aaa4-4ec4-98b3-e7d5e27d6f43,Robinhood hourly last-trade replay; IV inverted from daily final trade
SPY,2026-07-22,2026-07-22 19:00:00+00:00,2026-07-24,2,call,738.0,19.631179094500837,10.61,747.33,3.8,0.0,0.1490335002764226,8c4fb5ff-010f-481d-98ab-f372d8616e21,Robinhood hourly last-trade replay; IV inverted from daily final trade
SPY,2026-07-22,2026-07-22 19:00:00+00:00,2026-07-24,2,call,740.0,19.877571386154738,9.09,747.33,3.8,0.0,0.17377619929781343,1dd37701-682f-4b35-a470-89c5e509b275,Robinhood hourly last-trade replay; IV inverted from daily final trade
SPY,2026-07-22,2026-07-22 19:00:00+00:00,2026-07-24,2,call,742.0,18.47524277143181,7.38,747.33,3.8,0.0,0.19019108614329966,6da02809-c703-4785-9507-b1ec15418f42,Robinhood hourly last-trade replay; IV inverted from daily final trade
SPY,2026-07-22,2026-07-22 19:00:00+00:00,2026-07-24,2,call,744.0,17.821028755661107,5.91,747.33,3.8,0.0,0.20677879014542175,10a91c92-fc3a-4b20-95e1-42999e5f46ef,Robinhood hourly last-trade replay; IV inverted from daily final trade
SPY,2026-07-22,2026-07-22 19:00:00+00:00,2026-07-24,2,call,746.0,17.011753563825042,4.54,747.33,3.8,0.0,0.2177361198004313,c48a559b-a89e-4301-9c74-c24df70c22d3,Robinhood hourly last-trade replay; IV inverted from daily final trade
SPY,2026-07-22,2026-07-22 19:00:00+00:00,2026-07-24,2,call,748.0,14.13418361697346,2.87,747.33,3.8,0.0,0.220290501449591,1a8d7f54-9805-4f01-92b0-fd53df655f9a,Robinhood hourly last-trade replay; IV inverted from daily final trade
SPY,2026-07-22,2026-07-22 19:00:00+00:00,2026-07-24,2,call,750.0,13.287378738634288,1.85,747.33,3.8,0.0,0.2085463295361534,ce374784-da35-4291-bdd7-4d52c1ed2855,Robinhood hourly last-trade replay; IV inverted from daily final trade
SPY,2026-07-22,2026-07-22 19:00:00+00:00,2026-07-24,2,call,752.0,12.576344937682151,1.09,747.33,3.8,0.0,0.17957790337677154,fb66ba0b-edf9-4114-b9a7-ee3231c03868,Robinhood hourly last-trade replay; IV inverted from daily final trade
SPY,2026-07-22,2026-07-22 19:00:00+00:00,2026-07-24,2,put,732.0,18.676039353087546,0.29,747.33,3.8,0.0,0.06938998043855445,a763768b-54f0-4be2-92b5-c2bf477cbd75,Robinhood hourly last-trade replay; IV inverted from daily final trade
SPY,2026-07-22,2026-07-22 19:00:00+00:00,2026-07-24,2,put,734.0,17.889553168863056,0.38,747.33,3.8,0.0,0.08499401966425844,ff5213d1-1fe8-4a96-a44c-9e43312c54bc,Robinhood hourly last-trade replay; IV inverted from daily final trade
SPY,2026-07-22,2026-07-22 19:00:00+00:00,2026-07-24,2,put,736.0,17.17792705859989,0.51,747.33,3.8,0.0,0.10432546164292854,bb8fc622-f6fe-4267-b934-3b314bfe1198,Robinhood hourly last-trade replay; IV inverted from daily final trade
SPY,2026-07-22,2026-07-22 19:00:00+00:00,2026-07-24,2,put,738.0,16.482549408320335,0.69,747.33,3.8,0.0,0.12679070382284957,35caabce-fd88-49dd-8fc8-766f50bdc45c,Robinhood hourly last-trade replay; IV inverted from daily final trade
SPY,2026-07-22,2026-07-22 19:00:00+00:00,2026-07-24,2,put,740.0,15.67864132113755,0.92,747.33,3.8,0.0,0.1507600025475195,c35bbf88-4258-48fe-9392-509861dc1094,Robinhood hourly last-trade replay; IV inverted from daily final trade
SPY,2026-07-22,2026-07-22 19:00:00+00:00,2026-07-24,2,put,742.0,14.449973884932692,1.16,747.33,3.8,0.0,0.17346490353294997,e899264a-2efd-432b-9b85-22b965c84ffe,Robinhood hourly last-trade replay; IV inverted from daily final trade
SPY,2026-07-22,2026-07-22 19:00:00+00:00,2026-07-24,2,put,744.0,13.604813689365985,1.57,747.33,3.8,0.0,0.19769481545971843,67f2dc0d-57b8-4e9f-9de3-b0bbec2a6526,Robinhood hourly last-trade replay; IV inverted from daily final trade
SPY,2026-07-22,2026-07-22 19:00:00+00:00,2026-07-24,2,put,746.0,13.164290158413348,2.22,747.33,3.8,0.0,0.21592495633484274,91563eab-7e96-44fa-8e62-bb5ffa92effd,Robinhood hourly last-trade replay; IV inverted from daily final trade
SPY,2026-07-22,2026-07-22 19:00:00+00:00,2026-07-24,2,put,748.0,11.253370869774372,2.75,747.33,3.8,0.0,0.22001678719668033,b5180f76-5ee1-4f6d-916e-161bfb98bf29,Robinhood hourly last-trade replay; IV inverted from daily final trade
SPY,2026-07-22,2026-07-22 19:00:00+00:00,2026-07-24,2,put,750.0,11.036629433222117,3.9,747.33,3.8,0.0,0.203154893473813,def3fea6-3301-4cd2-a092-2dbb64f5ec65,Robinhood hourly last-trade replay; IV inverted from daily final trade
SPY,2026-07-22,2026-07-22 19:00:00+00:00,2026-07-24,2,put,752.0,8.430850299298765,4.93,747.33,3.8,0.0,0.13898198952873572,9632a0a0-ddc2-403c-81e1-6003aecf6f77,Robinhood hourly last-trade replay; IV inverted from daily final trade
SPY,2026-07-23,2026-07-23 19:00:00+00:00,2026-07-24,1,call,732.0,14.434041136987506,6.67,738.24,3.8,0.0,0.08039228728940215,e8f66de0-8e8e-437c-a695-1c4303dcb440,Robinhood hourly last-trade replay; IV inverted from daily final trade
SPY,2026-07-23,2026-07-23 19:00:00+00:00,2026-07-24,1,call,734.0,11.97149841289967,4.75,738.24,3.8,0.0,0.0992004864040791,be267a39-e1cc-4a8a-b565-c5de708954b3,Robinhood hourly last-trade replay; IV inverted from daily final trade
SPY,2026-07-23,2026-07-23 19:00:00+00:00,2026-07-24,1,call,736.0,12.353638499341905,3.28,738.24,3.8,0.0,0.13676474599555008,46327438-aaa4-4ec4-98b3-e7d5e27d6f43,Robinhood hourly last-trade replay; IV inverted from daily final trade
SPY,2026-07-23,2026-07-23 19:00:00+00:00,2026-07-24,1,call,738.0,14.196044550426304,2.35,738.24,3.8,0.0,0.15386516426248364,8c4fb5ff-010f-481d-98ab-f372d8616e21,Robinhood hourly last-trade replay; IV inverted from daily final trade
SPY,2026-07-23,2026-07-23 19:00:00+00:00,2026-07-24,1,call,740.0,14.863595770038664,1.55,738.24,3.8,0.0,0.147859825769093,1dd37701-682f-4b35-a470-89c5e509b275,Robinhood hourly last-trade replay; IV inverted from daily final trade
SPY,2026-07-23,2026-07-23 19:00:00+00:00,2026-07-24,1,call,742.0,14.70348599527031,0.89,738.24,3.8,0.0,0.12538845351739228,6da02809-c703-4785-9507-b1ec15418f42,Robinhood hourly last-trade replay; IV inverted from daily final trade
SPY,2026-07-23,2026-07-23 19:00:00+00:00,2026-07-24,1,call,744.0,14.505710563622412,0.46,738.24,3.8,0.0,0.092928003504024,10a91c92-fc3a-4b20-95e1-42999e5f46ef,Robinhood hourly last-trade replay; IV inverted from daily final trade
SPY,2026-07-23,2026-07-23 19:00:00+00:00,2026-07-24,1,call,746.0,14.606755179390314,0.23,738.24,3.8,0.0,0.061954097455953316,c48a559b-a89e-4301-9c74-c24df70c22d3,Robinhood hourly last-trade replay; IV inverted from daily final trade
SPY,2026-07-23,2026-07-23 19:00:00+00:00,2026-07-24,1,call,748.0,14.800596783161161,0.11,738.24,3.8,0.0,0.037713912507753175,1a8d7f54-9805-4f01-92b0-fd53df655f9a,Robinhood hourly last-trade replay; IV inverted from daily final trade
SPY,2026-07-23,2026-07-23 19:00:00+00:00,2026-07-24,1,call,750.0,15.46320091620088,0.06,738.24,3.8,0.0,0.023675871618309387,ce374784-da35-4291-bdd7-4d52c1ed2855,Robinhood hourly last-trade replay; IV inverted from daily final trade
SPY,2026-07-23,2026-07-23 19:00:00+00:00,2026-07-24,1,call,752.0,16.579223414659502,0.04,738.24,3.8,0.0,0.016580832098543056,fb66ba0b-edf9-4114-b9a7-ee3231c03868,Robinhood hourly last-trade replay; IV inverted from daily final trade
SPY,2026-07-23,2026-07-23 19:00:00+00:00,2026-07-24,1,put,732.0,22.787557229530066,1.21,738.24,3.8,0.0,0.11841163912160521,a763768b-54f0-4be2-92b5-c2bf477cbd75,Robinhood hourly last-trade replay; IV inverted from daily final trade
SPY,2026-07-23,2026-07-23 19:00:00+00:00,2026-07-24,1,put,734.0,22.498410636223852,1.72,738.24,3.8,0.0,0.1357800665105633,ff5213d1-1fe8-4a96-a44c-9e43312c54bc,Robinhood hourly last-trade replay; IV inverted from daily final trade
SPY,2026-07-23,2026-07-23 19:00:00+00:00,2026-07-24,1,put,736.0,22.248540855627507,2.39,738.24,3.8,0.0,0.14840699883319444,bb8fc622-f6fe-4267-b934-3b314bfe1198,Robinhood hourly last-trade replay; IV inverted from daily final trade
SPY,2026-07-23,2026-07-23 19:00:00+00:00,2026-07-24,1,put,738.0,22.229591614194206,3.27,738.24,3.8,0.0,0.15401573695424173,35caabce-fd88-49dd-8fc8-766f50bdc45c,Robinhood hourly last-trade replay; IV inverted from daily final trade
SPY,2026-07-23,2026-07-23 19:00:00+00:00,2026-07-24,1,put,740.0,22.44302226521075,4.37,738.24,3.8,0.0,0.15145685990746022,c35bbf88-4258-48fe-9392-509861dc1094,Robinhood hourly last-trade replay; IV inverted from daily final trade
SPY,2026-07-23,2026-07-23 19:00:00+00:00,2026-07-24,1,put,742.0,24.506080298125738,5.91,738.24,3.8,0.0,0.14333504695081248,e899264a-2efd-432b-9b85-22b965c84ffe,Robinhood hourly last-trade replay; IV inverted from daily final trade
SPY,2026-07-23,2026-07-23 19:00:00+00:00,2026-07-24,1,put,744.0,26.249455212578177,7.52,738.24,3.8,0.0,0.13242867026479838,67f2dc0d-57b8-4e9f-9de3-b0bbec2a6526,Robinhood hourly last-trade replay; IV inverted from daily final trade
SPY,2026-07-23,2026-07-23 19:00:00+00:00,2026-07-24,1,put,746.0,27.921045218706126,9.21,738.24,3.8,0.0,0.12056895349694219,91563eab-7e96-44fa-8e62-bb5ffa92effd,Robinhood hourly last-trade replay; IV inverted from daily final trade
SPY,2026-07-23,2026-07-23 19:00:00+00:00,2026-07-24,1,put,748.0,31.321418469026682,11.16,738.24,3.8,0.0,0.11313843086151579,b5180f76-5ee1-4f6d-916e-161bfb98bf29,Robinhood hourly last-trade replay; IV inverted from daily final trade
SPY,2026-07-23,2026-07-23 19:00:00+00:00,2026-07-24,1,put,750.0,35.718212439566855,13.24,738.24,3.8,0.0,0.10919850769716886,def3fea6-3301-4cd2-a092-2dbb64f5ec65,Robinhood hourly last-trade replay; IV inverted from daily final trade
SPY,2026-07-24,2026-07-24 19:00:00+00:00,2026-07-24,1,call,738.0,2.242594466246665,0.99,738.85,3.8,0.0,0.0870456211603127,8c4fb5ff-010f-481d-98ab-f372d8616e21,Robinhood hourly last-trade replay; IV inverted from daily final trade
SPY,2026-07-24,2026-07-24 19:00:00+00:00,2026-07-24,1,call,740.0,2.168661971017718,0.04,738.85,3.8,0.0,0.06819429071179893,1dd37701-682f-4b35-a470-89c5e509b275,Robinhood hourly last-trade replay; IV inverted from daily final trade
SPY,2026-07-24,2026-07-24 19:00:00+00:00,2026-07-24,1,call,742.0,4.253773281425238,0.02,738.85,3.8,0.0,0.02721175475417522,6da02809-c703-4785-9507-b1ec15418f42,Robinhood hourly last-trade replay; IV inverted from daily final trade
SPY,2026-07-24,2026-07-24 19:00:00+00:00,2026-07-24,1,call,744.0,5.845863457322119,0.01,738.85,3.8,0.0,0.012708349654239927,10a91c92-fc3a-4b20-95e1-42999e5f46ef,Robinhood hourly last-trade replay; IV inverted from daily final trade
SPY,2026-07-24,2026-07-24 19:00:00+00:00,2026-07-24,1,call,746.0,7.794240722060204,0.01,738.85,3.8,0.0,0.010146848421386608,c48a559b-a89e-4301-9c74-c24df70c22d3,Robinhood hourly last-trade replay; IV inverted from daily final trade
SPY,2026-07-24,2026-07-24 19:00:00+00:00,2026-07-24,1,call,748.0,9.682090680599215,0.01,738.85,3.8,0.0,0.00854527543469425,1a8d7f54-9805-4f01-92b0-fd53df655f9a,Robinhood hourly last-trade replay; IV inverted from daily final trade
SPY,2026-07-24,2026-07-24 19:00:00+00:00,2026-07-24,1,call,750.0,11.524642015099527,0.01,738.85,3.8,0.0,0.007435194385756056,ce374784-da35-4291-bdd7-4d52c1ed2855,Robinhood hourly last-trade replay; IV inverted from daily final trade
SPY,2026-07-24,2026-07-24 19:00:00+00:00,2026-07-24,1,call,752.0,13.33098425209522,0.01,738.85,3.8,0.0,0.006613956891962496,fb66ba0b-edf9-4114-b9a7-ee3231c03868,Robinhood hourly last-trade replay; IV inverted from daily final trade
SPY,2026-07-24,2026-07-24 19:00:00+00:00,2026-07-24,1,put,732.0,8.488166469484568,0.02,738.85,3.8,0.0,0.01623379672486535,a763768b-54f0-4be2-92b5-c2bf477cbd75,Robinhood hourly last-trade replay; IV inverted from daily final trade
SPY,2026-07-24,2026-07-24 19:00:00+00:00,2026-07-24,1,put,734.0,6.3460481818020344,0.02,738.85,3.8,0.0,0.02023178800990584,ff5213d1-1fe8-4a96-a44c-9e43312c54bc,Robinhood hourly last-trade replay; IV inverted from daily final trade
SPY,2026-07-24,2026-07-24 19:00:00+00:00,2026-07-24,1,put,736.0,4.679453690052032,0.04,738.85,3.8,0.0,0.04142791592578811,bb8fc622-f6fe-4267-b934-3b314bfe1198,Robinhood hourly last-trade replay; IV inverted from daily final trade
SPY,2026-07-24,2026-07-24 19:00:00+00:00,2026-07-24,1,put,738.0,4.449976672008633,0.32,738.85,3.8,0.0,0.1333477494140763,35caabce-fd88-49dd-8fc8-766f50bdc45c,Robinhood hourly last-trade replay; IV inverted from daily final trade
SPY,2026-07-24,2026-07-24 19:00:00+00:00,2026-07-24,1,put,740.0,11.21055975858122,2.32,738.85,3.8,0.0,0.14974506255927444,c35bbf88-4258-48fe-9392-509861dc1094,Robinhood hourly last-trade replay; IV inverted from daily final trade
SPY,2026-07-24,2026-07-24 19:00:00+00:00,2026-07-24,1,put,742.0,15.28123623168096,4.21,738.85,3.8,0.0,0.13513134070998636,e899264a-2efd-432b-9b85-22b965c84ffe,Robinhood hourly last-trade replay; IV inverted from daily final trade
SPY,2026-07-24,2026-07-24 19:00:00+00:00,2026-07-24,1,put,744.0,19.74935597769916,6.24,738.85,3.8,0.0,0.12435749961405433,67f2dc0d-57b8-4e9f-9de3-b0bbec2a6526,Robinhood hourly last-trade replay; IV inverted from daily final trade
SPY,2026-07-24,2026-07-24 19:00:00+00:00,2026-07-24,1,put,746.0,17.197983620427543,7.57,738.85,3.8,0.0,0.08854894323231031,91563eab-7e96-44fa-8e62-bb5ffa92effd,Robinhood hourly last-trade replay; IV inverted from daily final trade
SPY,2026-07-24,2026-07-24 19:00:00+00:00,2026-07-24,1,put,748.0,27.283386993221946,10.23,738.85,3.8,0.0,0.1077402334177805,b5180f76-5ee1-4f6d-916e-161bfb98bf29,Robinhood hourly last-trade replay; IV inverted from daily final trade
SPY,2026-07-24,2026-07-24 19:00:00+00:00,2026-07-24,1,put,750.0,23.55425786137581,11.58,738.85,3.8,0.0,0.07507205100242914,def3fea6-3301-4cd2-a092-2dbb64f5ec65,Robinhood hourly last-trade replay; IV inverted from daily final trade
SPY,2026-07-24,2026-07-24 19:00:00+00:00,2026-07-24,1,put,752.0,26.222793843150136,13.56,738.85,3.8,0.0,0.06880491473918406,9632a0a0-ddc2-403c-81e1-6003aecf6f77,Robinhood hourly last-trade replay; IV inverted from daily final trade
SPY,2026-07-27,2026-07-27 19:00:00+00:00,2026-07-31,4,call,730.0,21.316767530273644,12.23,739.02,3.8,0.0,0.2608364737136377,a91cd8b2-9c16-4fa0-82f2-005eb5bb022c,Robinhood hourly last-trade replay; IV inverted from daily final trade
SPY,2026-07-27,2026-07-27 19:00:00+00:00,2026-07-31,4,call,732.0,20.919039278347046,10.74,739.02,3.8,0.0,0.27690729827220134,df37b457-2d66-4490-a6ec-7e34d5c0c694,Robinhood hourly last-trade replay; IV inverted from daily final trade
SPY,2026-07-27,2026-07-27 19:00:00+00:00,2026-07-31,4,call,734.0,20.46004426488653,9.31,739.02,3.8,0.0,0.2904658847776693,d9a38a08-0709-4c3f-aad8-d748a3ae0f4e,Robinhood hourly last-trade replay; IV inverted from daily final trade
SPY,2026-07-27,2026-07-27 19:00:00+00:00,2026-07-31,4,call,736.0,20.64972945913672,8.16,739.02,3.8,0.0,0.30129202402594724,dfd219cf-a93d-487a-861a-07116359315d,Robinhood hourly last-trade replay; IV inverted from daily final trade
SPY,2026-07-27,2026-07-27 19:00:00+00:00,2026-07-31,4,call,738.0,20.053860704414546,6.87,739.02,3.8,0.0,0.30721571713586937,25201bc4-3787-4bef-929e-08fecf3fa234,Robinhood hourly last-trade replay; IV inverted from daily final trade
SPY,2026-07-27,2026-07-27 19:00:00+00:00,2026-07-31,4,call,740.0,18.94528444667347,5.52,739.02,3.8,0.0,0.3084394252975706,3060db92-6123-4e45-baa0-6e7a790b1803,Robinhood hourly last-trade replay; IV inverted from daily final trade
SPY,2026-07-27,2026-07-27 19:00:00+00:00,2026-07-31,4,call,742.0,18.81762688928284,4.58,739.02,3.8,0.0,0.3040384862644128,99338822-d1bb-47c5-82d1-77e4b1451ba4,Robinhood hourly last-trade replay; IV inverted from daily final trade
SPY,2026-07-27,2026-07-27 19:00:00+00:00,2026-07-31,4,call,744.0,17.80722683114931,3.49,739.02,3.8,0.0,0.29241562838548285,78356819-04f1-4c7c-b18c-e700caba3007,Robinhood hourly last-trade replay; IV inverted from daily final trade
SPY,2026-07-27,2026-07-27 19:00:00+00:00,2026-07-31,4,call,746.0,17.49857454230078,2.73,739.02,3.8,0.0,0.27488451216288134,893e4e96-1276-4214-8c69-40203ba27290,Robinhood hourly last-trade replay; IV inverted from daily final trade
SPY,2026-07-27,2026-07-27 19:00:00+00:00,2026-07-31,4,call,748.0,16.609076362717897,1.94,739.02,3.8,0.0,0.24790477305517133,afad9a9b-276c-47cf-af43-1ff903e57eae,Robinhood hourly last-trade replay; IV inverted from daily final trade
SPY,2026-07-27,2026-07-27 19:00:00+00:00,2026-07-31,4,call,750.0,16.151890872828666,1.39,739.02,3.8,0.0,0.2170403759520861,cfc8582b-c8ea-4c49-8ee4-2e40c7a1c1cd,Robinhood hourly last-trade replay; IV inverted from daily final trade
SPY,2026-07-27,2026-07-27 19:00:00+00:00,2026-07-31,4,put,730.0,21.86635141007602,3.05,739.02,3.8,0.0,0.2629397085875657,8e7d1f64-96bd-46e9-ac36-01890727e12b,Robinhood hourly last-trade replay; IV inverted from daily final trade
SPY,2026-07-27,2026-07-27 19:00:00+00:00,2026-07-31,4,put,732.0,20.683193538254116,3.35,739.02,3.8,0.0,0.27625145465750756,744f8202-acb2-4e67-926f-3a2c2070a35d,Robinhood hourly last-trade replay; IV inverted from daily final trade
SPY,2026-07-27,2026-07-27 19:00:00+00:00,2026-07-31,4,put,734.0,20.960635969191788,4.13,739.02,3.8,0.0,0.29124763142719573,68e76204-6eb6-476f-9917-0e00acb59098,Robinhood hourly last-trade replay; IV inverted from daily final trade
SPY,2026-07-27,2026-07-27 19:00:00+00:00,2026-07-31,4,put,736.0,20.50511192554608,4.79,739.02,3.8,0.0,0.3011994121790904,b628a3f4-196a-4be0-b340-433467afe4ed,Robinhood hourly last-trade replay; IV inverted from daily final trade
SPY,2026-07-27,2026-07-27 19:00:00+00:00,2026-07-31,4,put,738.0,19.13339620290324,5.26,739.02,3.8,0.0,0.3071062852374221,f889675a-4f8e-45c8-8cc6-24ac54b81de7,Robinhood hourly last-trade replay; IV inverted from daily final trade
SPY,2026-07-27,2026-07-27 19:00:00+00:00,2026-07-31,4,put,740.0,19.393010216709232,6.33,739.02,3.8,0.0,0.3084534787410236,847622ac-b5a7-43a1-93d6-569274887296,Robinhood hourly last-trade replay; IV inverted from daily final trade
SPY,2026-07-27,2026-07-27 19:00:00+00:00,2026-07-31,4,put,742.0,19.01142798133195,7.31,739.02,3.8,0.0,0.304141627773544,61d5cc23-3832-4bc0-87db-b2d0e7d3c953,Robinhood hourly last-trade replay; IV inverted from daily final trade
SPY,2026-07-27,2026-07-27 19:00:00+00:00,2026-07-31,4,put,744.0,17.223933007987217,7.99,739.02,3.8,0.0,0.2912686547885197,479db958-6b02-4e38-a915-1248775a20f1,Robinhood hourly last-trade replay; IV inverted from daily final trade
SPY,2026-07-27,2026-07-27 19:00:00+00:00,2026-07-31,4,put,746.0,17.75495739705861,9.47,739.02,3.8,0.0,0.27583369436355615,db322fb0-59da-4561-85ed-03f0327c2a4f,Robinhood hourly last-trade replay; IV inverted from daily final trade
SPY,2026-07-27,2026-07-27 19:00:00+00:00,2026-07-31,4,put,748.0,16.25003075158224,10.52,739.02,3.8,0.0,0.2454264552979506,df19e18c-b836-44bf-b735-784c765d0f4f,Robinhood hourly last-trade replay; IV inverted from daily final trade
SPY,2026-07-27,2026-07-27 19:00:00+00:00,2026-07-31,4,put,750.0,17.021574163958427,12.25,739.02,3.8,0.0,0.22494336132586976,cf49c6f6-8cab-4cef-9c59-00b246ac26fc,Robinhood hourly last-trade replay; IV inverted from daily final trade
SPY,2026-07-28,2026-07-28 19:00:00+00:00,2026-07-31,3,call,730.0,23.880798170808706,13.3,740.76,3.8,0.0,0.209540043956316,a91cd8b2-9c16-4fa0-82f2-005eb5bb022c,Robinhood hourly last-trade replay; IV inverted from daily final trade
SPY,2026-07-28,2026-07-28 19:00:00+00:00,2026-07-31,3,call,732.0,23.931516983825713,11.85,740.76,3.8,0.0,0.22728420645257905,df37b457-2d66-4490-a6ec-7e34d5c0c694,Robinhood hourly last-trade replay; IV inverted from daily final trade
SPY,2026-07-28,2026-07-28 19:00:00+00:00,2026-07-31,3,call,734.0,22.32983623987064,10.09,740.76,3.8,0.0,0.23894782359247135,d9a38a08-0709-4c3f-aad8-d748a3ae0f4e,Robinhood hourly last-trade replay; IV inverted from daily final trade
SPY,2026-07-28,2026-07-28 19:00:00+00:00,2026-07-31,3,call,736.0,21.868064078036692,8.67,740.76,3.8,0.0,0.25192696926777414,dfd219cf-a93d-487a-861a-07116359315d,Robinhood hourly last-trade replay; IV inverted from daily final trade
SPY,2026-07-28,2026-07-28 19:00:00+00:00,2026-07-31,3,call,738.0,21.28179054789245,7.31,740.76,3.8,0.0,0.26155192368589925,25201bc4-3787-4bef-929e-08fecf3fa234,Robinhood hourly last-trade replay; IV inverted from daily final trade
SPY,2026-07-28,2026-07-28 19:00:00+00:00,2026-07-31,3,call,740.0,20.431318194605417,5.98,740.76,3.8,0.0,0.267028730323787,3060db92-6123-4e45-baa0-6e7a790b1803,Robinhood hourly last-trade replay; IV inverted from daily final trade
SPY,2026-07-28,2026-07-28 19:00:00+00:00,2026-07-31,3,call,742.0,20.25111646845936,4.94,740.76,3.8,0.0,0.2673541457408807,99338822-d1bb-47c5-82d1-77e4b1451ba4,Robinhood hourly last-trade replay; IV inverted from daily final trade
SPY,2026-07-28,2026-07-28 19:00:00+00:00,2026-07-31,3,call,744.0,19.50763603795319,3.87,740.76,3.8,0.0,0.26149649517851525,78356819-04f1-4c7c-b18c-e700caba3007,Robinhood hourly last-trade replay; IV inverted from daily final trade
SPY,2026-07-28,2026-07-28 19:00:00+00:00,2026-07-31,3,call,746.0,18.15470099072904,2.78,740.76,3.8,0.0,0.24721389078372794,893e4e96-1276-4214-8c69-40203ba27290,Robinhood hourly last-trade replay; IV inverted from daily final trade
SPY,2026-07-28,2026-07-28 19:00:00+00:00,2026-07-31,3,call,748.0,17.662640030588957,2.05,740.76,3.8,0.0,0.22645427851095762,afad9a9b-276c-47cf-af43-1ff903e57eae,Robinhood hourly last-trade replay; IV inverted from daily final trade
SPY,2026-07-28,2026-07-28 19:00:00+00:00,2026-07-31,3,call,750.0,17.15170153941959,1.45,740.76,3.8,0.0,0.19928252892434753,cfc8582b-c8ea-4c49-8ee4-2e40c7a1c1cd,Robinhood hourly last-trade replay; IV inverted from daily final trade
SPY,2026-07-28,2026-07-28 19:00:00+00:00,2026-07-31,3,put,730.0,21.36815781343728,1.8,740.76,3.8,0.0,0.19747367563750373,8e7d1f64-96bd-46e9-ac36-01890727e12b,Robinhood hourly last-trade replay; IV inverted from daily final trade
SPY,2026-07-28,2026-07-28 19:00:00+00:00,2026-07-31,3,put,732.0,21.09392791546881,2.23,740.76,3.8,0.0,0.21718630244177642,744f8202-acb2-4e67-926f-3a2c2070a35d,Robinhood hourly last-trade replay; IV inverted from daily final trade
SPY,2026-07-28,2026-07-28 19:00:00+00:00,2026-07-31,3,put,734.0,20.594771350547667,2.69,740.76,3.8,0.0,0.23439320328669658,68e76204-6eb6-476f-9917-0e00acb59098,Robinhood hourly last-trade replay; IV inverted from daily final trade
SPY,2026-07-28,2026-07-28 19:00:00+00:00,2026-07-31,3,put,736.0,20.07188143581152,3.23,740.76,3.8,0.0,0.24920624724936996,b628a3f4-196a-4be0-b340-433467afe4ed,Robinhood hourly last-trade replay; IV inverted from daily final trade
SPY,2026-07-28,2026-07-28 19:00:00+00:00,2026-07-31,3,put,738.0,20.326737417746337,4.07,740.76,3.8,0.0,0.2610006871395598,f889675a-4f8e-45c8-8cc6-24ac54b81de7,Robinhood hourly last-trade replay; IV inverted from daily final trade
SPY,2026-07-28,2026-07-28 19:00:00+00:00,2026-07-31,3,put,740.0,19.53650739165023,4.75,740.76,3.8,0.0,0.26696436033195864,847622ac-b5a7-43a1-93d6-569274887296,Robinhood hourly last-trade replay; IV inverted from daily final trade
SPY,2026-07-28,2026-07-28 19:00:00+00:00,2026-07-31,3,put,742.0,17.900264095570886,5.32,740.76,3.8,0.0,0.267151300255201,61d5cc23-3832-4bc0-87db-b2d0e7d3c953,Robinhood hourly last-trade replay; IV inverted from daily final trade
SPY,2026-07-28,2026-07-28 19:00:00+00:00,2026-07-31,3,put,744.0,17.17555037092417,6.27,740.76,3.8,0.0,0.25951597200855875,479db958-6b02-4e38-a915-1248775a20f1,Robinhood hourly last-trade replay; IV inverted from daily final trade
SPY,2026-07-28,2026-07-28 19:00:00+00:00,2026-07-31,3,put,746.0,16.90499819224701,7.48,740.76,3.8,0.0,0.24406060234009974,db322fb0-59da-4561-85ed-03f0327c2a4f,Robinhood hourly last-trade replay; IV inverted from daily final trade
SPY,2026-07-28,2026-07-28 19:00:00+00:00,2026-07-31,3,put,748.0,16.15296187236905,8.72,740.76,3.8,0.0,0.21892652692941403,df19e18c-b836-44bf-b735-784c765d0f4f,Robinhood hourly last-trade replay; IV inverted from daily final trade
SPY,2026-07-28,2026-07-28 19:00:00+00:00,2026-07-31,3,put,750.0,16.461650947723538,10.32,740.76,3.8,0.0,0.19419815379861732,cf49c6f6-8cab-4cef-9c59-00b246ac26fc,Robinhood hourly last-trade replay; IV inverted from daily final trade
SPY,2026-07-29,2026-07-29 19:00:00+00:00,2026-07-31,2,call,730.0,42.153531103115526,8.93,729.54,3.8,0.0,0.21544023114576397,a91cd8b2-9c16-4fa0-82f2-005eb5bb022c,Robinhood hourly last-trade replay; IV inverted from daily final trade
SPY,2026-07-29,2026-07-29 19:00:00+00:00,2026-07-31,2,call,732.0,26.649074011519552,4.67,729.54,3.8,0.0,0.21302319491913924,df37b457-2d66-4490-a6ec-7e34d5c0c694,Robinhood hourly last-trade replay; IV inverted from daily final trade
SPY,2026-07-29,2026-07-29 19:00:00+00:00,2026-07-31,2,call,734.0,37.92352435665207,6.22,729.54,3.8,0.0,0.21135611813667787,d9a38a08-0709-4c3f-aad8-d748a3ae0f4e,Robinhood hourly last-trade replay; IV inverted from daily final trade
SPY,2026-07-29,2026-07-29 19:00:00+00:00,2026-07-31,2,call,736.0,25.151098618712272,2.86,729.54,3.8,0.0,0.1944289827454429,dfd219cf-a93d-487a-861a-07116359315d,Robinhood hourly last-trade replay; IV inverted from daily final trade
SPY,2026-07-29,2026-07-29 19:00:00+00:00,2026-07-31,2,call,738.0,24.46041287772357,2.15,729.54,3.8,0.0,0.17818524230883323,25201bc4-3787-4bef-929e-08fecf3fa234,Robinhood hourly last-trade replay; IV inverted from daily final trade
SPY,2026-07-29,2026-07-29 19:00:00+00:00,2026-07-31,2,call,740.0,22.862895062416786,1.42,729.54,3.8,0.0,0.15387602574586434,3060db92-6123-4e45-baa0-6e7a790b1803,Robinhood hourly last-trade replay; IV inverted from daily final trade
SPY,2026-07-29,2026-07-29 19:00:00+00:00,2026-07-31,2,call,742.0,22.481039023678743,1.01,729.54,3.8,0.0,0.13108638729670294,99338822-d1bb-47c5-82d1-77e4b1451ba4,Robinhood hourly last-trade replay; IV inverted from daily final trade
SPY,2026-07-29,2026-07-29 19:00:00+00:00,2026-07-31,2,call,744.0,22.51961456451565,0.74,729.54,3.8,0.0,0.11037281019042158,78356819-04f1-4c7c-b18c-e700caba3007,Robinhood hourly last-trade replay; IV inverted from daily final trade
SPY,2026-07-29,2026-07-29 19:00:00+00:00,2026-07-31,2,call,746.0,22.07348085857928,0.49,729.54,3.8,0.0,0.08724729477856583,893e4e96-1276-4214-8c69-40203ba27290,Robinhood hourly last-trade replay; IV inverted from daily final trade
SPY,2026-07-29,2026-07-29 19:00:00+00:00,2026-07-31,2,call,748.0,21.311402288228276,0.29,729.54,3.8,0.0,0.06351548779840682,afad9a9b-276c-47cf-af43-1ff903e57eae,Robinhood hourly last-trade replay; IV inverted from daily final trade
SPY,2026-07-29,2026-07-29 19:00:00+00:00,2026-07-31,2,call,750.0,21.24052260734141,0.19,729.54,3.8,0.0,0.047573925499977285,cfc8582b-c8ea-4c49-8ee4-2e40c7a1c1cd,Robinhood hourly last-trade replay; IV inverted from daily final trade
SPY,2026-07-29,2026-07-29 19:00:00+00:00,2026-07-31,2,put,730.0,20.438931604381654,4.56,729.54,3.8,0.0,0.21539615406221121,8e7d1f64-96bd-46e9-ac36-01890727e12b,Robinhood hourly last-trade replay; IV inverted from daily final trade
SPY,2026-07-29,2026-07-29 19:00:00+00:00,2026-07-31,2,put,732.0,22.566847506854682,6.11,729.54,3.8,0.0,0.2119518505688128,744f8202-acb2-4e67-926f-3a2c2070a35d,Robinhood hourly last-trade replay; IV inverted from daily final trade
SPY,2026-07-29,2026-07-29 19:00:00+00:00,2026-07-31,2,put,734.0,18.476101433672014,6.51,729.54,3.8,0.0,0.19695543290379267,68e76204-6eb6-476f-9917-0e00acb59098,Robinhood hourly last-trade replay; IV inverted from daily final trade
SPY,2026-07-29,2026-07-29 19:00:00+00:00,2026-07-31,2,put,738.0,19.906066493056713,9.68,729.54,3.8,0.0,0.161282204570375,f889675a-4f8e-45c8-8cc6-24ac54b81de7,Robinhood hourly last-trade replay; IV inverted from daily final trade
SPY,2026-07-29,2026-07-29 19:00:00+00:00,2026-07-31,2,put,740.0,11.577040900439023,10.44,729.54,3.8,0.0,0.056824505791520145,847622ac-b5a7-43a1-93d6-569274887296,Robinhood hourly last-trade replay; IV inverted from daily final trade
SPY,2026-07-29,2026-07-29 19:00:00+00:00,2026-07-31,2,put,744.0,10.819607674181459,14.32,729.54,3.8,0.0,0.011508315294155889,479db958-6b02-4e38-a915-1248775a20f1,Robinhood hourly last-trade replay; IV inverted from daily final trade
SPY,2026-07-29,2026-07-29 19:00:00+00:00,2026-07-31,2,put,748.0,13.498574260175229,18.32,729.54,3.8,0.0,0.010072624984272138,df19e18c-b836-44bf-b735-784c765d0f4f,Robinhood hourly last-trade replay; IV inverted from daily final trade
SPY,2026-07-30,2026-07-30 19:00:00+00:00,2026-07-31,1,call,730.0,21.60106016740203,12.08,741.71,3.8,0.0,0.05632369944459665,a91cd8b2-9c16-4fa0-82f2-005eb5bb022c,Robinhood hourly last-trade replay; IV inverted from daily final trade
SPY,2026-07-30,2026-07-30 19:00:00+00:00,2026-07-31,1,call,732.0,19.07289404191077,10.1,741.71,3.8,0.0,0.06349653418494274,df37b457-2d66-4490-a6ec-7e34d5c0c694,Robinhood hourly last-trade replay; IV inverted from daily final trade
SPY,2026-07-30,2026-07-30 19:00:00+00:00,2026-07-31,1,call,734.0,19.341076052039863,8.36,741.71,3.8,0.0,0.08947927404614404,d9a38a08-0709-4c3f-aad8-d748a3ae0f4e,Robinhood hourly last-trade replay; IV inverted from daily final trade
SPY,2026-07-30,2026-07-30 19:00:00+00:00,2026-07-31,1,call,736.0,18.56043659400195,6.64,741.71,3.8,0.0,0.11146828100113117,dfd219cf-a93d-487a-861a-07116359315d,Robinhood hourly last-trade replay; IV inverted from daily final trade
SPY,2026-07-30,2026-07-30 19:00:00+00:00,2026-07-31,1,call,738.0,18.03964211314917,5.08,741.71,3.8,0.0,0.13337373045100903,25201bc4-3787-4bef-929e-08fecf3fa234,Robinhood hourly last-trade replay; IV inverted from daily final trade
SPY,2026-07-30,2026-07-30 19:00:00+00:00,2026-07-31,1,call,740.0,17.205413563325997,3.65,741.71,3.8,0.0,0.14924153328999448,3060db92-6123-4e45-baa0-6e7a790b1803,Robinhood hourly last-trade replay; IV inverted from daily final trade
SPY,2026-07-30,2026-07-30 19:00:00+00:00,2026-07-31,1,call,742.0,17.139898193180557,2.55,741.71,3.8,0.0,0.15482238631373527,99338822-d1bb-47c5-82d1-77e4b1451ba4,Robinhood hourly last-trade replay; IV inverted from daily final trade
SPY,2026-07-30,2026-07-30 19:00:00+00:00,2026-07-31,1,call,744.0,15.99420993875712,1.53,741.71,3.8,0.0,0.14559708757325807,78356819-04f1-4c7c-b18c-e700caba3007,Robinhood hourly last-trade replay; IV inverted from daily final trade
SPY,2026-07-30,2026-07-30 19:00:00+00:00,2026-07-31,1,call,746.0,15.29314295265824,0.84,741.71,3.8,0.0,0.12093127065254816,893e4e96-1276-4214-8c69-40203ba27290,Robinhood hourly last-trade replay; IV inverted from daily final trade
SPY,2026-07-30,2026-07-30 19:00:00+00:00,2026-07-31,1,call,748.0,14.277904304862023,0.37,741.71,3.8,0.0,0.0834341482895132,afad9a9b-276c-47cf-af43-1ff903e57eae,Robinhood hourly last-trade replay; IV inverted from daily final trade
SPY,2026-07-30,2026-07-30 19:00:00+00:00,2026-07-31,1,call,750.0,13.813917502239347,0.15,741.71,3.8,0.0,0.048846003296878465,cfc8582b-c8ea-4c49-8ee4-2e40c7a1c1cd,Robinhood hourly last-trade replay; IV inverted from daily final trade
SPY,2026-07-30,2026-07-30 19:00:00+00:00,2026-07-31,1,put,730.0,21.881431083604696,0.31,741.71,3.8,0.0,0.057781387086059226,8e7d1f64-96bd-46e9-ac36-01890727e12b,Robinhood hourly last-trade replay; IV inverted from daily final trade
SPY,2026-07-30,2026-07-30 19:00:00+00:00,2026-07-31,1,put,732.0,21.311685404628516,0.47,741.71,3.8,0.0,0.07572873640822449,744f8202-acb2-4e67-926f-3a2c2070a35d,Robinhood hourly last-trade replay; IV inverted from daily final trade
SPY,2026-07-30,2026-07-30 19:00:00+00:00,2026-07-31,1,put,734.0,20.49434139538556,0.68,741.71,3.8,0.0,0.09495823286323389,68e76204-6eb6-476f-9917-0e00acb59098,Robinhood hourly last-trade replay; IV inverted from daily final trade
SPY,2026-07-30,2026-07-30 19:00:00+00:00,2026-07-31,1,put,736.0,19.58890534568578,0.97,741.71,3.8,0.0,0.1152344042903961,b628a3f4-196a-4be0-b340-433467afe4ed,Robinhood hourly last-trade replay; IV inverted from daily final trade
SPY,2026-07-30,2026-07-30 19:00:00+00:00,2026-07-31,1,put,738.0,18.538726036362355,1.36,741.71,3.8,0.0,0.13441864678526855,f889675a-4f8e-45c8-8cc6-24ac54b81de7,Robinhood hourly last-trade replay; IV inverted from daily final trade
SPY,2026-07-30,2026-07-30 19:00:00+00:00,2026-07-31,1,put,740.0,17.3195448621735,1.88,741.71,3.8,0.0,0.14931185857718496,847622ac-b5a7-43a1-93d6-569274887296,Robinhood hourly last-trade replay; IV inverted from daily final trade
SPY,2026-07-30,2026-07-30 19:00:00+00:00,2026-07-31,1,put,742.0,17.574229484181846,2.83,741.71,3.8,0.0,0.15482616849017333,61d5cc23-3832-4bc0-87db-b2d0e7d3c953,Robinhood hourly last-trade replay; IV inverted from daily final trade
SPY,2026-07-30,2026-07-30 19:00:00+00:00,2026-07-31,1,put,744.0,16.730179402921348,3.85,741.71,3.8,0.0,0.14639207444426613,479db958-6b02-4e38-a915-1248775a20f1,Robinhood hourly last-trade replay; IV inverted from daily final trade
SPY,2026-07-30,2026-07-30 19:00:00+00:00,2026-07-31,1,put,746.0,15.847759598996493,5.12,741.71,3.8,0.0,0.12303041000682771,db322fb0-59da-4561-85ed-03f0327c2a4f,Robinhood hourly last-trade replay; IV inverted from daily final trade
SPY,2026-07-30,2026-07-30 19:00:00+00:00,2026-07-31,1,put,748.0,15.724446574524045,6.71,741.71,3.8,0.0,0.09307127786878411,df19e18c-b836-44bf-b735-784c765d0f4f,Robinhood hourly last-trade replay; IV inverted from daily final trade
SPY,2026-07-30,2026-07-30 19:00:00+00:00,2026-07-31,1,put,750.0,13.774441390484569,8.36,741.71,3.8,0.0,0.048521993123905455,cf49c6f6-8cab-4cef-9c59-00b246ac26fc,Robinhood hourly last-trade replay; IV inverted from daily final trade
SPY,2026-07-31,2026-07-31 19:00:00+00:00,2026-07-31,1,call,730.0,23.25682918205857,18.17,748.02,3.8,0.0,0.020395469848258095,a91cd8b2-9c16-4fa0-82f2-005eb5bb022c,Robinhood hourly last-trade replay; IV inverted from daily final trade
SPY,2026-07-31,2026-07-31 19:00:00+00:00,2026-07-31,1,call,732.0,22.62004079446196,16.21,748.02,3.8,0.0,0.028571526003572056,df37b457-2d66-4490-a6ec-7e34d5c0c694,Robinhood hourly last-trade replay; IV inverted from daily final trade
SPY,2026-07-31,2026-07-31 19:00:00+00:00,2026-07-31,1,call,734.0,19.918566454648975,14.2,748.02,3.8,0.0,0.029274211604194918,d9a38a08-0709-4c3f-aad8-d748a3ae0f4e,Robinhood hourly last-trade replay; IV inverted from daily final trade
SPY,2026-07-31,2026-07-31 19:00:00+00:00,2026-07-31,1,call,736.0,11.154117151498793,12.1,748.02,3.8,0.0,0.003138874908657181,dfd219cf-a93d-487a-861a-07116359315d,Robinhood hourly last-trade replay; IV inverted from daily final trade
SPY,2026-07-31,2026-07-31 19:00:00+00:00,2026-07-31,1,call,740.0,12.644173666834831,8.2,748.02,3.8,0.0,0.04018579834634392,3060db92-6123-4e45-baa0-6e7a790b1803,Robinhood hourly last-trade replay; IV inverted from daily final trade
SPY,2026-07-31,2026-07-31 19:00:00+00:00,2026-07-31,1,call,744.0,7.413162322118879,4.2,748.02,3.8,0.0,0.057193422958728674,78356819-04f1-4c7c-b18c-e700caba3007,Robinhood hourly last-trade replay; IV inverted from daily final trade
SPY,2026-07-31,2026-07-31 19:00:00+00:00,2026-07-31,1,call,746.0,3.787238431200385,2.15,748.02,3.8,0.0,0.05718583326538523,893e4e96-1276-4214-8c69-40203ba27290,Robinhood hourly last-trade replay; IV inverted from daily final trade
SPY,2026-07-31,2026-07-31 19:00:00+00:00,2026-07-31,1,call,748.0,2.7485495499894013,0.48,748.02,3.8,0.0,0.1555435688009016,afad9a9b-276c-47cf-af43-1ff903e57eae,Robinhood hourly last-trade replay; IV inverted from daily final trade
SPY,2026-07-31,2026-07-31 19:00:00+00:00,2026-07-31,1,call,750.0,2.841245957165956,0.02,748.02,3.8,0.0,0.03640064728395657,cfc8582b-c8ea-4c49-8ee4-2e40c7a1c1cd,Robinhood hourly last-trade replay; IV inverted from daily final trade
SPY,2026-07-31,2026-07-31 19:00:00+00:00,2026-07-31,1,put,730.0,17.959162551164624,0.01,748.02,3.8,0.0,0.005183128381147378,8e7d1f64-96bd-46e9-ac36-01890727e12b,Robinhood hourly last-trade replay; IV inverted from daily final trade
SPY,2026-07-31,2026-07-31 19:00:00+00:00,2026-07-31,1,put,732.0,16.156664736866958,0.01,748.02,3.8,0.0,0.005651390383999076,744f8202-acb2-4e67-926f-3a2c2070a35d,Robinhood hourly last-trade replay; IV inverted from daily final trade
SPY,2026-07-31,2026-07-31 19:00:00+00:00,2026-07-31,1,put,734.0,14.339236257672308,0.01,748.02,3.8,0.0,0.006227973171329774,68e76204-6eb6-476f-9917-0e00acb59098,Robinhood hourly last-trade replay; IV inverted from daily final trade
SPY,2026-07-31,2026-07-31 19:00:00+00:00,2026-07-31,1,put,736.0,12.503449915051458,0.01,748.02,3.8,0.0,0.006958839778986347,b628a3f4-196a-4be0-b340-433467afe4ed,Robinhood hourly last-trade replay; IV inverted from daily final trade
SPY,2026-07-31,2026-07-31 19:00:00+00:00,2026-07-31,1,put,738.0,11.618875073790552,0.02,748.02,3.8,0.0,0.012776225317586471,f889675a-4f8e-45c8-8cc6-24ac54b81de7,Robinhood hourly last-trade replay; IV inverted from daily final trade
SPY,2026-07-31,2026-07-31 19:00:00+00:00,2026-07-31,1,put,740.0,8.755331495702269,0.01,748.02,3.8,0.0,0.009258794810839594,847622ac-b5a7-43a1-93d6-569274887296,Robinhood hourly last-trade replay; IV inverted from daily final trade
SPY,2026-07-31,2026-07-31 19:00:00+00:00,2026-07-31,1,put,742.0,7.515669085085392,0.02,748.02,3.8,0.0,0.017862755219346157,61d5cc23-3832-4bc0-87db-b2d0e7d3c953,Robinhood hourly last-trade replay; IV inverted from daily final trade
SPY,2026-07-31,2026-07-31 19:00:00+00:00,2026-07-31,1,put,744.0,5.365169061869382,0.02,748.02,3.8,0.0,0.023000709007187762,479db958-6b02-4e38-a915-1248775a20f1,Robinhood hourly last-trade replay; IV inverted from daily final trade
SPY,2026-07-31,2026-07-31 19:00:00+00:00,2026-07-31,1,put,746.0,3.3422725804150106,0.03,748.02,3.8,0.0,0.04300628216844912,db322fb0-59da-4561-85ed-03f0327c2a4f,Robinhood hourly last-trade replay; IV inverted from daily final trade
SPY,2026-07-31,2026-07-31 19:00:00+00:00,2026-07-31,1,put,748.0,2.6062425814941523,0.36,748.02,3.8,0.0,0.15547141643314016,df19e18c-b836-44bf-b735-784c765d0f4f,Robinhood hourly last-trade replay; IV inverted from daily final trade
SPY,2026-07-31,2026-07-31 19:00:00+00:00,2026-07-31,1,put,750.0,4.951865682713687,2.07,748.02,3.8,0.0,0.09678219201247068,cf49c6f6-8cab-4cef-9c59-00b246ac26fc,Robinhood hourly last-trade replay; IV inverted from daily final trade
